gene,log2FC,p_perm,empirical_p
ACLY,1.530941946483523,8.080155138978668e-05,0.00028951939779965256
ADGRE5,1.3393009481832499,8.080155138978668e-05,0.00028951939779965256
ARPC5L,0.9826350547169223,8.080155138978668e-05,0.00028951939779965256
DCUN1D1,0.9544218570683454,8.080155138978668e-05,0.00028951939779965256
TNFRSF18,3.1973625178421705,8.080155138978668e-05,0.00028951939779965256
TOP2B,1.5050688398541618,8.080155138978668e-05,0.00028951939779965256
ABHD17B,-1.4190173710168816,8.080155138978668e-05,0.00028951939779965256
MLH3,2.3176887222868756,0.00016160310277957336,0.0023161551823972205
TMEM45A,2.102386927237186,0.00016160310277957336,0.0023161551823972205
PPA1,1.5718722105384049,0.00016160310277957336,0.0023161551823972205
EIF4G1,1.450053466244645,0.00016160310277957336,0.0023161551823972205
UBE2Q2,1.0765469223019253,0.00016160310277957336,0.0023161551823972205
COL3A1,3.363285588726988,0.00016160310277957336,0.0023161551823972205
ITK,1.8118756477168614,0.00016160310277957336,0.0023161551823972205
BCAR1,2.102386927237186,0.00016160310277957336,0.0023161551823972205
CTNNA1,1.6282976440012256,0.00016160310277957336,0.0023161551823972205
STK40,2.394994448454326,0.00016160310277957336,0.0023161551823972205
HIST1H2BN,-1.637932389429684,0.00016160310277957336,0.0023161551823972205
AP2B1,1.4157530086211236,0.00016160310277957336,0.0023161551823972205
DIS3,1.289933846979729,0.00024240465416936006,0.005790387955993051
GARS,1.5963252542629454,0.00024240465416936006,0.005790387955993051
NARF,-1.213179735317628,0.00024240465416936006,0.005790387955993051
PBX2,1.934442289923114,0.00024240465416936006,0.005790387955993051
MED30,-1.1220834740324888,0.00024240465416936006,0.005790387955993051
LZIC,-1.070620158393406,0.0003232062055591467,0.007237984944991315
DNM1L,0.946720619701552,0.0003232062055591467,0.007237984944991315
LPP,1.5469975418993769,0.0003232062055591467,0.007237984944991315
SNHG9,1.3052534673555714,0.0003232062055591467,0.007237984944991315
CHD6,-1.2402128634315968,0.0003232062055591467,0.007237984944991315
RELA,2.0975005718771587,0.0003232062055591467,0.007237984944991315
CMSS1,1.686692612540265,0.0003232062055591467,0.007237984944991315
APOLD1,3.1861290180535984,0.0004040077569489334,0.009264620729588882
PHF6,1.392004405848515,0.0004040077569489334,0.009264620729588882
MAP7D1,2.0630525649389444,0.0004040077569489334,0.009264620729588882
PMPCB,-1.6121692933646028,0.0004040077569489334,0.009264620729588882
HYOU1,2.8256288027841876,0.0004848093083387201,0.010422698320787493
SLC26A2,1.6504056130850961,0.0004848093083387201,0.010422698320787493
TMX4,1.0413574938396266,0.0004848093083387201,0.010422698320787493
PNRC2,-0.8832017498618975,0.0004848093083387201,0.010422698320787493
ILF3-AS1,-1.2975436796514501,0.0004848093083387201,0.010422698320787493
TNIP1,1.8162909382048513,0.0004848093083387201,0.010422698320787493
PCNXL4,1.8145054243124799,0.0005656108597285068,0.012159814707585408
RAF1,1.5267843210098673,0.0005656108597285068,0.012159814707585408
NBEAL2,1.2690248572167502,0.0005656108597285068,0.012159814707585408
SCYL2,1.631169394222179,0.0005656108597285068,0.012159814707585408
TMF1,1.2574909247043926,0.0005656108597285068,0.012159814707585408
AMZ2,-0.8283344838146433,0.0006464124111182935,0.01360741169658367
PAICS,1.3545153790992566,0.0006464124111182935,0.01360741169658367
TMEM251,-1.2032648748802866,0.0006464124111182935,0.01360741169658367
PEA15,2.560731652933205,0.0007272139625080802,0.01447596988998263
FYN,1.9475354714831046,0.0007272139625080802,0.01447596988998263
SEPT1,-1.3827509958542161,0.0007272139625080802,0.01447596988998263
TAOK1,1.550577432175179,0.0008080155138978668,0.015344528083381586
ITGAM,0.7726543379191408,0.0008080155138978668,0.015344528083381586
CBX4,-1.2376392067501565,0.0008080155138978668,0.015344528083381586
RAD9A,-1.2354827115191995,0.0008888170652876535,0.016213086276780544
ATP8B4,5.128820335089965,0.0008888170652876535,0.016213086276780544
CASP2,1.9095676212840857,0.0008888170652876535,0.016213086276780544
ACTR1A,1.1392048172377713,0.0009696186166774402,0.017081644470179503
LY96,1.4060214706033527,0.0009696186166774402,0.017081644470179503
SDF2,-0.9490836777355302,0.0009696186166774402,0.017081644470179503
FHL1,1.1642142416251582,0.0009696186166774402,0.017081644470179503
AHSA2,-1.5204472858942788,0.0010504201680672268,0.01823972206137811
ENDOD1,1.4838757295405773,0.0010504201680672268,0.01823972206137811
IARS,2.560731652933205,0.0010504201680672268,0.01823972206137811
EXOC6B,1.3545153790992566,0.0012120232708468003,0.01910828025477707
RBM6,1.5718722105384075,0.0012120232708468003,0.01910828025477707
ABCC1,1.920676011417163,0.0012120232708468003,0.01910828025477707
HAUS6,1.7995395739155284,0.001292824822236587,0.019976838448176028
HMGA1,1.7178872341438602,0.001292824822236587,0.019976838448176028
GOLPH3,1.003138171609138,0.0013736263736263737,0.020555877243775333
MFI2,1.4006855605321817,0.0013736263736263737,0.020555877243775333
HSBP1L1,-1.0622942881835216,0.0014544279250161603,0.02113491603937464
SMAD2,1.3678583185168134,0.0014544279250161603,0.02113491603937464
TPM1,2.3439202638600567,0.0014544279250161603,0.02113491603937464
EXOSC4,1.5888452891421203,0.0014544279250161603,0.02113491603937464
SRA1,0.781880907419022,0.0014544279250161603,0.02113491603937464
USP3,1.166393539684406,0.0014544279250161603,0.02113491603937464
TSPYL4,-1.2074229283139277,0.001535229476405947,0.022872032426172553
C6orf106,1.6440219962942406,0.001535229476405947,0.022872032426172553
DENND4A,1.3422239731991579,0.001535229476405947,0.022872032426172553
NOC2L,-1.243026232187601,0.0016160310277957336,0.02374059061957151
CAMSAP1,1.154886439470041,0.0016968325791855204,0.024030110017371164
DOT1L,2.3024823096647893,0.0016968325791855204,0.024030110017371164
XIAP,1.1520843117061568,0.0016968325791855204,0.024030110017371164
UPP1,1.5950485329044997,0.0016968325791855204,0.024030110017371164
SLC25A38,-0.7459131821746471,0.0016968325791855204,0.024030110017371164
LMNB1,4.741797211980718,0.001777634130575307,0.025477707006369428
EBP,1.2838155382301824,0.001777634130575307,0.025477707006369428
TMEM120A,1.3777851584221024,0.001777634130575307,0.025477707006369428
HSPA1L,-2.2759092236778735,0.0018584356819650936,0.026346265199768383
ACER3,1.5282609793177906,0.0018584356819650936,0.026346265199768383
PRPF6,-0.7721760031471016,0.0019392372333548805,0.02692530399536769
DYRK1A,1.631169394222179,0.0019392372333548805,0.02692530399536769
UBA3,1.2159620162218088,0.0019392372333548805,0.02692530399536769
LARP1B,1.409397513581302,0.0019392372333548805,0.02692530399536769
HELZ,1.1094217687847814,0.0020200387847446673,0.0280833815865663
RELB,1.5469975418993769,0.0020200387847446673,0.0280833815865663
CEP350,1.3764266884150556,0.0021008403361344537,0.028662420382165606
OSBPL11,1.4454238752974657,0.0021008403361344537,0.028662420382165606
TRIO,1.59190996377495,0.0021008403361344537,0.028662420382165606
SRSF8,0.7675966814127734,0.0021008403361344537,0.028662420382165606
ISG20L2,1.0702123565118122,0.0021816418875242405,0.029820497973364217
GNA15,2.428809161446569,0.0021816418875242405,0.029820497973364217
VASP,1.3556320161835533,0.0021816418875242405,0.029820497973364217
YIPF6,-0.9869063583790972,0.0022624434389140274,0.030689056166763172
CHD7,1.620370728229595,0.0022624434389140274,0.030689056166763172
IFNGR2,1.6580288542881203,0.0022624434389140274,0.030689056166763172
LRRC8A,1.9399122302800802,0.0023432449903038137,0.031557614360162134
GPN3,-1.0420585143480112,0.0023432449903038137,0.031557614360162134
LINC00467,1.73493049249245,0.0023432449903038137,0.031557614360162134
TFRC,0.9836419959833391,0.0024240465416936006,0.03242617255356109
NPEPPS,1.1226575959414755,0.0025048480930833874,0.03271569195136074
NAPG,1.232179836175204,0.002585649644473174,0.033005211349160395
PPP6C,1.2814519169095342,0.002585649644473174,0.033005211349160395
ATXN2,0.9699223557966781,0.0026664511958629606,0.0335842501447597
CSGALNACT2,1.0785904000386017,0.0026664511958629606,0.0335842501447597
BIRC6,0.9734534293378211,0.0026664511958629606,0.0335842501447597
ERGIC1,1.1444509868037285,0.002828054298642534,0.034452808338158655
MAFK,1.8632119855923455,0.0029088558500323207,0.03474232773595831
TNFRSF12A,2.3214654130323606,0.003070458952811894,0.03503184713375796
SMIM10,-1.3916019134364808,0.0031512605042016808,0.03532136653155762
HDGF,1.1255035000395444,0.003312863606981254,0.03561088592935727
RDX,1.451158344752323,0.003393665158371041,0.03590040532715692
RAB5A,1.2845084753428704,0.003393665158371041,0.03590040532715692
SEC24A,1.7323368827316545,0.003393665158371041,0.03590040532715692
SS18L2,-0.8725050623766025,0.003474466709760827,0.03676896352055588
PARL,-1.4611428466895564,0.003555268261150614,0.03705848291835553
NUS1,1.5267843210098673,0.003555268261150614,0.03705848291835553
RP11-553L6.5,1.3880080181382186,0.003555268261150614,0.03705848291835553
POM121C,-0.9286299370939336,0.003636069812540401,0.03792704111175449
FMNL3,1.4429744773561477,0.003636069812540401,0.03792704111175449
PPM1A,1.4990393305269623,0.003636069812540401,0.03792704111175449
CYTH3,2.102386927237186,0.0037168713639301873,0.038795599305153444
FER,1.1737317805357452,0.0037168713639301873,0.038795599305153444
NUP58,0.9989222275192291,0.0037168713639301873,0.038795599305153444
RUNX1,1.6901921777271658,0.003797672915319974,0.039664157498552406
PUM2,1.0864453833681644,0.003797672915319974,0.039664157498552406
TMEM255B,1.841058843353794,0.003797672915319974,0.039664157498552406
MUM1,-1.2618340384661484,0.003878474466709761,0.04053271569195136
DERL1,1.1977257798460783,0.003878474466709761,0.04053271569195136
SLC39A7,1.1986940315877166,0.003959276018099547,0.04111175448755067
CISD2,1.2774248520731497,0.003959276018099547,0.04111175448755067
GDI1,1.5718722105384049,0.003959276018099547,0.04111175448755067
EPG5,1.1534678601611636,0.003959276018099547,0.04111175448755067
C1orf122,1.1726020271178799,0.004040077569489335,0.04226983207874928
C3orf38,-1.056776824534677,0.004040077569489335,0.04226983207874928
HLA-DRA,2.0308651200219843,0.004040077569489335,0.04226983207874928
CDK17,1.1392048172377713,0.004120879120879121,0.04313839027214823
YY1AP1,1.5197209284873008,0.004120879120879121,0.04313839027214823
ERF,1.7634498115243025,0.004201680672268907,0.04371742906774754
LRP10,1.409397513581302,0.004201680672268907,0.04371742906774754
ANAPC13,-0.8396312383261377,0.004282482223658695,0.044296467863346844
PATL1,-1.056776824534677,0.004282482223658695,0.044296467863346844
BIK,2.3769605256240647,0.0044440853264382674,0.04487550665894615
CHMP1A,1.3901612947183848,0.004605688429217841,0.0451650260567458
PTGER4,-0.6566449447821929,0.004605688429217841,0.0451650260567458
NOTCH2,1.36542133307098,0.0046864899806076275,0.045744064852345105
IRAK1,1.5718722105384049,0.004767291531997415,0.04603358425014476
LDLR,2.5381890842821155,0.004767291531997415,0.04603358425014476
TEX30,1.1244132335671833,0.004848093083387201,0.04661262304574407
NCK1,0.9948149079025967,0.005009696186166775,0.046902142443543716
ST8SIA4,-0.8950773773829074,0.005090497737556561,0.04719166184134337
C11orf24,0.9303261814508831,0.005171299288946348,0.04748118123914302
TMEM220,-0.8026922281986606,0.005171299288946348,0.04748118123914302
SLC35B2,-0.7996189850375508,0.005171299288946348,0.04748118123914302
DOCK2,0.71663076559959,0.005171299288946348,0.04748118123914302
TXLNA,1.5216864533701882,0.005171299288946348,0.04748118123914302
EHD4,1.1157396901622023,0.005252100840336135,0.04892877822814128
IFI27L1,1.8322618951166352,0.005252100840336135,0.04892877822814128
CAMK1D,1.5569989340568748,0.005413703943115708,0.04950781702374059
PARP1,1.2262752097574114,0.005575307045895281,0.049797336421540245
UHRF1BP1L,1.8055445567408568,0.005575307045895281,0.049797336421540245
KIAA1191,0.9757691522120494,0.005575307045895281,0.049797336421540245
NFE2L3,2.0143904462393554,0.005575307045895281,0.049797336421540245
GAS7,0.9654086406063263,0.005736910148674854,0.050955414012738856
KHSRP,1.013206453525478,0.005979314802844214,0.051244933410538505
CPNE1,0.8899684438347402,0.005979314802844214,0.051244933410538505
UBE2J1,1.2138246898443925,0.005979314802844214,0.051244933410538505
ARHGEF12,0.9906041933749925,0.0060601163542340014,0.05211349160393746
MCUR1,1.1809413280306102,0.0060601163542340014,0.05211349160393746
UBR5,1.3482461892628457,0.006140917905623788,0.052692530399536766
ROCK2,1.5546970667302733,0.006383322559793148,0.05298204979733642
PTPN22,1.3308641110346109,0.006464124111182934,0.05327156919513607
PTRH2,-0.8362125280986693,0.006464124111182934,0.05327156919513607
DYNC1H1,0.9614646932597862,0.0065449256625727216,0.05385060799073538
SPATA13,1.2591626456804208,0.0065449256625727216,0.05385060799073538
PLK2,-1.2154449582826543,0.006625727213962508,0.05442964678633468
LUM,2.2909713839110974,0.006625727213962508,0.05442964678633468
SLA,1.8814165809699344,0.006625727213962508,0.05442964678633468
RALA,1.1170572199714799,0.006706528765352294,0.055298204979733645
OGT,1.51277746301599,0.006706528765352294,0.055298204979733645
SEC14L1,1.003138171609138,0.006787330316742082,0.05587724377533295
PIM1,1.7439715832150557,0.006868131868131868,0.0561667631731326
SMC2,1.2262752097574114,0.006868131868131868,0.0561667631731326
SMIM13,1.501909652370839,0.006868131868131868,0.0561667631731326
CFAP36,-0.5522959671455759,0.006948933419521654,0.057035321366531555
DCAF6,1.1262463914261394,0.007110536522301228,0.05732484076433121
MAP1LC3A,0.8635703746243436,0.0071913380736910145,0.05761436016213086
CCNT2,0.95322658356096,0.007272139625080802,0.05790387955993052
KAT6A,1.424404878874033,0.007514544279250162,0.058193398957730166
MFHAS1,1.065810537564167,0.007514544279250162,0.058193398957730166
PDE4A,0.7814223266647178,0.007595345830639948,0.05877243775332947
CBL,2.0193311875096267,0.007595345830639948,0.05877243775332947
ARMC1,1.1367770589183082,0.007595345830639948,0.05877243775332947
ARMCX6,-0.9696639122516248,0.007676147382029735,0.059640995946728434
MID1IP1,-0.8645059069651658,0.007676147382029735,0.059640995946728434
ZNF439,-1.1797928309578587,0.007676147382029735,0.059640995946728434
DEXI,0.7475001645389323,0.007676147382029735,0.059640995946728434
GOPC,-0.8641518713705323,0.007756948933419522,0.06079907353792704
PWWP2A,-0.760416395954677,0.007837750484809308,0.061088592935726695
CH17-189H20.1,-1.2805706010477371,0.007999353587588881,0.061378112333526344
DLG1,-0.6719291038570699,0.00808015513897867,0.061667631731326
RP11-386I14.4,1.2888408961389055,0.008160956690368456,0.06195715112912565
ZNF622,-0.9195334691212574,0.008160956690368456,0.06195715112912565
MBD2,0.7283978626741494,0.008160956690368456,0.06195715112912565
SLC16A3,0.6787874144549177,0.008160956690368456,0.06195715112912565
WNK1,0.8868077182842302,0.008241758241758242,0.06311522872032427
ILF3,0.807469433665349,0.008241758241758242,0.06311522872032427
TBC1D15,-0.5436050068815288,0.008322559793148028,0.06369426751592357
PPIL3,-1.1427813668223865,0.008322559793148028,0.06369426751592357
HMGCR,0.8173926526844248,0.008403361344537815,0.06427330631152287
EIF3J-AS1,-1.554331413474588,0.008403361344537815,0.06427330631152287
ARIH2,1.450053466244645,0.008403361344537815,0.06427330631152287
PAFAH1B2,0.7184516320284349,0.00856496444731739,0.06514186450492183
EXOSC3,-1.113300750949376,0.008645765998707176,0.06543138390272148
ACTR8,1.1596774610283875,0.008645765998707176,0.06543138390272148
CRELD2,1.1244132335671833,0.008807369101486748,0.06601042269832079
RNF19A,1.013206453525478,0.008807369101486748,0.06601042269832079
ROCK1,0.7625803514600865,0.008888170652876535,0.06658946149392009
SPIN4,-1.8895603724153438,0.00904977375565611,0.06687898089171974
NSMCE3,-1.3780871069619998,0.00904977375565611,0.06687898089171974
CEP131,-1.029031834051772,0.009130575307045896,0.06745801968731906
CHP1,1.2009338069894768,0.009130575307045896,0.06745801968731906
MIIP,1.8920919629634085,0.009130575307045896,0.06745801968731906
CAPN2,0.92142062822899,0.009292178409825469,0.06832657788071801
ST3GAL6,-0.7320500962946401,0.009292178409825469,0.06832657788071801
TBCC,-1.4264723732835338,0.009292178409825469,0.06832657788071801
NAF1,-1.3916019134364808,0.009292178409825469,0.06832657788071801
CASP3,0.9303261814508831,0.009372979961215255,0.06948465547191662
ZMYM5,-0.7909861484038383,0.009372979961215255,0.06948465547191662
MS4A3,2.0753048257629643,0.00953458306399483,0.07006369426751592
CCNC,-0.7500558843489564,0.009615384615384616,0.07035321366531558
TMEM248,0.9146445592186133,0.009615384615384616,0.07035321366531558
SMAD5,1.144450986803731,0.009615384615384616,0.07035321366531558
RABEP1,1.0243844152359138,0.009615384615384616,0.07035321366531558
ACSL3,-1.0385861407650194,0.009615384615384616,0.07035321366531558
TNRC6A,1.0413574938396266,0.009696186166774402,0.07180081065431385
HACL1,-1.554331413474588,0.009857789269553975,0.07209033005211349
CAMK2G,-1.0757156253369529,0.009938590820943762,0.07237984944991314
ZNF787,1.289933846979729,0.009938590820943762,0.07237984944991314
LPXN,1.6339331786706581,0.009938590820943762,0.07237984944991314
PRKCA,-0.8814071811172977,0.010100193923723336,0.0732484076433121
RP2,1.2690248572167502,0.010180995475113122,0.07353792704111176
RASD1,-1.4936531849061785,0.010180995475113122,0.07353792704111176
C10orf54,1.0864453833681644,0.010180995475113122,0.07353792704111176
NUDT9,-1.6271697235206624,0.010261797026502909,0.07440648523451071
FOXJ2,1.385056211398209,0.010342598577892695,0.07469600463231037
XRN2,0.7038058744917567,0.010342598577892695,0.07469600463231037
TIMM17B,0.6879184262070457,0.010342598577892695,0.07469600463231037
B3GNT2,2.052762257111875,0.010423400129282482,0.07556456282570932
AIDA,1.3823944116746927,0.010423400129282482,0.07556456282570932
SF3A3,-0.6414523302796733,0.010585003232062056,0.07614360162130862
TAB2,1.6222038860885513,0.010585003232062056,0.07614360162130862
HDAC3,-1.0832435170931973,0.010746606334841629,0.07672264041690793
USP47,0.8100319477331709,0.010746606334841629,0.07672264041690793
C16orf72,0.6552646916014941,0.010746606334841629,0.07672264041690793
UBN1,1.180185198536942,0.010827407886231415,0.07759119861030689
SOX13,0.8656034135951162,0.010908209437621202,0.07788071800810654
CKAP4,1.8007779388335285,0.01098901098901099,0.0781702374059062
PRAF2,1.3880080181382186,0.01098901098901099,0.0781702374059062
GSE1,1.1073207562179845,0.011069812540400776,0.0787492762015055
TET2,0.9303261814508831,0.011069812540400776,0.0787492762015055
DBP,-1.5520665856297278,0.011150614091790563,0.07932831499710481
NCOA1,0.6645031884486691,0.011231415643180349,0.07961783439490445
RBM33,1.686692612540265,0.011312217194570135,0.07990735379270411
NINJ1,1.2455567984101057,0.011393018745959922,0.08019687319050377
CCDC47,0.7761841772494971,0.011635423400129283,0.08048639258830341
USP14,1.0516625022313624,0.011635423400129283,0.08048639258830341
DRAM1,1.0413574938396266,0.011635423400129283,0.08048639258830341
ABHD3,-0.8765042195898957,0.011797026502908856,0.08135495078170238
ANKRD11,1.609641253414151,0.011797026502908856,0.08135495078170238
CGGBP1,0.4604646574275177,0.011797026502908856,0.08135495078170238
GLRX2,0.5883066686240488,0.012039431157078216,0.08222350897510133
AXIN1,1.1534678601611636,0.01220103425985779,0.08251302837290099
IP6K2,-0.9977200281430645,0.01220103425985779,0.08251302837290099
SLC7A5,1.5122482278519878,0.012362637362637362,0.08309206716850029
USP48,0.9567176803422817,0.012362637362637362,0.08309206716850029
BMPR2,1.4232281291832711,0.012362637362637362,0.08309206716850029
TNKS2,1.065810537564167,0.012443438914027148,0.08396062536189924
FAM102B,0.9757691522120494,0.012443438914027148,0.08396062536189924
TNFRSF9,2.8122704199291704,0.012443438914027148,0.08396062536189924
MIER1,0.49911586810309266,0.012443438914027148,0.08396062536189924
MED13,0.9919452997145501,0.012524240465416937,0.08511870295309786
TADA3,-1.1932731969905037,0.012605042016806723,0.08540822235089751
WDR20,1.232179836175204,0.012605042016806723,0.08540822235089751
GTF3C6,0.8292042570080157,0.012605042016806723,0.08540822235089751
XPOT,0.997964898326244,0.01268584356819651,0.08627678054429647
SPRY1,-1.3995288292081087,0.01268584356819651,0.08627678054429647
SIN3A,1.3777851584221024,0.012766645119586296,0.08685581933989578
SPIN1,0.9252993643760492,0.012766645119586296,0.08685581933989578
DCP1A,0.864200923166237,0.012847446670976082,0.08743485813549508
PDCD6IP,0.8013540566611728,0.012928248222365869,0.08772437753329473
MYO9A,1.7783230880058325,0.013332255979314802,0.08801389693109438
BEX5,1.2044157757936715,0.013332255979314802,0.08801389693109438
PPTC7,1.215055658383995,0.013413057530704589,0.08859293572669369
NRAS,1.3105441266550157,0.013493859082094377,0.08888245512449335
IL7R,1.5100329567205442,0.01365546218487395,0.08917197452229299
NBAS,-0.8922694842410199,0.01365546218487395,0.08917197452229299
RRN3,-0.7635706908234374,0.013736263736263736,0.0897510133178923
MOAP1,-1.1059660786655552,0.013817065287653522,0.09004053271569196
SOCS2,0.8454372838643678,0.013897866839043309,0.0903300521134916
PITPNB,1.0864453833681644,0.01414027149321267,0.09061957151129126
KPNA6,0.6787874144549177,0.014221073044602456,0.09090909090909091
MAP7D3,1.0715721068866342,0.014301874595992243,0.09119861030689057
LRP4,1.5515522261588097,0.014301874595992243,0.09119861030689057
FARS2,-0.7944988498431137,0.014301874595992243,0.09119861030689057
IMP4,1.0284762025428933,0.014301874595992243,0.09119861030689057
PBRM1,0.7589577631389012,0.014382676147382029,0.09235668789808917
CHCHD1,0.7605483862778549,0.014463477698771817,0.09264620729588882
TRAF4,1.4634497506524216,0.014463477698771817,0.09264620729588882
RIF1,1.1676739436210266,0.014463477698771817,0.09264620729588882
AGAP3,0.9124597606573696,0.014544279250161603,0.09351476548928778
SCLT1,1.060094056421213,0.014705882352941176,0.09380428488708743
DIAPH1,1.3387910268062415,0.014786683904330963,0.09409380428488709
UBL3,0.9101129605613735,0.014948287007110537,0.09438332368268675
TCIRG1,0.9757691522120494,0.01510989010989011,0.09467284308048639
CRYAB,-2.0336191035474243,0.01510989010989011,0.09467284308048639
LCOR,1.3901612947183848,0.015190691661279896,0.0952518818760857
PXDC1,1.7066216226516424,0.015271493212669683,0.09554140127388536
RAB33A,-1.439496603540791,0.01535229476405947,0.095830920671685
USP37,1.065810537564167,0.015433096315449257,0.09612044006948466
AKT2,0.8292042570080183,0.015513897866839044,0.09640995946728431
PFKP,1.2574909247043926,0.01583710407239819,0.09669947886508395
CNOT6L,-0.6074514889061561,0.015998707175177762,0.09698899826288361
PMEPA1,2.1337510981465218,0.01607950872656755,0.09727851766068327
COMT,-0.6338028158531102,0.01616031027795734,0.09756803705848292
RP11-796E2.4,-1.514458661222015,0.01632191338073691,0.09785755645628257
WARS,1.8298533886459145,0.016402714932126698,0.09814707585408222
BID,0.8278432238496325,0.016402714932126698,0.09814707585408222
NKAP,-1.136695388486086,0.016402714932126698,0.09814707585408222
CCDC117,0.9029107238704822,0.016402714932126698,0.09814707585408222
BCAR3,-1.4305960450523443,0.016483516483516484,0.09930515344528083
GDF11,1.2487373443210497,0.01656431803490627,0.09959467284308049
ZNF593,1.158109740101623,0.016645119586296057,0.09988419224088015
SLC35E1,1.180185198536942,0.016645119586296057,0.09988419224088015
RNF146,-1.0505649956014147,0.016887524240465416,0.10046323103647944
IFRD2,0.8292042570080183,0.016968325791855202,0.1007527504342791
GTF2E2,1.1534678601611636,0.016968325791855202,0.1007527504342791
FAM89A,-1.6361711256176017,0.01704912734324499,0.1013317892298784
GABPB1-AS1,-0.7858808525485255,0.01704912734324499,0.1013317892298784
NANS,0.6200934201958952,0.01712992889463478,0.10191082802547771
BCL6,-0.8352085649120965,0.01712992889463478,0.10191082802547771
SSBP3,0.9654086406063288,0.017210730446024565,0.10248986682107701
BAG6,-0.7457104140729933,0.017210730446024565,0.10248986682107701
BIRC2,0.8438466607254139,0.01729153199741435,0.10306890561667632
SLK,1.0223743904720553,0.017453135100193924,0.10335842501447597
UBR7,1.065810537564167,0.017614738202973497,0.10364794441227562
PPIP5K2,0.8947649962279388,0.01777634130575307,0.10393746381007528
FLII,0.9757691522120494,0.01777634130575307,0.10393746381007528
MYO1C,1.2044157757936715,0.017937944408532643,0.10451650260567458
NDUFS2,-0.9710262306162053,0.017937944408532643,0.10451650260567458
ERI1,1.620370728229595,0.017937944408532643,0.10451650260567458
SCG2,2.6143968271849616,0.01801874595992243,0.10538506079907353
MRPL21,-0.6099475017102267,0.018341952165481578,0.10567458019687319
NUP153,0.9181257278453546,0.018422753716871364,0.10596409959467284
RAPGEF2,0.6447399336272392,0.018826761473820296,0.1062536189924725
CCNDBP1,-0.8919085171931915,0.01898836457659987,0.10654313839027214
MAP4K5,1.1523888062283703,0.01906916612798966,0.1068326577880718
PAQR3,1.4232281291832711,0.01906916612798966,0.1068326577880718
CTD-2583P5.3,-1.1761855278354254,0.01906916612798966,0.1068326577880718
MYD88,-0.9849766539738349,0.019149967679379445,0.10770121598147075
SEC23A,0.7327262215657202,0.01947317388493859,0.10799073537927041
TCERG1,0.7497539358090615,0.01947317388493859,0.10799073537927041
MCFD2,0.8013540566611728,0.019553975436328377,0.10856977417486971
KLF16,0.8173926526844248,0.019553975436328377,0.10856977417486971
SAMM50,-1.092347319689932,0.01971557853910795,0.10914881297046902
FOXJ3,0.7264841564862157,0.01971557853910795,0.10914881297046902
ACAA2,-1.0571828743659206,0.019796380090497737,0.10972785176606832
GRHPR,-1.1223085171310063,0.019796380090497737,0.10972785176606832
FAM120A,0.9303261814508805,0.019796380090497737,0.10972785176606832
MYCBP2,0.7616443468592016,0.019877181641887523,0.11059640995946729
OTULIN,0.8454372838643703,0.0200387847446671,0.11088592935726693
SUZ12,0.7882385568709154,0.02028118939883646,0.11117544875506659
WDR82,0.770055472022234,0.02028118939883646,0.11117544875506659
COPS5,-0.9180005216630283,0.02028118939883646,0.11117544875506659
MMP24-AS1,-0.9005395515968052,0.02028118939883646,0.11117544875506659
SQLE,1.3777851584221024,0.020523594053005818,0.1123335263462652
ARMCX1,-1.2036689628434052,0.02068519715578539,0.11262304574406486
SYNE3,1.4959233573051072,0.020765998707175177,0.1129125651418645
LCORL,1.232179836175204,0.020765998707175177,0.1129125651418645
NIPBL,0.7226750584559197,0.020846800258564963,0.11349160393746381
R3HDM4,1.1367770589183082,0.02092760180995475,0.11378112333526347
FOXK2,0.9911717366714099,0.02100840336134454,0.11407064273306311
CREG1,-0.530121777517909,0.021089204912734326,0.11436016213086277
CMC1,-0.7580764472771041,0.021089204912734326,0.11436016213086277
ARL6IP6,-0.7213921260968118,0.021170006464124112,0.11493920092646208
PHF13,0.8776376419240214,0.0212508080155139,0.11522872032426172
AKT1,0.6535868603297772,0.021331609566903685,0.11551823972206138
ATL3,1.2888408961389055,0.021493212669683258,0.11580775911986103
RAB9A,1.2566254807426922,0.02165481577246283,0.11609727851766068
MLLT6,0.7060088831899419,0.021735617323852617,0.11638679791546033
SVBP,-0.9061750862662402,0.021816418875242403,0.11667631731325999
CORO7,0.8852382919223454,0.021816418875242403,0.11667631731325999
DCAF5,0.7898187268436613,0.022301228183581125,0.11725535610885929
RRAGA,-0.963318993369848,0.02238202973497091,0.11754487550665894
MAFB,-1.5918140999241517,0.022543632837750485,0.1178343949044586
MRPL44,-0.910813981069758,0.02262443438914027,0.11812391430225826
EIF4EBP2,2.0065920756789497,0.022705235940530057,0.1184134337000579
PTPN2,0.7754056046235399,0.022786037491919844,0.11870295309785756
USP10,0.9044475496252771,0.022786037491919844,0.11870295309785756
PIK3IP1,-1.017923443918692,0.022786037491919844,0.11870295309785756
TEC,1.319414090291072,0.02286683904330963,0.11957151129125651
HYAL3,1.306818637067961,0.022947640594699416,0.11986103068905617
MGAT1,0.5037007078968261,0.023109243697478993,0.12015055008685582
MTHFS,-1.4034273488332687,0.023270846800258566,0.12044006948465547
MAP4,1.0294343264638062,0.023513251454427925,0.12072958888245512
PICALM,0.8786279938015169,0.023755656108597284,0.12101910828025478
SPPL3,0.9363879342380835,0.02383645765998707,0.12130862767805443
NAAA,-1.1823387640436651,0.02383645765998707,0.12130862767805443
DTWD1,-0.9549194201176562,0.02383645765998707,0.12130862767805443
HOXB2,-0.6944716725081593,0.023998060762766647,0.12217718587145339
CHMP1B,-0.8975232160133308,0.024240465416936006,0.12246670526925305
VPS72,-1.2524391657648568,0.024240465416936006,0.12246670526925305
YIF1A,1.3078724684083811,0.024482870071105365,0.12304574406485234
YPEL3,-1.043176016372041,0.02456367162249515,0.123335263462652
STK17A,1.6470785547275795,0.02456367162249515,0.123335263462652
EBAG9,-0.6411215127957939,0.02456367162249515,0.123335263462652
TPP1,0.6681793148889357,0.02480607627666451,0.12420382165605096
EBPL,-1.4483245034484225,0.024886877828054297,0.12449334105385061
GFM1,1.2044157757936715,0.02512928248222366,0.12478286045165025
GTF2F2,0.6920232416116118,0.025452488687782805,0.1250723798494499
AKNA,0.8426734994158911,0.025614091790562378,0.12536189924724955
C12orf75,1.3620026228435138,0.025937297996121527,0.12565141864504922
STK26,1.1375728090989277,0.025937297996121527,0.12565141864504922
TMEM91,-0.5436050068815313,0.0260989010989011,0.12623045744064854
FBXO11,0.9607799779925967,0.0260989010989011,0.12623045744064854
TMEM60,-1.029031834051772,0.0260989010989011,0.12623045744064854
CTA-29F11.1,-0.8484595884099502,0.026179702650290886,0.1270990156340475
C18orf21,-1.1471831857700343,0.026179702650290886,0.1270990156340475
TOR1A,-0.954069776370548,0.026260504201680673,0.12767805442964678
TMEM57,0.7675966814127734,0.02634130575307046,0.12796757382744645
TMX1,0.791998024902909,0.026502908855850032,0.1282570932252461
CCNG2,-0.5730487847740143,0.026502908855850032,0.1282570932252461
FYTTD1,0.8130885061665096,0.026583710407239818,0.1288361320208454
ECM1,1.5114363566764324,0.026826115061409177,0.12912565141864504
EIF2B5,-1.300333855869167,0.026826115061409177,0.12912565141864504
COPRS,0.4617284374215106,0.026987718164188754,0.12970469021424436
TMEM223,-1.1446871729659638,0.02706851971557854,0.129994209612044
IMPAD1,0.9210632601219144,0.027149321266968326,0.13028372900984367
DHX9,0.7759753331494097,0.027149321266968326,0.13028372900984367
YKT6,0.6645031884486691,0.027149321266968326,0.13028372900984367
MARK3,0.7630563313525219,0.027230122818358113,0.13115228720324262
ELAVL1,1.2277706180705066,0.0273109243697479,0.13144180660104227
HDDC2,-1.4021325809286496,0.027391725921137686,0.13173132599884194
RALB,-0.8364814242442489,0.027391725921137686,0.13173132599884194
PPP1R9B,1.1534678601611636,0.027391725921137686,0.13173132599884194
SPOP,-0.5046108752656653,0.027634130575307045,0.1325998841922409
BBX,0.40138089111398717,0.02771493212669683,0.13288940359004053
SHOC2,1.0294343264638062,0.027795733678086618,0.13317892298784018
ZC3H6,-0.8405867446386605,0.027795733678086618,0.13317892298784018
GPAT4,0.95322658356096,0.02803813833225598,0.1337579617834395
CCDC112,-0.8015861849890408,0.02803813833225598,0.1337579617834395
CD276,0.9486754913297749,0.02828054298642534,0.1343370005790388
CCSER2,0.9070564021280347,0.02828054298642534,0.1343370005790388
IP6K1,-0.6497333577428753,0.02828054298642534,0.1343370005790388
NCKAP1,0.8808928216463797,0.028361344537815126,0.13520555877243776
C2orf88,-1.5059345889154765,0.028442146089204912,0.1354950781702374
ARHGAP6,-0.5214092607673342,0.02868455074337427,0.13578459756803707
STAT6,1.206416740110123,0.02868455074337427,0.13578459756803707
LFNG,1.8204485636785073,0.028765352294764058,0.13636363636363635
HMCES,0.5174244265160304,0.028846153846153848,0.13665315576143602
CAPZA1,0.8266626222772909,0.028926955397543634,0.13694267515923567
ABHD2,0.7675966814127734,0.02900775694893342,0.1372321945570353
SRPK2,-0.8759604732192301,0.029169360051712993,0.13752171395483498
PSMD2,0.6543343707303774,0.02925016160310278,0.13781123335263462
PCID2,-0.833111624076513,0.029330963154492566,0.1381007527504343
SDF4,0.75643997010738,0.029411764705882353,0.13839027214823393
CD58,1.1233508660369353,0.02965416936005171,0.13867979154603358
PRKAA1,1.0702123565118122,0.029896574014221074,0.13896931094383325
ATG4B,0.8173926526844248,0.03021978021978022,0.1392588303416329
USP12,0.839999984560657,0.030300581771170006,0.13954834973943253
PPID,-0.814907028698924,0.03046218487394958,0.1398378691372322
ARHGEF40,0.8003493943358325,0.030623787976729152,0.14012738853503184
SEC61A1,0.8652005386857976,0.03070458952811894,0.1404169079328315
RNF149,0.934935434703471,0.03070458952811894,0.1404169079328315
GATAD1,-0.8513392201861381,0.030866192630898515,0.1409959467284308
ADAM17,0.9789609567017609,0.030866192630898515,0.1409959467284308
MOBP,1.4454238752974657,0.031108597285067874,0.1415749855240301
PIK3CB,1.5469975418993769,0.03127020038784745,0.14186450492182975
U2AF1,-0.7457104140729933,0.03143180349062702,0.14215402431962942
ATP6V0A1,1.5718722105384049,0.031512605042016806,0.14244354371742907
DDA1,0.8808928216463797,0.031512605042016806,0.14244354371742907
PIAS1,1.0019640555395397,0.031755009696186165,0.14302258251302838
AKIP1,-0.9750930269409693,0.03191661279896574,0.14331210191082802
SRPRA,0.7181360819307417,0.03207821590174531,0.1436016213086277
BAZ1B,0.6510424239720127,0.03232062055591468,0.14389114070642733
FAM103A1,-0.7554140893601509,0.03232062055591468,0.14389114070642733
SZRD1,0.7113920798868446,0.03240142210730446,0.14447017950202665
LMOD3,1.462108644312864,0.03248222365869425,0.1447596988998263
CDKN3,1.4616127023894903,0.03248222365869425,0.1447596988998263
SYNC,1.2219297394814457,0.03296703296703297,0.1453387376954256
STARD4,1.0738703073581162,0.033047834518422754,0.14562825709322524
MICB,-1.071234332536734,0.033047834518422754,0.14562825709322524
ZNHIT3,-0.45994707783462113,0.033047834518422754,0.14562825709322524
PQBP1,-0.566968999947042,0.0333710407239819,0.1464968152866242
PDS5A,0.5245664957600475,0.03385585003232062,0.14678633468442387
RP11-25K19.1,-0.9343949599136946,0.034502262443438916,0.1470758540822235
NIPA2,0.5096932192785173,0.034744667097608276,0.14736537348002315
DTNBP1,-0.6858575898392896,0.03490627020038785,0.14765489287782282
LINC00936,-1.3433063563956986,0.03490627020038785,0.14765489287782282
SF3A2,0.6543343707303799,0.035229476405946994,0.1482339316734221
COA5,-0.7108409207962035,0.035229476405946994,0.1482339316734221
CRIP1,0.7345506859769271,0.03555268261150614,0.14881297046902142
LARP4B,0.7847208592039823,0.03555268261150614,0.14881297046902142
HVCN1,-1.8237129260742653,0.03571428571428571,0.14939200926462073
UBLCP1,1.0785904000386017,0.03571428571428571,0.14939200926462073
NPTN,0.997964898326244,0.03571428571428571,0.14939200926462073
THAP9-AS1,-0.6546363192702749,0.035875888817065285,0.1502605674580197
RNF187,-0.8937379830280164,0.035875888817065285,0.1502605674580197
TSTA3,0.95322658356096,0.03595669036845507,0.150839606253619
MAGEH1,-1.7659974282179778,0.03603749191984486,0.15112912565141864
TXNDC12,-0.5951353075216131,0.036118293471234644,0.1514186450492183
ITPR1,0.8100319477331709,0.03619909502262444,0.15170816444701796
LCP2,1.265830225617123,0.036279896574014224,0.1519976838448176
SLCO2B1,1.4888164708108484,0.036279896574014224,0.1519976838448176
RUVBL1,0.42523406163200705,0.03652230122818358,0.1525767226404169
TNFSF12,-0.8815551194932344,0.03660310277957337,0.15286624203821655
RDH14,-0.7179351874438433,0.03660310277957337,0.15286624203821655
UBA6,0.8852382919223454,0.03676470588235294,0.15344528083381587
MOB3A,1.0625739797493226,0.03684550743374273,0.1537348002316155
RECQL,0.5205253305381867,0.03708791208791209,0.15402431962941518
KRT15,-1.8324354135926633,0.03708791208791209,0.15402431962941518
USPL1,-1.164831051589458,0.03733031674208145,0.15460335842501446
EGFL7,-1.2998389347525148,0.037411118293471234,0.15489287782281413
GOLGA2,0.7136930294031192,0.037411118293471234,0.15489287782281413
ANKRD27,0.9638787411619093,0.03765352294764059,0.15547191661841345
DNAJC3-AS1,-1.9658380075645796,0.03797672915319974,0.1557614360162131
CRIPT,-1.029031834051772,0.03829993535875889,0.15605095541401273
DESI1,-0.5436050068815313,0.03829993535875889,0.15605095541401273
HMG20A,0.9911717366714099,0.03838073691014868,0.15662999420961204
FAM126B,0.6787874144549177,0.03870394311570782,0.1569195136074117
ARL16,-0.7897655941509276,0.039350355526826114,0.15720903300521136
FAM3C,0.6787874144549177,0.039350355526826114,0.15720903300521136
MORC3,0.9240739721385434,0.0394311570782159,0.15778807180081064
DVL2,-0.8691808787840353,0.03967356173238526,0.1580775911986103
NFATC1,0.5343975051197433,0.03991596638655462,0.15836711059640995
SPECC1,-0.6411215127957939,0.040158371040723985,0.15865662999420962
CCDC43,-0.6879949162167032,0.04023917259211377,0.15894614939200927
PDZD8,1.0898560115308167,0.04031997414350356,0.1592356687898089
YES1,0.6383353707176235,0.04031997414350356,0.1592356687898089
TMEM243,-0.5933580420786285,0.0406431803490627,0.15981470758540822
AIG1,-0.760416395954677,0.0406431803490627,0.15981470758540822
CGRRF1,0.791998024902909,0.04096638655462185,0.16039374638100753
BTF3L4,-0.43149464055999437,0.041047188106011635,0.16068326577880718
KIAA0100,-0.8140568842778084,0.04112798965740142,0.16097278517660682
STX10,-0.7288198793484371,0.04112798965740142,0.16097278517660682
DOK1,-1.0065769832240758,0.04120879120879121,0.16155182397220613
MED29,0.9124597606573696,0.04177440206851971,0.1618413433700058
ATG5,-0.4435761885502593,0.04217840982546865,0.16213086276780544
MYH9,0.9334421546727383,0.04217840982546865,0.16213086276780544
AATF,-0.9230983893027073,0.04225921137685844,0.16270990156340476
CTBP2,0.75643997010738,0.042340012928248225,0.1629994209612044
GOLT1B,0.9407805390880503,0.04242081447963801,0.16328894035900404
CPSF7,0.5644547389759219,0.04242081447963801,0.16328894035900404
BAMBI,-1.2077377210362945,0.0425016160310278,0.16386797915460335
NPM3,0.9124597606573696,0.042582417582417584,0.164157498552403
KAT8,-1.0505649956014123,0.04274402068519716,0.16444701795020267
CHTOP,-0.9261781109138632,0.042986425339366516,0.1647365373480023
MYO9B,0.6207818110193511,0.042986425339366516,0.1647365373480023
CCDC28A,-1.0189430164281892,0.04314802844214609,0.16531557614360162
CDK12,-0.5436050068815288,0.04330963154492566,0.16560509554140126
MRPL9,-0.8425164490439228,0.04330963154492566,0.16560509554140126
MPC1,0.5343975051197407,0.04330963154492566,0.16560509554140126
PLEKHA5,0.8607852481978076,0.04339043309631545,0.16647365373480022
TKT,0.6210719165986301,0.04355203619909502,0.1667631731325999
PLAU,-1.0116497558235371,0.04371363930187459,0.16705269253039953
ZFX,1.104093249187588,0.044279250161603105,0.1673422119281992
PGRMC1,-0.6040408607435037,0.044521654815772464,0.16763173132599885
GATAD2B,0.6284557389047739,0.044521654815772464,0.16763173132599885
TGFBR1,0.883405134063389,0.04460245636716225,0.16821077012159816
NMD3,-0.8977873007735186,0.04460245636716225,0.16821077012159816
HS2ST1,0.9101129605613735,0.04468325791855204,0.16878980891719744
TMEM167A,0.46110199579599614,0.04476405946994182,0.1690793283149971
ZBTB11,0.7589577631389012,0.04484486102133161,0.16936884771279676
MARK2,0.834906616372199,0.044925662572721396,0.1696583671105964
SMCR5,1.9588953336476542,0.04500646412411118,0.16994788650839607
MRPL11,-0.8484595884099527,0.045652876535229474,0.1702374059061957
TMEM242,0.7552394748927915,0.04581447963800905,0.17052692530399538
FAM127B,-0.5032472692653909,0.04589528118939883,0.17081644470179502
RC3H2,1.3880080181382186,0.04605688429217841,0.17110596409959467
PYGL,0.9181257278453546,0.04678409825468649,0.17139548349739434
PSMD9,-0.6031060186301904,0.04678409825468649,0.17139548349739434
USP53,1.0335167406224455,0.04678409825468649,0.17139548349739434
RPA1,-0.8691808787840353,0.04686489980607628,0.1722640416907933
SIKE1,0.5862752756653806,0.04694570135746606,0.17255356108859293
FAM162A,-0.5173734653083504,0.04751131221719457,0.17284308048639258
ACTR1B,-0.6070303870231657,0.04751131221719457,0.17284308048639258
TRAPPC6A,-0.9874751883680865,0.047592113768584354,0.1734221192819919
SLC25A36,-0.41669289439931056,0.04767291531997414,0.17371163867979156
MSRB2,-0.8671809546503743,0.04791531997414351,0.1740011580775912
NOLC1,0.9181257278453546,0.04799612152553329,0.17429067747539084
ESRRA,1.0898560115308167,0.0485617323852618,0.1745801968731905
PTPN11,1.3901612947183848,0.048642533936651584,0.17486971627099016
MPLKIP,-0.5436050068815288,0.048642533936651584,0.17486971627099016
CSTA,1.260129599497377,0.04872333548804137,0.17544875506658947
POGZ,0.46287902668866926,0.04880413703943116,0.1757382744643891
UNC13D,-0.6195538601148292,0.04896574014221073,0.17602779386218875
SECISBP2,0.821391809897718,0.049046541693600516,0.17631731325998842
C8orf82,-0.9061750862662377,0.049046541693600516,0.17631731325998842
NUDT2,-0.8637398199458427,0.04920814479638009,0.17689635205558774
CCDC115,-0.632414273839387,0.049288946347769876,0.17718587145338738
TGOLN2,0.56095092416106,0.049288946347769876,0.17718587145338738
PAN3,-0.5771575665925576,0.049288946347769876,0.17718587145338738
TTBK2,1.1837104172509572,0.049531351001939235,0.17805442964678633
HDAC2,1.0316095172880648,0.04961215255332902,0.17834394904458598
IKBKB,0.805005130658337,0.05001616031027796,0.17863346844238565
MADD,0.6041486135621632,0.050096961861667746,0.1789229878401853
LATS2,1.1367770589183082,0.05017776341305753,0.17921250723798496
ZNF503,-0.5522959671455759,0.05042016806722689,0.1795020266357846
GPANK1,-0.6600144989968387,0.05074337427278604,0.17979154603358424
MFAP1,-0.676360215733302,0.051228183581124756,0.1800810654313839
AC017002.1,1.2262752097574114,0.051470588235294115,0.18037058482918356
TRIM63,0.5228904049053756,0.05179379444085327,0.1806601042269832
CCNY,1.0625739797493226,0.051874595992243054,0.18094962362478287
PSENEN,0.7487499726224861,0.0521978021978022,0.1812391430225825
TMEM126B,-0.6043590379606271,0.052278603749191986,0.18152866242038215
AK3,0.9174448901541497,0.052763413057530704,0.18181818181818182
HRAS,0.6408195642558989,0.052763413057530704,0.18181818181818182
CELF1,0.9682940316499019,0.053005817711700064,0.18239722061378114
MIB1,1.1326978053780539,0.05308661926308985,0.18268674001158078
ANKRD9,1.4429744773561477,0.05324822236586942,0.18297625940938042
TOMM5,0.9544218570683454,0.05397543632837751,0.1832657788071801
MRPL36,0.5589099037444057,0.05397543632837751,0.1832657788071801
BAZ2A,0.8477164234235076,0.05397543632837751,0.1832657788071801
HIST1H2BJ,-1.1602763673300225,0.05429864253393665,0.18413433700057905
CCDC66,-0.9469607011127374,0.05454104718810601,0.1844238563983787
MRPS25,-0.6579376823605245,0.05486425339366516,0.18471337579617833
C3orf17,-0.6624824027334482,0.05502585649644473,0.185002895193978
COMMD2,-0.7169366097670928,0.05510665804783452,0.18529241459177764
PINK1,-0.7186917134396203,0.0551874595992243,0.1855819339895773
RYK,0.7264841564862157,0.0551874595992243,0.1855819339895773
NTMT1,0.7960250897392912,0.055349062702003876,0.1861609727851766
TSPYL1,-1.1208318588230803,0.055591467356173235,0.18645049218297627
PDRG1,-1.1118887664560557,0.055753070458952815,0.1867400115807759
HMOX2,0.782498763977027,0.055753070458952815,0.1867400115807759
GATAD2A,0.9427498968989679,0.055995475113122174,0.18731905037637522
MTSS1,0.9430934775247614,0.05656108597285068,0.18760856977417487
IRF2BPL,-0.6338028158531076,0.05672268907563025,0.18789808917197454
MAD1L1,1.5216864533701882,0.05680349062702004,0.18818760856977418
TK2,0.883405134063389,0.057126696832579184,0.18847712796757382
ING1,0.5545050785683179,0.05736910148674854,0.1887666473653735
STAT5A,-0.6879949162167057,0.057530704589528116,0.18905616676317313
MAST4,1.3901612947183848,0.057530704589528116,0.18905616676317313
CEBPG,0.7334414893249898,0.05777310924369748,0.18963520555877245
BHLHE41,-1.589701421470985,0.05777310924369748,0.18963520555877245
NCBP2-AS2,-1.1422424444997632,0.05801551389786684,0.19021424435437173
LBH,-0.7288198793484371,0.05801551389786684,0.19021424435437173
VPS13A,0.7345506859769271,0.058177117000646414,0.19079328314997104
VEZF1,0.834906616372199,0.05833872010342599,0.1910828025477707
NEDD9,-0.8637398199458427,0.05833872010342599,0.1910828025477707
GLOD4,-0.5174921665623987,0.05874272786037492,0.19166184134337
ZC3H11A,0.6313520716571656,0.058823529411764705,0.19195136074116967
UBE2F,0.8647378398233059,0.05914673561732385,0.1922408801389693
PRKRIR,1.065810537564167,0.05930833872010342,0.19253039953676895
LPIN1,0.6543343707303799,0.05930833872010342,0.19253039953676895
SIK3,0.96293084688281,0.05938914027149321,0.19310943833236827
RAB20,-1.2675439207514978,0.059469941822882996,0.1933989577301679
SWI5,-0.5436050068815313,0.059631544925662576,0.19368847712796758
BCAT1,4.860117179169479,0.059631544925662576,0.19368847712796758
ISOC2,0.9561551713027407,0.059631544925662576,0.19368847712796758
ZYX,0.8820017341075034,0.05971234647705236,0.19455703532136653
METTL23,-0.8371884760749303,0.05979314802844215,0.19484655471916618
CRYZ,1.2574909247043926,0.05979314802844215,0.19484655471916618
PTRHD1,-0.558952971214966,0.060116354234001294,0.1954255935147655
TBC1D30,1.5327458792485835,0.06019715578539108,0.19571511291256513
PHF19,1.5546970667302733,0.06019715578539108,0.19571511291256513
C11orf57,0.6510424239720127,0.06043956043956044,0.19629415170816444
MRPL15,0.7327262215657202,0.060520361990950226,0.1965836711059641
MTURN,0.8593596600967394,0.060520361990950226,0.1965836711059641
UBE2G2,1.144450986803731,0.060520361990950226,0.1965836711059641
PBX3,-0.6414523302796733,0.06116677440206852,0.19745222929936307
RENBP,-0.7631713841392138,0.06132837750484809,0.1977417486971627
GALNT6,1.0104965301348665,0.061570782159017456,0.19803126809496235
MRPL45,-0.7979221956142142,0.06213639301874596,0.19832078749276202
BEND7,1.7995395739155284,0.062297996121525534,0.19861030689056167
PIK3CD-AS2,-0.6317359171601954,0.0625404007756949,0.1988998262883613
NDRG2,-1.0151094578194002,0.06278280542986425,0.19918934568616098
RP11-395A13.2,-1.3191734402714823,0.06278280542986425,0.19918934568616098
IFI27,1.4959233573051072,0.06302521008403361,0.1997683844817603
CCDC186,0.7090020275019253,0.06383322559793148,0.20005790387955993
UBA5,-0.9689108416142016,0.06415643180349062,0.20034742327735958
FAH,1.1073207562179845,0.06439883645765998,0.20063694267515925
PER1,0.8316863136045569,0.06447963800904978,0.2009264620729589
PPP2R5E,0.7652669351803869,0.06456043956043957,0.20121598147075853
RAB11B,-0.6632752375441471,0.06464124111182935,0.2015055008685582
PSIP1,-0.5890479776426976,0.06480284421460893,0.20179502026635784
HPRT1,0.6563325636272218,0.06504524886877829,0.2020845396641575
BICD2,0.5825720991956141,0.06520685197155786,0.20237405906195716
CCDC167,1.2219297394814457,0.06544925662572722,0.2026635784597568
CASC3,0.9124597606573696,0.06544925662572722,0.2026635784597568
PIGF,-0.9616701988579416,0.06561085972850679,0.2032426172553561
ZFYVE16,0.8100319477331709,0.06561085972850679,0.2032426172553561
RRAS,1.144450986803731,0.06569166127989658,0.20382165605095542
MAX,0.730471569743849,0.06577246283128636,0.20411117544875507
FBXW7,0.656927980491178,0.06585326438267615,0.2044006948465547
EDNRB,-1.6163613493168436,0.06601486748545572,0.20469021424435438
ZPR1,-0.5124103852779336,0.06633807369101487,0.20497973364215402
MSMO1,1.0702123565118122,0.06641887524240465,0.20526925303995366
PPWD1,-0.7988620621236038,0.06649967679379444,0.20555877243775333
PCM1,0.29318333576259237,0.06649967679379444,0.20555877243775333
CHCHD6,-1.5520665856297278,0.0667420814479638,0.20613781123335265
DOCK10,0.41849838535994277,0.06682288299935359,0.2064273306311523
APOC1,1.2617857282955625,0.06698448610213316,0.20671685002895193
PSMB8,0.770905616443347,0.06722689075630252,0.2070063694267516
SCOC,-0.681767445939055,0.06843891402714933,0.20729588882455124
SUCO,0.5980561423420607,0.06843891402714933,0.20729588882455124
MSI2,0.8231773237900922,0.0686005171299289,0.20787492762015056
TAX1BP3,0.8593596600967394,0.0691661279896574,0.2081644470179502
TRIAP1,-0.7979221956142142,0.0691661279896574,0.2081644470179502
RNF113A,-0.6226765778727283,0.0703781512605042,0.2087434858135495
KLHL24,1.0284762025428933,0.07118616677440207,0.20903300521134915
TMEM50B,-0.5599994451321976,0.071590174531351,0.20932252460914882
MAP3K1,0.9303261814508831,0.07183257918552036,0.20961204400694847
ZADH2,-0.6237753555655122,0.07191338073691014,0.2099015634047481
STK16,-0.8405867446386605,0.07207498383968972,0.21019108280254778
PRRC2A,1.0413574938396266,0.07255979314802845,0.21048060220034742
ZNF281,0.5980561423420607,0.07280219780219781,0.21077012159814706
PGPEP1,-0.8302262330329399,0.0728829993535876,0.21105964099594673
ATE1,0.6787874144549177,0.07304460245636717,0.21134916039374638
INSIG1,0.5502951319999511,0.0734486102133161,0.21163867979154605
KMT2A,0.638001799608418,0.07361021331609567,0.2119281991893457
ZBTB43,0.8477164234235076,0.0740142210730446,0.21221771858714533
MCTP2,0.6331045991278917,0.07417582417582418,0.212507237984945
EVPL,-1.1471831857700343,0.07425662572721396,0.21279675738274464
AKIRIN1,0.8913320498350197,0.07433742727860375,0.2130862767805443
WDR6,0.997964898326244,0.07441822882999354,0.21337579617834396
CENPU,0.997964898326244,0.07449903038138332,0.2136653155761436
CASP6,-1.0537997392007143,0.07457983193277311,0.21395483497394324
LYPD3,1.4232281291832711,0.07506464124111183,0.2142443543717429
CXCL8,4.301048456599049,0.0752262443438914,0.21453387376954255
FAIM,0.5686979627432645,0.07530704589528119,0.21482339316734222
SEC13,0.6098694737801886,0.07554945054945054,0.21511291256514187
FHOD1,0.8154760864232988,0.07563025210084033,0.2154024319629415
C14orf119,-0.6586216672214537,0.07571105365223012,0.21569195136074118
PHF23,0.5677561020661741,0.07587265675500969,0.21598147075854082
MAP3K11,-0.3541272080178191,0.07587265675500969,0.21598147075854082
RP11-182L21.6,-0.9977200281430645,0.07603425985778926,0.21656050955414013
TARS,1.1886992099148108,0.07603425985778926,0.21656050955414013
UBXN2A,-0.4100813340441382,0.07635746606334842,0.21713954834973942
C4orf27,-0.6027401309688628,0.07676147382029735,0.2174290677475391
KLF13,0.6227533795405905,0.07692307692307693,0.21771858714533873
LYPLA2,0.8100319477331709,0.07716548157724629,0.2180081065431384
CDIPT,-0.7675698480367331,0.07740788623141565,0.21829762594093804
DNAJC10,0.997964898326244,0.07748868778280543,0.2185871453387377
SEPT6,0.8154760864232988,0.07756948933419522,0.21887666473653736
COL1A2,1.0523704865620445,0.07773109243697479,0.219166184134337
POLR2C,-0.8533876719068034,0.07773109243697479,0.219166184134337
MPV17,-0.9376247248912918,0.07781189398836458,0.2197452229299363
ZCCHC11,0.5988392581386736,0.0782967032967033,0.22003474232773595
COA6,-0.5807181798986312,0.0782967032967033,0.22003474232773595
RRAGC,-0.4435761885502593,0.07845830639948287,0.22061378112333527
SURF2,0.4486176425267497,0.07853910795087266,0.2209033005211349
EIF2D,-0.7429138151049367,0.07861990950226244,0.22119281991893458
FAM174A,-1.029031834051772,0.07861990950226244,0.22119281991893458
AGO2,1.0565438976543025,0.07861990950226244,0.22119281991893458
UBE2G1,0.8762982475691304,0.07910471881060116,0.22206137811233354
SDHA,-0.45871610929501594,0.07926632191338073,0.22235089751013318
THOC2,0.7118276762189256,0.07999353587588881,0.22264041690793282
IFI30,-1.17884071408391,0.0800743374272786,0.2229299363057325
DNAJC9,0.5245664957600475,0.08031674208144797,0.22321945570353213
FLJ37453,-0.8729126321344906,0.08055914673561733,0.2235089751013318
UTP3,-0.6579376823605245,0.08055914673561733,0.2235089751013318
DUSP11,-0.8563145717395155,0.08063994828700712,0.2240880138969311
SPPL2A,0.5916548227289438,0.08063994828700712,0.2240880138969311
STK11,0.5603459571573787,0.08136716224951519,0.2246670526925304
MB21D1,-1.4476359483508079,0.08160956690368455,0.22495657209033004
CHSY1,0.5980561423420607,0.08177117000646413,0.2252460914881297
TTC32,-0.9849766539738349,0.08209437621202327,0.22553561088592936
MESDC2,0.6865438580893505,0.08233678086619263,0.225825130283729
P2RY1,-1.0342401250545314,0.08265998707175178,0.22611464968152867
CARD8,-0.37458593642087834,0.08290239172592113,0.2264041690793283
CDC73,0.29691677911127323,0.08290239172592113,0.2264041690793283
EXOC3,1.0702123565118122,0.08290239172592113,0.2264041690793283
SCO2,0.4143309335519261,0.08298319327731092,0.22727272727272727
CUL4A,0.35909779176355566,0.08306399482870071,0.22756224667052694
ZNF22,-0.7889374109818642,0.08346800258564964,0.22785176606832658
FBXL5,0.8231773237900922,0.08362960568842921,0.22814128546612622
FOXN3,0.5956119316076754,0.083710407239819,0.2284308048639259
PHF5A,-0.7268795619828643,0.08387201034259857,0.22872032426172553
FAM214B,0.9303261814508805,0.08387201034259857,0.22872032426172553
SYNRG,-0.9162639038898203,0.08395281189398836,0.22929936305732485
GPSM3,-0.5436050068815313,0.08419521654815773,0.2295888824551245
EZH2,1.1848490874291608,0.08427601809954752,0.22987840185292416
DBF4,0.7264841564862157,0.08451842275371688,0.2301679212507238
UBXN7,0.5986170657709343,0.08468002585649645,0.23045744064852344
SDE2,-0.8015861849890408,0.08484162895927602,0.2307469600463231
METTL9,0.5162664490958689,0.08508403361344538,0.23103647944412276
RAP1B,0.8980442226446329,0.08516483516483517,0.2313259988419224
C15orf40,-0.7672310281570905,0.0855688429217841,0.23161551823972207
PITPNA-AS1,-0.7866479375278579,0.08564964447317389,0.2319050376375217
CD109,1.4223331570448354,0.08573044602456367,0.23219455703532135
FBXW11,0.9807311348881257,0.08581124757595346,0.23248407643312102
PTPN1,0.7251430501466581,0.08645765998707175,0.23277359583092067
CEP63,-0.661441497175389,0.08661926308985132,0.23306311522872034
AHNAK2,-0.6651669867624436,0.08670006464124111,0.23335263462651998
PLAT,-1.313407183056284,0.0867808661926309,0.23364215402431962
PTPRE,0.9044475496252771,0.08686166774402068,0.2339316734221193
DCTN6,-0.7163070929944156,0.08710407239819004,0.23422119281991893
TBC1D10B,1.065810537564167,0.08718487394957983,0.23451071221771858
MGP,1.1148865292615924,0.08742727860374919,0.23480023161551825
AEBP2,-0.4748922567975141,0.08750808015513897,0.2350897510133179
CKS1B,0.9143183052504895,0.08775048480930833,0.23537927041111756
NEMF,-0.8817737427761045,0.08783128636069812,0.2356687898089172
KRR1,-0.4774147271870652,0.08807369101486749,0.23595830920671684
PPHLN1,0.899629384227966,0.08823529411764706,0.2362478286045165
REST,-0.4740640736284532,0.08823529411764706,0.2362478286045165
HNRNPUL2,1.1148865292615924,0.08831609566903685,0.2368268674001158
NUDT3,-0.29903579470040775,0.08847769877181642,0.23711638679791547
TRAF3IP3,-0.7077243866426379,0.08888170652876536,0.2374059061957151
DNAJC17,-0.833111624076513,0.0892049127343245,0.23769542559351475
SPI1,-0.8484595884099502,0.08968972204266322,0.23798494499131442
CCNB1IP1,-0.5765823293278006,0.08985132514544279,0.23827446438911407
CD68,0.5261652714226454,0.09001292824822237,0.23856398378691374
PPP4C,0.56095092416106,0.09025533290239172,0.23885350318471338
LETMD1,-0.3658178876662457,0.0904169360051713,0.23914302258251302
RAE1,-0.6452452687573671,0.0904169360051713,0.23914302258251302
SMAD3,1.9588953336476518,0.0909825468648998,0.23972206137811233
EIF2B2,-0.7274691992817176,0.09146735617323852,0.24001158077591198
ORC4,-0.8522362791554352,0.0915481577246283,0.24030110017371165
DYNLL2,0.6322448285178879,0.0915481577246283,0.24030110017371165
SMAGP,-1.1101889782878318,0.09235617323852618,0.24088013896931093
TRMT10C,-0.5803635568916489,0.09251777634130576,0.2411696583671106
IFT52,-0.9689108416142016,0.09300258564964448,0.24145917776491024
GOLIM4,0.44988168615979673,0.09308338720103426,0.2417486971627099
PPIE,-0.8109524055864085,0.09316418875242405,0.24203821656050956
LIMS1,0.5183227422616707,0.09332579185520362,0.2423277359583092
SPTSSA,0.5408453149177793,0.09332579185520362,0.2423277359583092
SOS2,0.7589577631389012,0.09332579185520362,0.2423277359583092
MSL1,1.027350635845747,0.09389140271493213,0.24319629415170815
EPAS1,1.197476695756908,0.0940530058177117,0.24348581354950782
TWSG1,-0.49551071868048396,0.09429541047188106,0.24377533294730747
MEX3B,-0.6651669867624436,0.09437621202327084,0.2440648523451071
SLC22A18AS,-0.9185322927862222,0.0952650290885585,0.24435437174290678
RWDD4,0.49034232504180886,0.09534583063994828,0.24464389114070642
TCEB3,0.9070564021280347,0.09542663219133807,0.2449334105385061
U2AF2,0.6645031884486691,0.09550743374272785,0.24522292993630573
IFI6,1.8475066531518325,0.09566903684550743,0.24551244933410538
CBX5,-0.4682231950393924,0.09566903684550743,0.24551244933410538
RBBP4,0.6232923018632138,0.09607304460245637,0.2460914881297047
METTL12,1.003138171609138,0.09607304460245637,0.2460914881297047
TMPO,-0.9861232425824819,0.09639625080801552,0.246670526925304
GSK3B,0.5475428811766645,0.09688106011635424,0.24696004632310364
RP1-313I6.12,-0.697228195994742,0.09752747252747253,0.2472495657209033
SS18,0.5125380711560035,0.09785067873303167,0.24753908511870296
TMUB1,0.6590241596334879,0.0989010989010989,0.2478286045165026
IPO7,0.7008981160606683,0.09914350355526826,0.24811812391430227
CMB9-22P13.1,-0.9162639038898203,0.09962831286360699,0.2484076433121019
PPM1K,-0.8279080294689729,0.10019392372333549,0.24869716270990155
PDE8A,0.7327262215657202,0.10035552682611507,0.24898668210770122
ZNF394,-0.8331116240765155,0.10043632837750485,0.24927620150550087
CXCL16,0.4773343308108326,0.10059793148028442,0.2495657209033005
YPEL2,0.7951969065702303,0.100759534583064,0.24985524030110018
HIPK2,0.7060088831899419,0.10124434389140272,0.2501447596988998
ERRFI1,0.7327262215657202,0.1019715578539108,0.25043427909669946
CBFB,0.4294279455182001,0.10205235940530058,0.2507237984944991
COL6A1,1.0911105290367265,0.1025371687136393,0.2510133178922988
ATP11B,0.9303261814508805,0.1031027795733678,0.25130283729009845
BLOC1S1,0.9210632601219144,0.10358758888170654,0.2515923566878981
SFT2D2,0.7060088831899419,0.10374919198448611,0.25188187608569773
PEX2,-0.6879949162167057,0.1038299935358759,0.2521713954834974
CD274,1.0880885441846162,0.10391079508726568,0.25246091488129707
WDR33,-0.3669398592022108,0.10407239819004525,0.2527504342790967
OCIAD2,-0.522388520971833,0.10415319974143504,0.25303995367689636
ZMAT5,-0.8007628463786548,0.10423400129282483,0.253329473074696
FRA10AC1,-0.6879949162167057,0.10431480284421461,0.25361899247249564
MED8,-0.8846419247165973,0.10504201680672269,0.2539085118702953
ZNF580,-0.5436050068815313,0.10536522301228184,0.254198031268095
MTMR6,0.834906616372199,0.10544602456367162,0.2544875506658946
RARS2,-0.7274691992817176,0.10576923076923077,0.25477707006369427
TM2D3,-0.5991001194732352,0.10609243697478991,0.2550665894614939
TBC1D9B,-0.5241088312557324,0.10625404007756949,0.25535610885929355
FAR1,0.6662421611358037,0.10641564318034906,0.25564562825709325
DNAJC2,0.6355033167261179,0.10649644473173885,0.2559351476548929
RBM28,0.8574933014394404,0.10657724628312863,0.25622466705269253
PAQR5,0.7208106293506231,0.10681965093729799,0.2565141864504922
AC104655.3,1.0284762025428933,0.10714285714285714,0.2568037058482918
FBRS,0.9363879342380835,0.10762766645119587,0.25709322524609146
CYTH2,-0.5749691777908673,0.10762766645119587,0.25709322524609146
SEC22C,0.6276226538284204,0.10762766645119587,0.25709322524609146
OAZ2,-0.4493546810854806,0.10835488041370395,0.25796178343949044
CTBS,-0.6060015440193971,0.10843568196509373,0.2582513028372901
MALSU1,-0.8140568842778084,0.10867808661926309,0.25854082223508973
PRRC1,0.5448329577860532,0.10875888817065288,0.2588303416328894
ATP6V1C1,-0.7500558843489564,0.10883968972204267,0.25911986103068907
CATSPER1,0.8662707872815351,0.10883968972204267,0.25911986103068907
TYMS,1.5180340589108576,0.10892049127343245,0.25969889982628835
CRK,0.4502164181893449,0.10916289592760181,0.259988419224088
EIF1AY,-1.510298920264352,0.10948610213316096,0.26027793862188764
ZNRF1,-0.3930899950958883,0.10964770523594053,0.26056745801968734
PSMC4,0.5205253305381867,0.10972850678733032,0.260856977417487
CHD2,1.2138246898443925,0.10997091144149967,0.2611464968152866
FST,-1.5658349542649954,0.10997091144149967,0.2611464968152866
ACO2,0.834906616372199,0.11005171299288946,0.2617255356108859
EDEM1,0.8312931015441012,0.11005171299288946,0.2617255356108859
ESF1,0.9948149079025967,0.11013251454427925,0.26230457440648525
SDHB,-0.47077212687008857,0.11021331609566903,0.2625940938042849
ZNF131,-0.5436050068815313,0.11053652230122818,0.26288361320208453
TNIP2,0.7327262215657202,0.11053652230122818,0.26288361320208453
PIGP,-0.6338028158531076,0.11110213316095668,0.26346265199768387
SLC39A10,0.6787874144549177,0.1116677440206852,0.2637521713954835
SCRN2,-0.8691808787840353,0.11182934712346478,0.26404169079328316
RNF138,0.5677561020661741,0.11182934712346478,0.26404169079328316
TMX3,0.883405134063389,0.11182934712346478,0.26404169079328316
TMEM176A,2.430399784585526,0.11191014867485456,0.2649102489866821
CORO1C,0.663439450121483,0.11255656108597285,0.2651997683844818
CAPN3,-1.6860492719017361,0.11304137039431157,0.2654892877822814
COMTD1,0.7847208592039823,0.11352617970265029,0.26577880718008107
CHST11,0.6063356201066288,0.11393018745959922,0.2660683265778807
ICE2,0.5980561423420607,0.11425339366515837,0.26635784597568035
FBXO4,-0.5436050068815313,0.11433419521654815,0.26664736537348005
LONRF1,-0.5436050068815313,0.11441499676793794,0.2669368847712797
URI1,-0.4267237065859111,0.1146574014221073,0.26722640416907933
POLR2B,0.8647378398233059,0.1146574014221073,0.26722640416907933
FKBP5,1.6385983243392201,0.11473820297349709,0.2678054429646786
AIP,-0.5036662615113886,0.1152230122818358,0.26809496236247826
TMED4,-0.5113646698813199,0.1159502262443439,0.26838448176027796
ESYT2,0.7208106293506231,0.11691984486102133,0.2686740011580776
TOPORS,0.6200934201958952,0.11700064641241112,0.26896352055587724
PTOV1,0.8454372838643703,0.11724305106658048,0.2692530399536769
ANAPC15,0.6574926360916893,0.1182934712346477,0.26954255935147653
RIOK3,-0.5092535020907545,0.11853587588881706,0.2698320787492762
TRIM8,0.6294597020913518,0.11853587588881706,0.2698320787492762
PAXBP1,0.7327262215657202,0.11853587588881706,0.2698320787492762
RBBP5,-0.9861232425824819,0.11918228829993537,0.27070063694267515
THAP5,-0.6725027400637884,0.11974789915966387,0.2709901563404748
MRGPRX2,-0.5664148897896173,0.12023270846800259,0.27127967573827444
PCGF5,0.9500894362723104,0.12031351001939238,0.27156919513607414
CAB39,0.6467262052226194,0.12031351001939238,0.27156919513607414
GNL3,0.5137281681844215,0.12039431157078216,0.2721482339316734
STX16,-0.6944716725081593,0.12168713639301874,0.27243775332947306
TFIP11,-0.8484595884099502,0.12176793794440853,0.2727272727272727
ADK,-0.7179351874438433,0.12184873949579832,0.2730167921250724
ZBTB2,-0.8441141181339871,0.12209114414996768,0.27330631152287205
DIP2C,0.7274221897057954,0.12241435035552682,0.2735958309206717
PTS,0.47809006421778916,0.12249515190691661,0.27388535031847133
PRKRIP1,-0.814907028698924,0.12249515190691661,0.27388535031847133
SLC30A7,0.8173926526844248,0.12249515190691661,0.27388535031847133
CCDC109B,-0.5092535020907545,0.12306076276664513,0.2747539085118703
PSMC3,0.5938985168684049,0.12314156431803491,0.27504342790966996
STXBP3,0.3475815059795448,0.1237879767291532,0.2753329473074696
C22orf39,0.6103463583530436,0.12403038138332256,0.27562246670526924
COL6A2,0.8607852481978076,0.12435358758888171,0.2759119861030689
BET1L,-0.6651669867624436,0.12475759534583064,0.2762015055008686
MLF2,0.46945114594391696,0.12605042016806722,0.2764910248986682
NDUFAF4,0.6103463583530436,0.12693923723335487,0.27678054429646787
EHD1,0.7028328884215674,0.12710084033613445,0.2770700636942675
SPOCK3,1.1367770589183082,0.1273432449903038,0.27735958309206715
PPP2R2D,0.6112805950966398,0.12758564964447316,0.2776491024898668
IPO5,0.8607852481978076,0.12807045895281188,0.2779386218876665
DDX6,0.5067491930055211,0.12831286360698124,0.27822814128546614
TPSG1,-0.7173720746182388,0.1286360698125404,0.2785176606832658
DUSP3,0.9252993643760492,0.12871687136393017,0.2788071800810654
ADNP2,0.6787874144549177,0.12871687136393017,0.2788071800810654
EPB41L2,1.1367770589183082,0.12887847446670975,0.27938621887666476
SHC1,0.44218113389877145,0.12887847446670975,0.27938621887666476
RAB30,-0.697228195994742,0.12895927601809956,0.27996525767226405
FILIP1L,-0.5777532292933784,0.12944408532643828,0.2802547770700637
RNF13,-0.5102464099351004,0.12952488687782807,0.28054429646786333
SLC52A2,0.6510424239720127,0.12976729153199743,0.280833815865663
MFSD14B,0.584150540316843,0.129928894634777,0.28112333526346267
MEF2A,0.8034140689686624,0.129928894634777,0.28112333526346267
OARD1,-0.5999674495006435,0.13033290239172593,0.28170237405906196
CLIP1,0.8799945059007394,0.13081771170006465,0.2819918934568616
AK2,0.6358788229856253,0.13081771170006465,0.2819918934568616
TBC1D10A,0.5221970515142148,0.13097931480284422,0.28257093225246094
DHX30,0.5037007078968261,0.13146412411118294,0.2828604516502606
TRAPPC3,-0.5529731894157263,0.13243374272786038,0.2831499710480602
IDH1,-0.4486566028262688,0.13259534583063995,0.28343949044585987
KHDRBS3,-0.7749305529879845,0.1328377504848093,0.2837290098436595
SOCS3,0.4235303592128452,0.13299935358758888,0.28401852924145915
HSPA13,0.6535868603297772,0.13316095669036845,0.28430804863925885
ENO2,0.49034232504180886,0.13332255979314803,0.2845975680370585
KLHL15,-1.1774771080836328,0.1334033613445378,0.28488708743485813
TTF1,-0.8140568842778084,0.13356496444731739,0.2851766068326578
JKAMP,-0.777493067055809,0.13372656755009696,0.2854661262304574
TMEM43,0.6607534916246559,0.1341305753070459,0.2857556456282571
IL10RB,-0.833111624076513,0.13421137685843568,0.28604516502605676
CPEB2,0.8985007355954859,0.13477698771816418,0.2863346844238564
SLC11A2,0.6139362701049501,0.13493859082094375,0.28662420382165604
IVNS1ABP,0.6335226807191358,0.13542340012928247,0.2869137232194557
CENPW,0.946720619701552,0.13574660633484162,0.2872032426172554
SLC25A39,0.5584931807372054,0.1358274078862314,0.287492762015055
ITGAV,1.0154788620140207,0.13606981254040076,0.28778228141285467
ITPR2,0.8392520866481646,0.13606981254040076,0.28778228141285467
PPM1B,0.6103463583530436,0.13606981254040076,0.28778228141285467
PGRMC2,-0.5642152865568181,0.13615061409179055,0.2886508396062536
FCGRT,-0.6983276016801716,0.13623141564318034,0.2889403590040533
GCC2,-0.5436050068815288,0.13631221719457012,0.28922987840185294
ANKLE2,0.6045965164036632,0.1363930187459599,0.2895193977996526
CDK15,0.9029107238704822,0.13663542340012927,0.2898089171974522
R3HDM2,-0.4605492671539722,0.13679702650290887,0.29009843659525186
TMEM173,-0.6043590379606271,0.13679702650290887,0.29009843659525186
ZFYVE28,0.9486754913297749,0.13703943115707823,0.2906774753908512
PTPN18,-0.5436050068815313,0.13760504201680673,0.29096699478865085
HIBCH,-0.8780240459520888,0.13760504201680673,0.29096699478865085
AVPI1,-0.8622874422652382,0.13849385908209438,0.29154603358425013
APPBP2,0.9654086406063288,0.13849385908209438,0.29154603358425013
OXR1,0.3346065127204283,0.13849385908209438,0.29154603358425013
TBPL1,0.5986170657709343,0.13857466063348417,0.2924145917776491
NGLY1,-0.5996390417958559,0.13865546218487396,0.29270411117544876
MEF2D,0.7630563313525219,0.13881706528765353,0.2929936305732484
TNS1,0.5037007078968261,0.1390594699418229,0.29328314997104804
CUX1,-0.6338028158531076,0.13922107304460246,0.29357266936884774
GOSR1,-0.5916992950825736,0.1401098901098901,0.2938621887666474
UBR2,0.5475428811766645,0.1401098901098901,0.2938621887666474
SIRT2,0.5277796263552347,0.1401906916612799,0.29444122756224667
HPS1,0.7589577631389012,0.14027149321266968,0.2947307469600463
IL1RAP,1.1367770589183082,0.14067550096961862,0.29502026635784595
MTMR3,0.5938985168684049,0.1408371040723982,0.29530978575564565
LUZP1,1.0316095172880648,0.14107950872656755,0.2955993051534453
ABL2,0.8768869224894219,0.14107950872656755,0.2955993051534453
FBXL15,0.4972672745339968,0.14124111182934712,0.2961783439490446
ERLEC1,0.5408453149177793,0.1413219133807369,0.2964678633468442
RAB22A,0.5559306666693862,0.14156431803490627,0.2967573827446439
BAD,0.48286720447966136,0.14277634130575306,0.29704690214244356
HK1,0.765723051226199,0.14334195216548157,0.2973364215402432
TAF9,-0.5246841449843015,0.14342275371687135,0.29762594093804284
ZMPSTE24,0.7847208592039823,0.1437459599224305,0.2979154603358425
GPS2,-0.8123081628020171,0.14382676147382029,0.29820497973364213
CDCA4,0.9911717366714099,0.14406916612798965,0.2984944991314418
UAP1,-0.7077243866426379,0.14423076923076922,0.29878401852924147
GLCE,-0.4534071979099525,0.14471557853910796,0.2990735379270411
TMEM101,-0.6115090713833343,0.14471557853910796,0.2990735379270411
SSRP1,0.7847208592039823,0.14479638009049775,0.2996525767226404
CFAP97,0.38283838614838683,0.14495798319327732,0.2999420961204401
WHSC1,0.883405134063389,0.14520038784744668,0.30023161551823974
G6PD,0.612189665725894,0.14528118939883647,0.3005211349160394
BBS4,-0.882811093200727,0.14600840336134455,0.300810654313839
SMS,-0.47077212687008857,0.14600840336134455,0.300810654313839
DIDO1,0.6294597020913518,0.14617000646412412,0.3013896931094383
USP8,0.7547362676882181,0.14657401422107305,0.301679212507238
TTC39B,0.581353263549291,0.14673561732385262,0.30196873190503765
UFSP2,-0.7500558843489564,0.14738202973497092,0.3022582513028373
TEX264,-0.6205669886964136,0.14778603749191985,0.30254777070063693
GPATCH2L,0.7552394748927915,0.14835164835164835,0.3028372900984366
STAM,0.574336250489886,0.14843244990303814,0.30312680949623627
EMC8,0.7003205760045607,0.14851325145442792,0.3034163288940359
GCSH,-0.5436050068815288,0.1485940530058177,0.30370584829183556
WIPF2,-0.6162740745797639,0.14875565610859728,0.3039953676896352
NRBP1,0.4747735224333235,0.14899806076276664,0.30428488708743484
STAT1,1.7393289563899692,0.14940206851971558,0.3045744064852345
ITPRIP,0.6912245176931415,0.14972527472527472,0.3048639258830342
PPP2R5C,-0.5010131301570616,0.15021008403361344,0.3051534452808338
MTCH2,0.821391809897718,0.15029088558500323,0.30544296467863347
MRPL48,0.8003493943358325,0.150371687136393,0.3057324840764331
MAPKAP1,1.0702123565118122,0.15053329023917258,0.30602200347423275
MMADHC,-0.8036678461840324,0.1510989010989011,0.30631152287203245
TIMM44,0.946720619701552,0.15126050420168066,0.3066010422698321
C17orf89,0.7525776751692752,0.15142210730446024,0.30689056166763173
KLHL21,1.0956005386236123,0.15190691661279895,0.3071800810654314
SMARCC2,-0.7500558843489564,0.1523917259211377,0.307469600463231
SLC16A7,-0.5108150717638621,0.15328054298642535,0.3077591198610307
CLIP2,1.0413574938396266,0.15344214608920492,0.30804863925883036
PRKAR1B,0.5125380711560035,0.15433096315449257,0.30833815865663
HSD17B12,0.9740475588801984,0.15489657401422108,0.30862767805442964
TRNAU1AP,-0.6651669867624436,0.15497737556561086,0.3089171974522293
PYCR2,0.8292042570080183,0.15505817711700065,0.30920671685002893
CCDC174,0.5908803253054892,0.15521978021978022,0.3094962362478286
DHX29,0.49034232504180886,0.1553813833225598,0.30978575564562827
PACSIN2,0.5205253305381867,0.15562378797672916,0.3100752750434279
SLC38A11,0.6449727014626747,0.15586619263089851,0.31036479444122755
MRPS15,0.6186664220173475,0.1560277957336781,0.3106543138390272
CUL5,0.5538608025540855,0.15675500969618616,0.3109438332368269
KCMF1,0.5921130029760308,0.1570782159017453,0.31123335263462654
TOP2A,2.201353378038207,0.15723981900452488,0.3115228720324262
GDE1,0.8003493943358325,0.15748222365869424,0.3118123914302258
DCUN1D5,0.5277796263552347,0.1578054298642534,0.31210191082802546
PSMB9,1.233200851816468,0.1583710407239819,0.3123914302258251
MFF,0.3608173331362388,0.1589366515837104,0.3126809496236248
CBR1,-0.8828110932007296,0.15901745313510018,0.31297046902142445
RALGDS,0.4723365369874926,0.15942146089204912,0.3132599884192241
EVA1B,-0.6546363192702749,0.15982546864899805,0.31354950781702373
MRPS12,0.47809006421778916,0.1601486748545572,0.3138390272148234
RPP30,-0.6907587006651824,0.1601486748545572,0.3138390272148234
FGD5-AS1,-0.5754890679013155,0.1603102779573368,0.3144180660104227
KLHL42,0.5892892636158145,0.16136069812540402,0.31470758540822236
C21orf59,-0.4944872403168393,0.1615223012281836,0.314997104806022
MED31,-0.6847327440164083,0.16216871363930188,0.31528662420382164
KMT2C,0.7898187268436613,0.16241111829347124,0.3155761436016213
PRPF38A,-0.5067290046464984,0.16249191984486103,0.315865662999421
ZNF330,-0.609193348509106,0.16249191984486103,0.315865662999421
RABGGTB,-0.4248352166192377,0.16273432449903039,0.31644470179502027
RP1-43E13.2,-0.8674426917775241,0.1644311570782159,0.3167342211928199
FUOM,1.1676739436210266,0.1649967679379444,0.31702374059061955
FLVCR1,-0.8907036775038003,0.1650775694893342,0.31731325998841925
GNPTG,-0.6457854016880101,0.16515837104072398,0.3176027793862189
RNF10,0.6131990728273404,0.1655623787976729,0.31789229878401853
PPP1R35,-0.4881098942898275,0.1656431803490627,0.3181818181818182
FUBP3,-0.8862066700336416,0.16580478345184227,0.3184713375796178
RP11-295G20.2,1.1387542566342062,0.16580478345184227,0.3184713375796178
PLCL1,-0.4748922567975141,0.16637039431157077,0.31905037637521716
PRPF4,-0.5147501442093431,0.16637039431157077,0.31905037637521716
PPP1R11,-0.43149464055999176,0.16653199741435035,0.31962941517081644
ADIPOR1,0.2735309359686606,0.16661279896574013,0.3199189345686161
NKIRAS2,-0.7646840962739453,0.16669360051712992,0.32020845396641573
CDC42SE1,0.6699904662177588,0.1668552036199095,0.3204979733642154
RPPH1,-0.7889374109818642,0.16693600517129928,0.32078749276201507
RIN3,0.5589099037444057,0.16709760827407885,0.3210770121598147
U2SURP,-0.39658532095073584,0.16725921137685842,0.32136653155761435
FOXN2,-0.7186917134396203,0.1673400129282482,0.321656050955414
TAF12,-0.6297616506312441,0.16766321913380736,0.32194557035321364
MGMT,-0.7793007041248162,0.1682288299935359,0.32223508975101334
DDX26B,-0.661441497175389,0.16863283775048482,0.322524609148813
RNF125,-0.6725027400637884,0.1687136393018746,0.3228141285466126
TESK2,1.0284762025428933,0.1687136393018746,0.3228141285466126
QDPR,-0.5147501442093431,0.1687944408532644,0.3233931673422119
AP2A2,0.5559306666693862,0.1687944408532644,0.3233931673422119
ATF6,0.7327262215657202,0.16968325791855204,0.32397220613781125
TMEM218,-0.4951064891903412,0.16984486102133162,0.3242617255356109
KDM2A,-0.37948562712042466,0.1700064641241112,0.32455124493341053
TARDBP,0.8628193620926051,0.17016806722689076,0.3248407643312102
DCAF11,-0.9180005216630257,0.17016806722689076,0.3248407643312102
UGCG,-0.5342972646553016,0.17024886877828055,0.3254198031268095
MSH6,-0.42074825909599717,0.17081447963800905,0.32570932252460916
TGFB1I1,-0.4055027302527423,0.17097608274078863,0.3259988419224088
PUM3,0.612189665725894,0.1710568842921784,0.32628836132020844
ULK3,-0.6070303870231657,0.1711376858435682,0.3265778807180081
PHAX,0.5538608025540855,0.17138009049773756,0.3268674001158078
ATF7IP,0.5559306666693862,0.17154169360051713,0.3271569195136074
KIAA2026,-0.760416395954677,0.17162249515190692,0.32744643891140707
NAB2,-0.38808742926024103,0.1717840982546865,0.3277359583092067
APLP2,0.5988392581386736,0.17210730446024564,0.32802547770700635
ECI1,-0.5818243291120199,0.17218810601163542,0.328314997104806
RB1CC1,0.39353496927989545,0.17251131221719457,0.3286045165026057
TCEA2,-0.4634346581975453,0.1728345184227537,0.32889403590040533
CRTC3,0.4329360202944799,0.1729961215255333,0.329183555298205
MED13L,-0.4432031099236905,0.1729961215255333,0.329183555298205
TBC1D20,1.3308641110346109,0.1729961215255333,0.329183555298205
TBK1,0.6041486135621632,0.17307692307692307,0.33005211349160396
C16orf87,0.7215370619142564,0.17323852617970265,0.3303416328894036
CRTC2,0.7847208592039823,0.17331932773109243,0.33063115228720324
SDHAF2,-0.8793957551506376,0.173480930833872,0.3309206716850029
UBAP1,0.7003205760045607,0.17364253393665158,0.33121019108280253
RFXANK,-0.7429138151049367,0.17380413703943115,0.3314997104806022
RC3H1,0.6550388116823092,0.17396574014221072,0.33178922987840187
RNF38,0.3838824933341028,0.1741273432449903,0.3320787492762015
NFKB2,0.5628459347491135,0.17420814479638008,0.33236826867400115
TMEM159,-0.5436050068815313,0.17461215255332901,0.3326577880718008
ARFGEF1,0.3494797892019585,0.17550096961861666,0.33294730746960044
CTB-50L17.10,-0.7300181311124112,0.1760665804783452,0.33323682686740014
NUP98,0.7432761409066314,0.1760665804783452,0.33323682686740014
TOX,-0.6579376823605245,0.17630898513251456,0.3338158656629994
JMJD1C,0.7306885163669464,0.17647058823529413,0.33410538506079906
CHAMP1,-0.6879949162167032,0.17679379444085327,0.3343949044585987
SPSB3,-0.3387000122739224,0.17703619909502263,0.3346844238563984
FAM192A,0.8173926526844248,0.1771978021978022,0.33497394325419805
PIGX,0.7060088831899419,0.17735940530058178,0.3352634626519977
RGCC,1.2996694894310181,0.17744020685197157,0.33555298204979733
C5orf15,0.5254366375481228,0.1777634130575307,0.335842501447597
COL1A1,1.1284431106033375,0.1784906270200388,0.3361320208453966
SLC4A1AP,-0.7300181311124112,0.17865223012281836,0.3364215402431963
CS,0.8852382919223454,0.17889463477698772,0.33671105964099596
PCNA,0.8100319477331683,0.17937944408532644,0.3370005790387956
GLUD1,0.33775049661984907,0.179541047188106,0.33729009843659524
SLC4A7,0.3812935378777503,0.17978345184227537,0.3375796178343949
GINM1,0.5404592579069437,0.1807530704589528,0.3378691372321946
ZNF322,-0.9286299370939336,0.1808338720103426,0.3381586566299942
RALBP1,0.3543230838586022,0.18115707821590174,0.33844817602779387
ZNF667-AS1,-0.4386354472799882,0.18123787976729153,0.3387376954255935
ADAM12,1.3764266884150556,0.18172268907563024,0.33902721482339315
MED21,-0.47145522112569554,0.18172268907563024,0.33902721482339315
HPCAL1,0.6500761178133891,0.1819650937297996,0.3396062536189925
ATG101,0.4242828079647169,0.18220749838396896,0.33989577301679214
STARD7,0.5862752756653806,0.18228829993535875,0.3401852924145918
PSMA6,0.49034232504180886,0.18236910148674854,0.3404748118123914
STRN3,0.6347322343769833,0.18269230769230768,0.34076433121019106
CERS4,-0.7179351874438433,0.18350032320620555,0.34105385060799076
CMTM3,0.4167112916459875,0.18366192630898515,0.3413433700057904
MRPL43,-0.2868883248042138,0.18382352941176472,0.34163288940359005
PHF3,0.3216846842602158,0.18406593406593408,0.3419224088013897
NFKBID,1.0309783480596266,0.1851163542340013,0.34221192819918933
GRSF1,-0.520335227558683,0.18543956043956045,0.342501447596989
NDUFAF2,0.3780666324335117,0.18552036199095023,0.34279096699478867
TMEM259,0.3460345456759652,0.1856819650937298,0.3430804863925883
SMARCE1,-0.6129787099221928,0.1863283775048481,0.34337000579038796
FDFT1,0.4510417586242642,0.1863283775048481,0.34337000579038796
GYPC,0.6929315967751869,0.18673238526179703,0.34394904458598724
U2AF1L4,-0.6579376823605245,0.18681318681318682,0.34423856398378694
RP9,0.7630563313525219,0.1868939883645766,0.3445280833815866
PPP6R1,0.70283288842157,0.1869747899159664,0.3448176027793862
LAMTOR3,-0.519151963156991,0.18705559146735617,0.34510712217718587
MRFAP1L1,-0.492530822287259,0.18737879767291532,0.3453966415749855
BCL3,0.7437846693013535,0.1874595992243051,0.34568616097278515
ELK4,0.7744707625102266,0.18883322559793148,0.34597568037058485
NPRL2,-0.6779060985931207,0.18899482870071105,0.3462651997683845
TWF2,0.7274221897057954,0.18899482870071105,0.3462651997683845
AP1S1,0.656927980491178,0.18907563025210083,0.3468442385639838
CLPTM1L,0.5967162815158833,0.18915643180349062,0.3471337579617834
PPP4R3A,0.5467414952147239,0.1898028442146089,0.3474232773595831
ZNF677,-0.3866356605431319,0.1904492566257272,0.34771279675738276
KIAA0040,-0.6220316538383479,0.19061085972850678,0.3480023161551824
MRPS33,-0.5916992950825736,0.19117647058823528,0.34829183555298204
RBM4,-0.5436050068815313,0.19125727213962507,0.3485813549507817
PDIA4,0.9930619367988445,0.19206528765352296,0.34887087434858133
LAIR1,-0.7469331665910572,0.19230769230769232,0.349160393746381
XPA,-0.8522362791554352,0.19230769230769232,0.349160393746381
FMR1,0.5254366375481228,0.19279250161603104,0.3497394325419803
CLK4,-0.3586872909637466,0.1929541047188106,0.35002895193977995
STXBP2,-0.5838221069579319,0.1929541047188106,0.35002895193977995
UFD1L,0.35289041736460824,0.19319650937297997,0.3506079907353793
CTDNEP1,0.6041486135621607,0.19327731092436976,0.35089751013317894
TMEM115,0.8003493943358325,0.19335811247575954,0.3511870295309786
APOD,-0.9981708703470091,0.19376212023270847,0.3514765489287782
EPRS,0.4474618683484619,0.19384292178409826,0.35176606832657786
APH1A,-0.5000486408947896,0.19392372333548805,0.3520555877243775
MRPL37,-0.7635706908234374,0.19392372333548805,0.3520555877243775
ST8SIA1,0.6965986905713794,0.19392372333548805,0.3520555877243775
RPIA,-0.6284939044680415,0.19400452488687783,0.3529241459177765
COA4,-0.6185670645627526,0.1942469295410472,0.35321366531557613
NFKBIB,0.37393283292649626,0.19448933419521655,0.3535031847133758
EPC1,-0.35003542071083715,0.19529734970911442,0.35379270411117547
IPO11,0.656927980491178,0.1953781512605042,0.3540822235089751
RDH11,0.7951969065702303,0.19570135746606335,0.35437174290677476
PUM1,0.306571197732666,0.19626696832579185,0.3546612623045744
STX7,0.49034232504180886,0.19667097608274078,0.35495078170237404
TMA16,0.6550388116823092,0.19683257918552036,0.35524030110017374
MIS18BP1,-0.39396892798039457,0.19739819004524886,0.3555298204979734
CPNE8,-0.661441497175389,0.19739819004524886,0.3555298204979734
CEP170,0.5538608025540855,0.19820620555914673,0.35610885929357267
DKC1,0.9334421546727383,0.19820620555914673,0.35610885929357267
ASCC1,0.7589577631389012,0.19820620555914673,0.35610885929357267
QARS,0.5938985168684049,0.19844861021331608,0.35697741748697165
SDSL,0.8100319477331709,0.19852941176470587,0.3572669368847713
COA1,-0.5436050068815313,0.19909502262443438,0.35755645628257093
ATP5EP2,-0.8691808787840353,0.19982223658694248,0.3578459756803706
RASA2,0.6239949416145383,0.19998383968972205,0.3581354950781702
PCYT1A,0.5771471525790819,0.20054945054945056,0.3584250144759699
CNPPD1,-0.3866356605431319,0.20079185520361992,0.35871453387376956
TTN,-0.9061750862662377,0.20103425985778928,0.3590040532715692
SLC9A3R1,0.4502164181893449,0.20127666451195864,0.35929357266936884
ACBD6,-0.4970624209444989,0.2014382676147382,0.3595830920671685
FAM105A,0.638001799608418,0.20159987071751778,0.35987261146496813
NECAP1,-0.5771575665925576,0.20176147382029735,0.3601621308627678
SLC39A3,0.7589577631389012,0.20224628312863607,0.36045165026056747
ARPC1A,-0.7642931220057302,0.20224628312863607,0.36045165026056747
RGS16,-0.777493067055809,0.20248868778280543,0.36103068905616675
LRRC58,-0.43149464055999176,0.20281189398836458,0.3613202084539664
TROVE2,0.29833014688621773,0.20297349709114415,0.3616097278517661
VRK1,-0.7077243866426379,0.20297349709114415,0.3616097278517661
BIRC5,1.0413574938396266,0.20313510019392372,0.3621887666473654
CD300A,0.39320116663127636,0.20313510019392372,0.3621887666473654
C5orf30,0.29833014688621773,0.2032159017453135,0.36276780544296466
TNFAIP8,-0.5436050068815288,0.20337750484809308,0.3630573248407643
METTL7A,-0.7846131063853254,0.20337750484809308,0.3630573248407643
ERO1A,0.6163908773170519,0.20378151260504201,0.36363636363636365
FXYD1,0.6447399336272392,0.20410471881060116,0.3639258830341633
LYRM4,-0.6115090713833343,0.20426632191338073,0.36421540243196293
RAB1B,-0.5611990668962665,0.20531674208144796,0.3645049218297626
CRYL1,-0.5651381684311716,0.20555914673561732,0.36479444122756227
FAM96A,-0.5241088312557324,0.20555914673561732,0.36479444122756227
COA3,-0.5688055610066718,0.20604395604395603,0.36537348002316156
UBR4,0.4502164181893449,0.20636716224951518,0.3656629994209612
PLEKHA2,0.834906616372199,0.20636716224951518,0.3656629994209612
PLEC,0.4281613123895264,0.20660956690368454,0.3662420382165605
KAT6B,-0.48646109977792096,0.20669036845507432,0.3665315576143602
ZNRD1,-0.37315106133030645,0.20693277310924368,0.3668210770121598
FAM199X,0.40315297184149007,0.20709437621202328,0.36711059640995947
LMF2,0.642491285231927,0.20733678086619264,0.3674001158077591
HDAC1,-0.40930391516993686,0.20733678086619264,0.3674001158077591
MAP2K2,-0.4587161092950185,0.20774078862314158,0.36797915460335845
C1orf27,0.6294597020913518,0.2081447963800905,0.3682686740011581
KIDINS220,0.3480831820833175,0.20862960568842923,0.36855819339895773
VTI1B,0.47388241984731133,0.20887201034259859,0.3688477127967574
PAPD7,0.8100319477331709,0.20887201034259859,0.3688477127967574
OTUD4,0.7497539358090615,0.20895281189398837,0.36942675159235666
G2E3,0.6294597020913518,0.2093568196509373,0.36971627099015636
DEF6,-0.8484595884099502,0.2093568196509373,0.36971627099015636
NAPRT,0.5511732178705712,0.20959922430510666,0.37029530978575564
UBE2W,0.5892892636158145,0.2099224305106658,0.3705848291835553
CTD-2336O2.1,-0.7825077502424252,0.2100032320620556,0.37087434858135493
RUNX2,0.578385517497082,0.21081124757595346,0.3711638679791546
TMEM55B,-0.41669289439931056,0.21105365223012282,0.37145338737695427
CREBZF,-0.3171770723099265,0.21137685843568196,0.3717429067747539
RPN2,0.6942588232173577,0.21145765998707175,0.37203242617255355
SEC63,0.2992940320337392,0.21153846153846154,0.3723219455703532
PRPF18,-0.6406294612763926,0.2117808661926309,0.37261146496815284
RFX1,0.8526552853666836,0.21202327084680025,0.37290098436595254
RTCA,-0.3630327612397097,0.2123464770523594,0.3731905037637522
WSB2,0.7951969065702303,0.21250808015513897,0.3734800231615518
STK32C,-0.3743926234042568,0.21266968325791855,0.37376954255935146
MRPL19,-0.48966619977072623,0.21275048480930833,0.3740590619571511
PLXNC1,1.469691815731926,0.21283128636069812,0.3743485813549508
SEMA4A,0.96293084688281,0.2129120879120879,0.37463810075275045
DPF2,-0.5698365484547097,0.21315449256625726,0.3749276201505501
SPARC,0.9511596848680478,0.21315449256625726,0.3749276201505501
HTATSF1,-0.3541272080178191,0.21315449256625726,0.3749276201505501
SAMD8,0.8852382919223454,0.2134776987718164,0.37579617834394907
CCDC12,-0.355591377670779,0.21380090497737556,0.3760856977417487
MYO6,0.5660194842929687,0.21444731738849385,0.37637521713954836
RNPC3,1.0702123565118122,0.2146897220426632,0.376664736537348
CCNK,0.5277796263552347,0.21509372979961217,0.37695425593514764
CFAP20,-0.4748922567975141,0.21533613445378152,0.3772437753329473
PMM1,0.5343975051197433,0.21533613445378152,0.3772437753329473
SEC24D,0.5603459571573787,0.21582094376212024,0.3778228141285466
TRIP11,0.5771471525790819,0.21590174531351003,0.37811233352634627
GLYR1,0.6389864063969427,0.21646735617323853,0.3784018529241459
NCOA7,0.7385968096902223,0.21703296703296704,0.37869137232194555
KANK2,-0.5436050068815288,0.21767937944408533,0.37898089171974525
UBE2E1,0.3357135106960077,0.2179217840982547,0.3792704111175449
C6orf48,-0.31359940143520626,0.21856819650937298,0.37955993051534453
DENND1B,0.43655018172159865,0.21864899806076277,0.3798494499131442
SKA2,0.3443683753843576,0.21913380736910149,0.3801389693109438
CALCOCO2,0.3006373236027492,0.21929541047188106,0.38042848870874346
NFATC2IP,0.6479264507501575,0.21945701357466063,0.38071800810654316
FUCA2,0.37393283292649626,0.21945701357466063,0.38071800810654316
PVRL2,0.6389864063969427,0.21994182288299935,0.38129704690214244
ARL13B,-0.38201586460728104,0.22002262443438914,0.3815865662999421
SGPP1,-0.6632752375441471,0.22010342598577892,0.38187608569774173
HGS,0.7327262215657202,0.22034583063994828,0.3821656050955414
ALDH9A1,-0.45680017934425565,0.22066903684550743,0.38245512449334107
BORCS6,-0.41236047360327555,0.2213962508080155,0.3827446438911407
EXOC5,0.6207818110193511,0.22188106011635422,0.38303416328894035
CBWD1,-0.6651669867624436,0.22188106011635422,0.38303416328894035
ARCN1,0.39320116663127636,0.2220426632191338,0.38361320208453964
KRIT1,-0.39496092552639495,0.2220426632191338,0.38361320208453964
TM2D2,-0.6037259993191015,0.2226082740788623,0.384192240880139
CEBPZOS,-0.4676561536482309,0.2227698771816419,0.3844817602779386
FBL,-0.309416158081236,0.22317388493859083,0.38477127967573826
HECA,0.7475001645389323,0.2239819004524887,0.3850607990735379
JADE1,-0.46398783881816213,0.22422430510665806,0.3853503184713376
UBL4A,-0.5713499973644337,0.2245475113122172,0.38563983786913725
ZNF664,0.70283288842157,0.224628312863607,0.3859293572669369
H1F0,-0.882129612299588,0.22478991596638656,0.38621887666473653
PRELID3B,0.5999858467473205,0.22478991596638656,0.38621887666473653
LSM12,0.610723139509763,0.22487071751777635,0.3867979154603358
PTGER3,-0.4948606730301128,0.22527472527472528,0.3870874348581355
MIR4458HG,0.6041486135621632,0.22527472527472528,0.3870874348581355
STK25,0.4689950298981048,0.22535552682611507,0.3876664736537348
C12orf29,-0.6031060186301904,0.22551712992889464,0.38795599305153444
ZHX1,0.5077418731186895,0.22584033613445378,0.3882455124493341
IMPA1,-0.33338729949118456,0.22584033613445378,0.3882455124493341
SMC5,0.578385517497082,0.2264059469941823,0.3888245512449334
RLF,0.4950162871457774,0.22648674854557208,0.38911407064273307
ZNF721,-0.6284939044680415,0.22648674854557208,0.38911407064273307
INPP5D,-0.41669289439931056,0.22648674854557208,0.38911407064273307
KLHL20,-0.7077243866426379,0.22672915319974143,0.389982628836132
APOL6,1.206416740110123,0.2269715578539108,0.3902721482339317
RNASEH2B,-0.3785457606110325,0.22721396250808015,0.39056166763173134
DHPS,-0.5436050068815288,0.22729476405946994,0.390851187029531
CFDP1,-0.3862684691334389,0.22761797026502908,0.3911407064273306
ETNK1,0.42162957495779424,0.22794117647058823,0.39143022582513026
SPTLC2,0.39668874699420315,0.22802197802197802,0.39171974522292996
RAB3GAP1,0.5343975051197433,0.22834518422753716,0.3920092646207296
IL1RN,0.48496414531523985,0.22850678733031674,0.39229878401852925
FAM168B,0.6543343707303799,0.22899159663865545,0.3925883034163289
CCT7,-0.3866356605431319,0.22915319974143503,0.39287782281412853
ZDHHC3,0.41332627122658583,0.22979961215255332,0.3931673422119282
GBAS,-0.440511513917427,0.2306076276664512,0.39345686160972787
CNOT8,0.46779975639071947,0.23101163542340014,0.3937463810075275
BRE,-0.4534071979099525,0.23117323852617971,0.39403590040532716
RBM42,-0.3463433008687633,0.23141564318034907,0.3943254198031268
ASNSD1,-0.6220316538383479,0.23165804783451843,0.39461493920092644
SAR1B,0.612189665725894,0.23214285714285715,0.39490445859872614
DCAF7,0.4903423250418063,0.23230446024563672,0.3951939779965258
PPP1R7,-0.5293207808752827,0.23287007110536523,0.3954834973943254
MRPS7,-0.6153064722357189,0.2330316742081448,0.39577301679212507
TAF15,-0.6060015440193971,0.23448610213316096,0.3960625361899247
EMP1,0.5020668515037502,0.23448610213316096,0.3960625361899247
GLIPR2,0.5195050369731106,0.23505171299288946,0.39664157498552405
SMIM3,-0.6898257477325735,0.23553652230122818,0.3969310943833237
AGFG1,0.9124597606573696,0.23610213316095668,0.39722061378112333
ACOT13,-0.42983613192395537,0.23642533936651583,0.397510133178923
ETV3,0.6294597020913518,0.23682934712346476,0.3977996525767226
SAFB2,0.4294279455182001,0.23682934712346476,0.3977996525767226
USE1,0.4329360202944799,0.23739495798319327,0.39837869137232196
GM2A,0.49466501004618557,0.23739495798319327,0.39837869137232196
RIOK1,-0.43149464055999176,0.23787976729153198,0.39895773016792124
ARHGEF1,-0.6123177569655434,0.23876858435681966,0.3992472495657209
ARID2,0.42162957495779424,0.23876858435681966,0.3992472495657209
MAD2L1BP,-0.31485242076564035,0.23925339366515838,0.3998262883613202
WDR43,1.0715721068866342,0.23933419521654817,0.40011580775911987
ELOF1,-0.5436050068815313,0.24006140917905625,0.4004053271569195
CD2AP,-0.4152809099059901,0.24014221073044603,0.40069484655471915
RGS19,-0.6042313658330297,0.2403038138332256,0.4009843659525188
CHD1,0.34491970625602847,0.2403038138332256,0.4009843659525188
AMFR,0.4704701783301936,0.2403846153846154,0.40156340474811814
LENG1,-0.6719291038570699,0.2403846153846154,0.40156340474811814
BCOR,0.6227533795405905,0.2403846153846154,0.40156340474811814
ARHGAP21,0.44489935428064004,0.24046541693600518,0.40243196294151706
MYO10,0.5254366375481228,0.24054621848739496,0.40272148233931676
SNRPA,-0.5113646698813199,0.24062702003878475,0.4030110017371164
ASXL1,0.6239949416145383,0.2408694246929541,0.40330052113491605
SERPINB9,-0.26916583777548647,0.2409502262443439,0.4035900405327157
PRPSAP1,-0.30004797554704105,0.2415158371040724,0.40387955993051533
WIPI1,0.8003493943358325,0.2415966386554622,0.404169079328315
CNOT7,0.40748539263752503,0.24175824175824176,0.40445859872611467
TP53I3,0.663439450121483,0.2421622495151907,0.4047481181239143
SLC1A5,0.610723139509763,0.24232385261797026,0.40503763752171396
ABHD5,0.4689950298981048,0.24256625727213962,0.4053271569195136
ZMYM2,0.5401168190159716,0.24280866192630898,0.40561667631731324
TRPM7,0.3838824933341028,0.24280866192630898,0.40561667631731324
TMED7,0.6200934201958952,0.24297026502908856,0.4061957151129126
AFTPH,0.5511732178705712,0.24297026502908856,0.4061957151129126
NGDN,-0.28592383554194173,0.24305106658047834,0.40677475390851187
DYNC1LI1,-0.20834658158168648,0.24305106658047834,0.40677475390851187
NF1,0.8003493943358325,0.24305106658047834,0.40677475390851187
MKLN1,0.6951818527055865,0.24321266968325791,0.40764331210191085
MAPRE2,0.6454288175084868,0.24361667744020685,0.4079328314997105
CD302,-0.5262229286532939,0.24361667744020685,0.4079328314997105
LILRB3,-0.8302262330329399,0.24418228829993535,0.4085118702953098
KAT5,-0.5108150717638621,0.24426308985132514,0.4088013896931094
NFYB,-0.3942273828433023,0.24466709760827407,0.4090909090909091
TMEM183A,0.5108427771408458,0.24539431157078215,0.40938042848870876
GCA,-0.6157547926373645,0.24555591467356172,0.4096699478865084
PROCR,-0.833111624076513,0.24579831932773108,0.40995946728430804
ZDHHC20,0.44368394136891626,0.24660633484162897,0.4102489866821077
C1orf162,0.47809006421778916,0.2470911441499677,0.41053850607990733
GLT8D1,-0.42074825909599717,0.24717194570135748,0.410828025477707
FAM127A,-0.596553886830488,0.24741435035552684,0.41111754487550667
KRAS,0.4966588633321973,0.2475759534583064,0.4114070642733063
GPATCH11,-0.6457854016880101,0.2476567550096962,0.41169658367110595
USP34,0.38180567669778603,0.24789915966386555,0.4119861030689056
C6orf25,-0.5803635568916489,0.2487879767291532,0.4122756224667053
SPINK4,0.8034140689686624,0.248868778280543,0.41256514186450494
SYNE2,0.6479264507501575,0.24894957983193278,0.4128546612623046
VAV3,0.578385517497082,0.24951519069166128,0.4131441806601042
HAGH,-0.3690004844993493,0.24975759534583064,0.41343370005790386
PHTF2,0.5486535009704568,0.24983839689722043,0.4137232194557035
MYNN,-0.5129082096586142,0.25,0.4140127388535032
ADAM10,0.5511732178705712,0.2504848093083387,0.41430225825130285
AGAP1,0.8151433615507692,0.2506464124111183,0.4145917776491025
TRAK2,0.4757603179854027,0.2507272139625081,0.41488129704690213
TUG1,-0.5684796755205594,0.25096961861667744,0.4151708164447018
SCNM1,0.612189665725894,0.2512120232708468,0.41546033584250147
RRP15,0.610723139509763,0.25145442792501616,0.4157498552403011
KLHL28,-0.5996390417958559,0.2517776341305753,0.41603937463810076
CNST,0.5137281681844215,0.2519392372333549,0.4163288940359004
MGAT2,0.6787874144549177,0.252262443438914,0.41661841343370004
SLC25A4,-0.5436050068815288,0.2540400775694893,0.4169079328314997
MIF4GD,-0.3586872909637466,0.2541208791208791,0.4171974522292994
MED4,0.2840309462247419,0.2542824822236587,0.417486971627099
CD2BP2,-0.47234632371171026,0.25444408532643825,0.41777649102489867
DPM2,0.6239949416145383,0.25444408532643825,0.41777649102489867
CBLL1,0.49034232504180886,0.25452488687782804,0.41835552982049795
UXS1,-0.440511513917427,0.2546056884292178,0.41864504921829765
RIPK2,-0.4780166652539515,0.2547672915319974,0.4189345686160973
SETD2,0.36933825884924704,0.25517129928894633,0.41922408801389693
RBM26,0.4305858067688646,0.2564641241111829,0.4195136074116966
TIMM17A,0.49144194021767246,0.2565449256625727,0.4198031268094962
CCNG1,-0.49551071868048396,0.2565449256625727,0.4198031268094962
POP4,-0.520335227558683,0.257191338073691,0.42038216560509556
NFYC,-0.3551599174684199,0.2576761473820297,0.4206716850028952
SNX29,-0.4123604736032781,0.2579993535875889,0.42096120440069484
TMEM263,0.6416742414378178,0.25832255979314805,0.4212507237984945
WDR46,0.217710448700424,0.2586457659987072,0.42154024319629413
FAM89B,-0.2655484104300834,0.25888817065287656,0.4218297625940938
IL32,0.9911717366714099,0.2592921784098255,0.42211928199189347
KCNAB2,-0.4740640736284532,0.2593729799612153,0.4224088013896931
TGFBR2,-0.40477730218421343,0.25945378151260506,0.42269832078749275
C6orf62,0.6703505773062787,0.2599385908209438,0.4229878401852924
IFFO2,0.8231773237900922,0.2604234001292825,0.4232773595830921
PRKACB,-0.4242162776911991,0.2610698125404008,0.42356687898089174
ELOVL1,0.8231773237900922,0.26131221719457015,0.4238563983786914
FEZ2,-0.426111443863089,0.2629282482223659,0.424145917776491
PROS1,0.9930619367988445,0.26300904977375567,0.42443543717429066
GMPPA,-0.8691808787840353,0.26365546218487396,0.4247249565720903
BABAM1,-0.5594589580823647,0.26373626373626374,0.42501447596989
FRYL,-0.49551071868048396,0.26535229476405947,0.42530399536768965
EPB41L1,0.3549497295589249,0.26535229476405947,0.42530399536768965
MAPK8,0.5254366375481228,0.26535229476405947,0.42530399536768965
ZNF280D,0.4143309335519261,0.26543309631544926,0.4261725535610886
CYP20A1,0.45051842678180065,0.2656755009696186,0.42646207295888827
CDK19,-0.9286299370939336,0.26599870717517776,0.4267515923566879
CLC,5.8882407800838665,0.2662411118293471,0.42704111175448756
TMC8,-0.4740640736284532,0.2663219133807369,0.4273306311522872
YTHDF1,0.642491285231927,0.2668875242404654,0.42762015055008684
LINC00685,-0.5214092607673342,0.2669683257918552,0.4279096699478865
TOR1AIP1,0.24729939439547968,0.26712992889463477,0.4281991893456862
GMPR2,-0.3389872872730573,0.2675339366515837,0.4284887087434858
TPGS2,0.3649719653548758,0.2675339366515837,0.4284887087434858
ST7,0.5938985168684049,0.2676147382029735,0.4290677475390851
PPP3CB,-0.5436050068815313,0.2676955397543633,0.42935726693688475
FZD7,-0.9710262306162079,0.26842275371687135,0.42964678633468445
EPM2AIP1,-0.2653038443944266,0.26898836457659986,0.4299363057324841
CYB5B,-0.2479395968077695,0.2693923723335488,0.43022582513028373
KIAA1109,0.7589577631389012,0.2694731738849386,0.4305153445280834
NUPL2,-0.43767156213246416,0.26963477698771815,0.430804863925883
CASC4,0.5660194842929687,0.26971557853910794,0.43109438332368266
MCMBP,-0.5436050068815288,0.26971557853910794,0.43109438332368266
RAD1,0.3357135106960077,0.270442792501616,0.431673422119282
TP53TG1,0.5093880807323536,0.2710084033613445,0.43196294151708164
NDUFA9,-0.440511513917427,0.2711700064641241,0.4322524609148813
FBXO33,-0.4252850396927704,0.2718164188752424,0.43254198031268093
EIF2AK4,0.70283288842157,0.27213962508080153,0.4328314997104806
GEM,0.6686985968313351,0.2722204266321913,0.43312101910828027
CCNH,0.5527994770715347,0.2723012281835811,0.4334105385060799
SEL1L,0.42676982400919206,0.2723820297349709,0.43370005790387955
UCHL5,-0.40930391516993686,0.2727860374919198,0.4339895773016792
NUDT14,0.3866860213070651,0.2729476405946994,0.43427909669947884
SIL1,0.6186664220173475,0.27310924369747897,0.43456861609727854
SPN,0.9115896188692942,0.27327084680025854,0.4348581354950782
GUCD1,0.7060088831899419,0.27327084680025854,0.4348581354950782
CAPRIN1,0.47977792055642077,0.27327084680025854,0.4348581354950782
OS9,-0.3035105838116211,0.2733516483516483,0.4357266936884771
LYSMD3,-0.40477730218421343,0.2733516483516483,0.4357266936884771
NAA20,-0.393429266487487,0.2738364576599871,0.43630573248407645
UNC50,-0.5436050068815288,0.27399806076276667,0.4365952518818761
MRPL28,-0.8622874422652382,0.27407886231415646,0.43688477127967573
RARRES1,0.4625472201000636,0.2743212669683258,0.4371742906774754
SNRNP200,-0.3885356103886986,0.2750484809308339,0.437463810075275
KPNA1,0.6929315967751869,0.2755332902391726,0.4377533294730747
TPD52L2,0.5343975051197433,0.2756948933419522,0.43804284887087436
EMC2,-0.6243362789943883,0.27577569489334197,0.438332368268674
FASTK,0.4179208453038351,0.27593729799612154,0.43862188766647364
OTUB1,0.417082069093644,0.27593729799612154,0.43862188766647364
TACSTD2,0.7408483825871683,0.2760989010989011,0.439200926462073
PBXIP1,-0.30259690737773465,0.2767453135100194,0.4394904458598726
YLPM1,0.49821516881309863,0.2773917259211377,0.43977996525767227
ZBTB20,0.4486176425267497,0.2775533290239173,0.4400694846554719
STK24,0.37877409599599643,0.27771493212669685,0.44035900405327155
SAE1,0.5343975051197433,0.27779573367808663,0.4406485234510712
MLX,-0.32579985504073466,0.27836134453781514,0.4409380428488709
CTR9,-0.40772157879975524,0.2784421460892049,0.44122756224667053
C11orf49,-0.4526965106833195,0.2784421460892049,0.44122756224667053
ZNF644,0.3147803876995356,0.2786845507433743,0.4418066010422698
LCMT1,-0.5214092607673342,0.27876535229476407,0.44209612044006946
RUVBL2,-0.6123177569655434,0.27892695539754364,0.44238563983786916
UPF3B,-0.2669509917586063,0.2797349709114415,0.4426751592356688
LAMP2,0.37977371151555706,0.2797349709114415,0.4426751592356688
NOSIP,-0.29328165279729224,0.28030058177117,0.4432541980312681
ATXN2L,0.5037007078968286,0.2809469941822883,0.44354371742906773
RGS17,0.6787874144549177,0.2809469941822883,0.44354371742906773
CMTM7,-0.37982474566012536,0.2810277957336781,0.44412275622466707
WDFY2,-0.3468485125319322,0.2811085972850679,0.4444122756224667
MRPL13,-0.42074825909599717,0.28118939883645766,0.44470179502026635
PMF1,-0.5436050068815313,0.28127020038784745,0.444991314418066
ZNF32,-0.5255710840512695,0.28183581124757595,0.44528083381586564
NDRG1,0.4367661863695393,0.2822398190045249,0.44557035321366534
SRD5A3,0.5448329577860532,0.2828054298642534,0.445859872611465
ZNF521,-0.4534071979099525,0.28304783451842275,0.4461493920092646
FCGR2A,0.7898187268436613,0.28361344537815125,0.44643891140706427
KLF2,-0.47529899349061894,0.2838558500323206,0.4467284308048639
GTPBP4,0.46598104194766843,0.2838558500323206,0.4467284308048639
NUMA1,-0.42185973452916026,0.2851486748545572,0.44730746960046325
EMG1,-0.5129082096586142,0.28531027795733677,0.4475969889982629
FAM110A,0.41257876082598055,0.28531027795733677,0.4475969889982629
CYSLTR1,0.4641306418980751,0.28539107950872655,0.4481760277938622
GSK3A,0.5862752756653806,0.28547188106011634,0.4484655471916618
SRRD,-0.5436050068815288,0.2855526826115061,0.4487550665894615
RNF216,0.5771471525790819,0.2856334841628959,0.44904458598726116
ZCCHC7,-0.3955063678923951,0.2857950872656755,0.4493341053850608
TTC33,0.5938985168684049,0.28652230122818356,0.44962362478286044
TFB2M,0.5221970515142148,0.28660310277957335,0.4499131441806601
ARFIP1,-0.5436050068815313,0.2869263089851325,0.4502026635784598
ID3,-0.42074825909599717,0.2875727213962508,0.4504921829762594
PRIM2,-0.522388520971833,0.2881383322559793,0.45078170237405907
STX8,-0.35643505900528455,0.28829993535875886,0.4510712217718587
RHOT1,-0.4245523352377668,0.28846153846153844,0.45136074116965835
TMEM214,0.9070564021280347,0.2885423400129282,0.451650260567458
FADS3,-0.3992150975463568,0.288623141564318,0.4519397799652577
DPP7,0.4216295749577917,0.28926955397543636,0.45222929936305734
PLAC9,-0.7880237345479777,0.2896735617323853,0.452518818760857
LRMP,0.488527614059281,0.2897543632837751,0.4528083381586566
TTLL7,0.7378821619773351,0.28991596638655465,0.45309785755645626
RAP2B,-0.43039439643353994,0.28991596638655465,0.45309785755645626
DENR,-0.3992150975463568,0.29048157724628315,0.4536768963520556
ATG14,0.5644547389759219,0.2908047834518423,0.45396641574985525
LGALS9,0.5002492827078961,0.2919360051712993,0.4542559351476549
NME4,-0.37290581972657394,0.2925824175824176,0.45454545454545453
KPNA3,0.5475428811766645,0.2926632191338074,0.4548349739432542
STX4,-0.2284660776568088,0.29282482223658696,0.45512449334105387
CYTH4,0.6590241596334879,0.2933096315449257,0.4554140127388535
IFT27,-0.4473896916222277,0.2936328377504848,0.45570353213665316
IRF2,0.4147472957599798,0.2941984486102133,0.4559930515344528
SPATS2,-0.4077215787997578,0.29460245636716226,0.45628257093225244
FLJ21408,-0.5873263843108492,0.29460245636716226,0.45628257093225244
CORO1B,-0.2920662398855659,0.2949256625727214,0.4568616097278518
MEPCE,0.40315297184149007,0.29516806722689076,0.4571511291256514
PHF20L1,-0.3011469624909757,0.29524886877828055,0.45744064852345107
ICAM1,0.315218930157776,0.2954104718810601,0.4577301679212507
HMBOX1,0.6186664220173475,0.29581447963800905,0.45801968731905035
ERBB2IP,0.5205253305381867,0.2960568842921784,0.45830920671685005
KMT5A,0.5771471525790819,0.29638009049773756,0.4585987261146497
PRKAG2,0.7345506859769271,0.29654169360051713,0.45888824551244933
RNF103,-0.24552365394853345,0.2967032967032967,0.459177764910249
PDXDC1,0.4625472201000636,0.29767291531997414,0.4594672843080486
ETHE1,-0.3045978716941859,0.2977537168713639,0.4597568037058483
FAM200B,-0.45560852588370104,0.29815772462831286,0.46004632310364796
PIK3AP1,0.7509372002107535,0.29831932773109243,0.4603358425014476
L3MBTL3,0.39266939550808255,0.2989657401422107,0.46062536189924724
TRIM26,-0.35278266454595136,0.29945054945054944,0.4609148812970469
GID8,0.35576263001197883,0.29945054945054944,0.4609148812970469
PSMA3-AS1,0.37393283292649626,0.29953135100193923,0.4614939200926462
MAP3K3,-0.5730487847740118,0.29993535875888816,0.46178343949044587
ABHD14B,-0.5436050068815313,0.29993535875888816,0.46178343949044587
C1orf228,1.0294343264638062,0.30066257272139624,0.46236247828604515
ZMIZ1,0.4689950298981048,0.300743374272786,0.4626519976838448
POP7,-0.3442961986581234,0.3009857789269554,0.4629415170816445
YRDC,-0.6037259993191015,0.3015513897866839,0.46323103647944414
ELP6,0.4668116090638076,0.3016321913380737,0.4635205558772438
SSH2,-0.4077215787997578,0.30187459599224303,0.4638100752750434
SAP30BP,-0.35765458151314317,0.30235940530058175,0.46409959467284306
SLC4A2,0.4689950298981048,0.3033290239172592,0.4643891140706427
STAU1,0.26956021316607653,0.3037330316742081,0.4646786334684424
RNF213,0.486897081515813,0.3038946347769877,0.46496815286624205
KLHDC2,-0.5642152865568181,0.30413703943115705,0.4652576722640417
FOPNL,-0.6284939044680415,0.30421784098254684,0.46554719166184133
PIK3R6,-0.4473896916222277,0.30518745959922433,0.465836711059641
AAMDC,-0.5436050068815288,0.3053490627020039,0.46612623045744067
RCC2,0.4747735224333235,0.3055106658047835,0.4664157498552403
SIRT7,-0.4995498268035944,0.30696509372979963,0.46670526925303996
SULT1A1,-0.5436050068815288,0.30696509372979963,0.46670526925303996
IFI27L2,0.5058636693827715,0.3070458952811894,0.46728430804863924
MMGT1,0.6347322343769833,0.30736910148674856,0.46757382744643894
AASDHPPT,-0.4634346581975453,0.30753070458952814,0.4678633468442386
JPX,-0.6651669867624436,0.30753070458952814,0.4678633468442386
GMNN,-0.492530822287259,0.3078539107950873,0.46844238563983787
AP1B1,0.3642012949087253,0.30793471234647707,0.4687319050376375
RIOK2,-0.43589118958127687,0.30874272786037493,0.46902142443543715
DDX49,-0.6115090713833343,0.30922753716871365,0.46931094383323685
TMUB2,-0.4828509758024355,0.309469941822883,0.4696004632310365
ATXN10,-0.38972949910370863,0.30987394957983194,0.46988998262883613
NUDT5,0.3404289750701474,0.31108597285067874,0.4701795020266358
GORASP2,0.46287902668866926,0.31221719457013575,0.4704690214244354
C5orf24,0.2840309462247419,0.31229799612152553,0.4707585408222351
SS18L1,0.5254366375481228,0.3124595992243051,0.47104806022003476
TXNRD1,0.7279051810196097,0.31270200387847447,0.4713375796178344
TIMM10,0.32417979772939903,0.3131060116354234,0.47162709901563404
PANK3,0.7060088831899419,0.31351001939237233,0.4719166184134337
MTX1,0.5763044568536672,0.31391402714932126,0.47220613781123333
DHRS1,-0.5436050068815313,0.3141564318034906,0.472495657209033
IL4R,0.22146592496503176,0.3143180349062702,0.47278517660683267
ACTR6,-0.4346706353283662,0.31447963800904977,0.4730746960046323
PPP1R15B,0.4421811338987689,0.3149644473173885,0.47336421540243195
VPS4B,0.3414592262738108,0.3156108597285068,0.4736537348002316
C2orf69,-0.43149464055999176,0.3164996767937944,0.4739432541980313
RPA2,-0.7728058176394469,0.3165804783451842,0.47423277359583094
MITD1,-0.393756798140155,0.3171460892049127,0.4745222929936306
HIPK3,0.42162957495779424,0.3171460892049127,0.4745222929936306
RASSF1,-0.2450815163291119,0.3173076923076923,0.47510133178922986
GGPS1,0.31621733507020877,0.31763089851325144,0.4753908511870295
TLK1,-0.31359940143520626,0.3185197155785391,0.4756803705848292
EIF2AK3,0.665429031599898,0.318923723335488,0.47596988998262885
GALNT3,0.531162761520441,0.3191661279896574,0.4762594093804285
RNF24,0.70283288842157,0.31932773109243695,0.47654892877822813
NOL3,-0.440511513917427,0.32005494505494503,0.4768384481760278
APIP,-0.5129082096586142,0.3202973497091144,0.47712796757382747
ELK3,0.5521539759239011,0.3210245636716225,0.4774174869716271
MOGS,-0.3756603695674594,0.3210245636716225,0.4774174869716271
TMEM33,0.6227533795405905,0.32142857142857145,0.4779965257672264
SRPRB,0.49237429022403784,0.3216709760827408,0.47828604516502604
APOPT1,-0.36990684233716287,0.32207498383968974,0.4785755645628257
SLF2,0.5125380711560035,0.32255979314802846,0.4788650839606254
ZNF638,0.5343975051197433,0.32255979314802846,0.4788650839606254
ERGIC3,0.2649984613733337,0.32255979314802846,0.4788650839606254
MAPKAPK2,0.3404289750701474,0.32272139625080803,0.4797336421540243
RP11-1094M14.11,-0.6115090713833343,0.3228021978021978,0.48002316155182395
NUP160,0.44368394136891626,0.3228829993535876,0.48031268094962365
MAPK1IP1L,0.3494797892019585,0.3230446024563672,0.4806022003474233
ARL3,-0.35194571308468914,0.3233678086619263,0.48089171974522293
RP11-352M15.2,-0.3283370199784632,0.3240142210730446,0.4811812391430226
FOXO3,0.31274931647500687,0.32449903038138334,0.4814707585408222
SNX1,0.27641632701223373,0.3247414350355527,0.48176027793862186
PALLD,0.2088735866560026,0.32498383968972205,0.48204979733642156
TSFM,-0.697228195994742,0.32506464124111184,0.4823393167342212
IFIT3,0.8852382919223454,0.3252262443438914,0.48262883613202084
DDRGK1,0.1733228340481294,0.3257918552036199,0.4829183555298205
SLC39A8,0.5938985168684049,0.3257918552036199,0.4829183555298205
GABPB1,0.24566946055071628,0.3258726567550097,0.4834973943254198
EDEM3,0.46466260910206986,0.3258726567550097,0.4834973943254198
BTBD6,-0.39626329080634465,0.3264382676147382,0.4840764331210191
FAM207A,-0.47145522112569554,0.326519069166128,0.48436595251881875
NCOA3,0.5677561020661741,0.3265998707175178,0.4846554719166184
ZCCHC17,-0.41622570040530327,0.3275694893341952,0.48494499131441804
KLRG1,-0.31395676954228435,0.327650290885585,0.48523451071221774
LMBRD1,-0.3522394811657079,0.32853910795087266,0.4855240301100174
C3orf58,-0.2716924497012823,0.32870071105365223,0.485813549507817
TUSC2,0.4757603179854027,0.3288623141564318,0.48610306890561666
SUN2,0.44590261930082875,0.3288623141564318,0.48610306890561666
TMEM245,0.5660194842929687,0.3295087265675501,0.486682107701216
USP11,0.31811561829262247,0.32967032967032966,0.48697162709901565
PCGF3,-0.30004797554704105,0.32967032967032966,0.48697162709901565
ZDHHC2,0.35909779176355566,0.32975113122171945,0.48755066589461493
TSSC4,-0.28674917597686106,0.3313671622495152,0.4878401852924146
SERTAD2,0.2886675473804056,0.332579185520362,0.4881297046902142
LYAR,0.452447808601809,0.33282159017453133,0.4884192240880139
DAXX,0.6662421611358037,0.33403361344537813,0.48870874348581356
ABI2,0.612189665725894,0.3341144149967679,0.4889982628836132
GTF2I,0.2992940320337392,0.33516483516483514,0.48928778228141284
CUL3,-0.4317910035521783,0.3354880413703943,0.4895773016792125
RPF2,0.37877409599599643,0.3367808661926309,0.4898668210770122
SMIM15,-0.5163835381465046,0.3369424692954105,0.4901563404748118
TOPORS-AS1,-0.37267218490163034,0.3374272786037492,0.49044585987261147
ALKBH5,0.4625472201000636,0.3375888817065288,0.4907353792704111
SMARCA4,-0.4473896916222277,0.33775048480930836,0.49102489866821075
ZFYVE21,-0.45871610929501594,0.3381544925662573,0.49131441806601045
SLC35D1,-0.4740640736284532,0.3382352941176471,0.4916039374638101
OBFC1,-0.32948020152868346,0.3385585003232062,0.49189345686160973
ABI1,0.2347310217045371,0.3388009049773756,0.4921829762594094
C17orf58,0.4689950298981048,0.3388009049773756,0.4921829762594094
CSK,-0.4263673315971578,0.33888170652876537,0.49276201505500866
FAM46C,-0.5178419108164476,0.3393665158371041,0.49305153445280836
NIN,0.49821516881309863,0.3394473173884939,0.493341053850608
NOP16,0.6383353707176235,0.3399321266968326,0.49363057324840764
NSMAF,0.27641632701223373,0.3400129282482224,0.4939200926462073
TMEM123,0.35289041736460824,0.3400129282482224,0.4939200926462073
KCNK6,-0.3805467249274863,0.3404977375565611,0.4944991314418066
KLF4,0.4512699609406005,0.34074014221073046,0.49478865083960627
ALS2,0.5584931807372054,0.3409825468648998,0.4950781702374059
TFAM,-0.3086491240811689,0.3412249515190692,0.49536768963520555
TMEM11,0.32560838558311656,0.3417905623787977,0.4956572090330052
GTF2F1,-0.3671784394972622,0.34203296703296704,0.49594672843080484
ABCF1,0.6126350794499912,0.34243697478991597,0.49623624782860454
RHBDD2,-0.40901896651388775,0.34267937944408533,0.4965257672264042
SAFB,0.3332467623456064,0.3429217840982547,0.4968152866242038
ZMAT2,0.2956416375744086,0.3430025856496445,0.49710480602200346
TPMT,-0.29669026641101426,0.3430025856496445,0.49710480602200346
RABIF,0.28904393533998607,0.3440530058177117,0.4976838448176028
SLCO3A1,0.3365552231124663,0.3441338073691015,0.49797336421540245
RALGAPA1,0.4768590956781866,0.34421460892049127,0.4982628836132021
LASP1,0.3538252594779216,0.34429541047188106,0.49855240301100173
FHL2,0.44368394136891626,0.34429541047188106,0.49855240301100173
SEPT8,0.417082069093644,0.3445378151260504,0.499131441806601
CUL2,-0.41236047360327555,0.3446186166774402,0.4994209612044007
KIF1BP,0.5763044568536672,0.34494182288299935,0.49971048060220036
TJP2,-0.5829984451816183,0.34542663219133807,0.5
SRP68,0.38520394526151863,0.34550743374272785,0.5002895193977996
HHEX,-0.3075376486480058,0.34558823529411764,0.5005790387955993
CCDC71L,0.5037007078968286,0.34558823529411764,0.5005790387955993
OXSR1,-0.492530822287259,0.34615384615384615,0.5011580775911986
VPS35,0.22826620223287614,0.3463962508080155,0.5014475969889982
TRPV2,0.5603459571573787,0.34671945701357465,0.501737116386798
CCND3,0.38283838614838683,0.3468810601163542,0.5020266357845976
BOLA3,0.46197602538176946,0.3470426632191338,0.5023161551823973
HAUS1,0.5521539759239011,0.34728506787330315,0.5026056745801969
TRIP12,0.3549497295589249,0.3474466709760827,0.5028951939779965
FAF1,0.39797830689314856,0.3476082740788623,0.5031847133757962
NABP1,0.4415979911903878,0.34785067873303166,0.5034742327735958
NECAP2,-0.3177235994652009,0.34793148028442145,0.5037637521713955
ATXN7L3B,-0.40477730218421343,0.3483354880413704,0.5040532715691951
TMEM167B,0.3365552231124663,0.3488202973497091,0.5043427909669947
ZCCHC10,0.4938696985371304,0.34922430510665803,0.5046323103647944
PDXK,0.2205820560196988,0.34970911441499675,0.5049218297625941
HNRNPH2,-0.3035105838116211,0.3500323206205559,0.5052113491603938
RNF139,-0.4346706353283662,0.3501131221719457,0.5055008685581934
CPSF3L,0.39797830689314856,0.35027472527472525,0.5057903879559931
DRAM2,-0.4951064891903412,0.3506787330316742,0.5060799073537927
N4BP2L1,0.3916893037306542,0.3511635423400129,0.5063694267515924
CCDC124,0.486897081515813,0.35140594699418226,0.506658946149392
ATP13A3,0.42162957495779424,0.3522139625080802,0.5069484655471916
WIPI2,-0.3493361864594699,0.35237556561085975,0.5072379849449913
FMN1,0.4329360202944799,0.35294117647058826,0.5075275043427909
SNW1,0.2095254067156822,0.3539915966386555,0.5078170237405906
NEK6,-0.45680017934425565,0.3556076276664512,0.5081065431383903
LIMA1,0.5254366375481228,0.3563348416289593,0.50839606253619
RAD51C,-0.43039439643353994,0.3574660633484163,0.5086855819339896
LENG8,0.39715578974379184,0.3581124757595346,0.5089751013317892
DCTD,0.257254203883303,0.35843568196509373,0.5092646207295889
ZNF618,0.4874218887390943,0.3587588881706529,0.5095541401273885
BDP1,0.38928079725993353,0.35900129282482224,0.5098436595251882
SRSF6,0.48902599735843644,0.35900129282482224,0.5098436595251882
PPM1H,0.41332627122658583,0.35948610213316096,0.5104226983207875
ARHGAP25,0.6662421611358037,0.35956690368455074,0.5107122177185871
ZNF440,-0.32948020152868346,0.35964770523594053,0.5110017371163867
WRNIP1,0.3916893037306542,0.3604557207498384,0.5112912565141865
MAPKAPK5-AS1,-0.3805467249274863,0.3605365223012282,0.5115807759119861
TNFRSF4,0.6163908773170519,0.36142533936651583,0.5118702953097858
STX2,0.5644547389759219,0.3616677440206852,0.5121598147075854
PAPSS1,0.383078315475551,0.3621525533290239,0.5124493341053851
HMGXB4,-0.3685183003234397,0.36255656108597284,0.5127388535031847
TSPAN32,-0.4245523352377668,0.36296056884292177,0.5130283729009844
CLASP2,-0.47145522112569554,0.36312217194570134,0.513317892298784
PHF12,0.31000550613694666,0.36320297349709113,0.5136074116965836
PRDM2,0.29645408024877895,0.3632837750484809,0.5138969310943833
PPIH,-0.3761482610299671,0.36417259211376857,0.5141864504921829
CAT,-0.30385142488364436,0.36433419521654814,0.5144759698899827
FAM104B,-0.2540983896865446,0.3645765998707175,0.5147654892877823
COL18A1,-0.42185973452916026,0.365142210730446,0.515055008685582
RCHY1,0.5883066686240488,0.36538461538461536,0.5153445280833816
NXF1,0.34273821132290366,0.36546541693600515,0.5156340474811812
WDSUB1,-0.32948020152868346,0.3657078215901745,0.5159235668789809
COPB1,0.2370819647139925,0.366273432449903,0.5162130862767805
ELP2,-0.40477730218421343,0.3668390433096315,0.5165026056745802
DPH3,-0.1999062893229489,0.3670006464124111,0.5167921250723798
ZFHX3,-0.2653038443944266,0.36748545572074987,0.5170816444701795
METAP1,0.46779975639071947,0.36764705882352944,0.5173711638679791
CCL1,2.0034608860810983,0.3678894634776988,0.5176606832657789
COL4A3BP,0.24903418497383503,0.3679702650290886,0.5179502026635785
OAT,0.28904393533998607,0.3679702650290886,0.5179502026635785
BORCS7,0.29691677911127323,0.36805106658047837,0.5185292414591778
RNF167,-0.3805467249274863,0.36829347123464773,0.5188187608569774
COMMD8,0.3443683753843576,0.36829347123464773,0.5188187608569774
MINPP1,0.9124597606573696,0.368939883645766,0.5193977996525767
PBDC1,0.2688676752107201,0.3695862960568843,0.5196873190503764
MRPS5,0.20736744527855686,0.3708791208791209,0.519976838448176
YIPF4,-0.5436050068815313,0.37120232708468004,0.5202663578459756
HOOK3,0.5102176926246149,0.3724951519069166,0.5205558772437753
TRIM38,-0.5771575665925576,0.3725759534583064,0.520845396641575
PQLC3,-0.519151963156991,0.3730607627666451,0.5211349160393747
KLC1,0.38744763940097726,0.3733031674208145,0.5214244354371743
CHIC2,0.383078315475551,0.3733031674208145,0.5214244354371743
GSR,0.7215370619142564,0.37411118293471235,0.5220034742327736
FKBP8,-0.2763583497608227,0.37411118293471235,0.5220034742327736
SYVN1,0.35382525947792415,0.3742727860374919,0.5225825130283729
KARS,0.5254366375481228,0.3745151906916613,0.5228720324261725
RP11-307C12.13,-0.4473896916222277,0.37532320620555915,0.5231615518239722
BRD9,0.49891960976502525,0.3755656108597285,0.5234510712217718
EXT1,0.27824948487119,0.3757272139625081,0.5237405906195716
SBSN,0.690516707037027,0.37588881706528765,0.5240301100173712
RANBP9,0.4179208453038351,0.37661603102779573,0.5243196294151709
CTDSP2,0.44368394136891626,0.3779896574014221,0.5246091488129705
PCYOX1,-0.5436050068815313,0.3780704589528119,0.5248986682107701
THRA,-0.36303276123970707,0.3784744667097608,0.5251881876085698
DDX1,0.41017197635782543,0.3792016806722689,0.5254777070063694
IFT20,0.44590261930082875,0.3797672915319974,0.5257672264041691
NELFCD,0.4179208453038351,0.3803329023917259,0.5260567458019687
TRIB2,0.22826620223287614,0.3808177117000646,0.5263462651997683
INO80C,-0.28674917597686106,0.3809793148028442,0.526635784597568
RB1,0.578385517497082,0.38114091790562377,0.5269253039953677
SLC10A3,0.4179208453038351,0.3813833225597931,0.5272148233931674
MTFR1L,-0.5818243291120199,0.38178733031674206,0.527504342790967
CWC25,-0.3164275229797038,0.3820297349709114,0.5277938621887667
PRKAR2A,-0.3805467249274863,0.3825953458306399,0.5280833815865663
SELENBP1,-0.43149464055999176,0.3826761473820297,0.528372900984366
MAGED2,-0.2284660776568088,0.3831609566903685,0.5286624203821656
DDB1,0.31621733507020877,0.3834841628959276,0.5289519397799652
PIKFYVE,0.28904393533998607,0.383726567550097,0.5292414591777649
ZNF511,-0.21761869541981466,0.3838073691014868,0.5295309785755645
TRIM27,0.248153060125054,0.38388817065287656,0.5298204979733642
ABCC4,0.6041486135621632,0.3841305753070459,0.5301100173711639
APPL2,-0.4787538625315637,0.38461538461538464,0.5303995367689636
RICTOR,0.6787874144549203,0.38461538461538464,0.5303995367689636
MRPL24,-0.42185973452916026,0.38501939237233357,0.5309785755645628
DSTYK,0.31621733507020877,0.38501939237233357,0.5309785755645628
DPY19L1,0.38744763940097726,0.38566580478345186,0.5315576143601621
OGDH,0.4179208453038351,0.38574660633484165,0.5318471337579618
PRPF31,-0.3541272080178191,0.38623141564318036,0.5321366531557614
PLPP1,1.3823944116746927,0.38687782805429866,0.5324261725535611
CA2,0.4467448230847512,0.38744343891402716,0.5327156919513607
FAM126A,0.40315297184149007,0.38760504201680673,0.5330052113491603
LAP3,0.4147472957599798,0.3878474466709761,0.5332947307469601
KLF3,0.4272486474589523,0.3878474466709761,0.5332947307469601
DEDD2,-0.36057501781585516,0.38817065287653524,0.5338737695425594
FAM195A,0.3739328329264988,0.388251454427925,0.534163288940359
NUSAP1,0.39797830689314856,0.3883322559793148,0.5344528083381587
GLRX3,0.4518510679735202,0.3889786683904331,0.5347423277359583
HCFC1R1,0.3543230838586022,0.3889786683904331,0.5347423277359583
TMEM87A,-0.44646384847099885,0.3890594699418229,0.5353213665315576
CFLAR,0.20279000020460716,0.3895442792501616,0.5356108859293572
TSR2,-0.29011136825734035,0.3897058823529412,0.5359004053271569
MGME1,-0.30259690737773465,0.3897058823529412,0.5359004053271569
TBC1D5,-0.3283370199784632,0.3897058823529412,0.5359004053271569
PDHB,-0.3711378108767655,0.38978668390433097,0.5367689635205559
XXbac-BPG13B8.10,1.4157530086211236,0.3901906916612799,0.5370584829183556
XPO1,-0.17784841037390656,0.3913219133807369,0.5373480023161552
B3GNT5,0.2735309359686606,0.392049127343245,0.5376375217139548
MRPL17,0.37877409599599643,0.39229153199741434,0.5379270411117545
RP11-347P5.1,0.9070564021280347,0.39293794440853264,0.5382165605095541
PRKCE,0.36712765502138206,0.39342275371687135,0.5385060799073538
LNPEP,0.27171622498613274,0.39342275371687135,0.5385060799073538
DTYMK,0.3365552231124663,0.3937459599224305,0.5390851187029531
NMRAL1,-0.4473896916222277,0.3938267614738203,0.5393746381007527
CDC123,0.306571197732666,0.39406916612798965,0.5396641574985525
XPC,0.4179208453038351,0.39455397543632836,0.5399536768963521
TIMM8A,0.26596433624151566,0.3947963800904977,0.5402431962941517
TMEM205,-0.4172885571001314,0.395442792501616,0.5405327156919514
PAFAH1B3,0.40748539263752503,0.395442792501616,0.5405327156919514
ITSN2,0.27684557278775557,0.395442792501616,0.5405327156919514
CNOT1,0.3475815059795448,0.39576599870717516,0.5414012738853503
COX11,0.5475428811766645,0.396574014221073,0.54169079328315
PANK2,0.2609993041600381,0.3968164188752424,0.5419803126809496
UQCRC2,-0.3691806187286863,0.39705882352941174,0.5422698320787492
STT3A,0.49034232504180886,0.3972204266321913,0.5425593514765489
RBM14,-0.3095935022782484,0.3973012281835811,0.5428488708743486
COL13A1,-0.40527685033355726,0.3973012281835811,0.5428488708743486
ZBTB21,-0.4473896916222277,0.3974628312863607,0.5434279096699479
WBP5,-0.5771575665925576,0.39827084680025854,0.5437174290677476
BCCIP,0.4689950298981048,0.39899806076276667,0.5440069484655472
MFSD1,-0.2787078570305461,0.3994828700711054,0.5442964678633468
SCAMP1,-0.3571918826506489,0.40085649644473176,0.5445859872611465
C2orf49,0.27083933996239196,0.4018261150614092,0.5448755066589461
C1orf52,-0.3630327612397097,0.40214932126696834,0.5451650260567458
UCHL3,-0.2937898900797108,0.4024725274725275,0.5454545454545454
TDRD3,-0.5337234953675672,0.40279573367808663,0.5457440648523451
SRSF1,0.3494797892019585,0.4035229476405947,0.5460335842501448
EDARADD,0.28957590254397825,0.4040077569489334,0.5463231036479445
TOB2,-0.2723029850641361,0.40441176470588236,0.5466126230457441
GSTZ1,0.5183227422616733,0.4048157724628313,0.5469021424435437
ATP2B4,-0.440511513917427,0.4054621848739496,0.5471916618413434
HARS,-0.3571918826506489,0.40578539107950873,0.547481181239143
GCLM,1.9588953336476518,0.40578539107950873,0.547481181239143
FGFR1,0.578385517497082,0.40627020038784745,0.5480602200347423
TINF2,-0.5163835381465046,0.40740142210730446,0.548349739432542
P2RX4,-0.5129082096586142,0.40756302521008403,0.5486392588303416
KIF22,-0.41752525850195454,0.40804783451842275,0.5489287782281412
SFXN3,0.6787874144549177,0.40925985778926954,0.549218297625941
SSBP4,-0.4070319540060873,0.40934065934065933,0.5495078170237406
EEF1E1,0.3443683753843576,0.4107950872656755,0.5497973364215403
YTHDF3,-0.4423216710443471,0.41095669036845506,0.5500868558193399
WDR47,-0.43149464055999176,0.41103749191984484,0.5503763752171396
SUMF2,-0.3062104222058351,0.411360698125404,0.5506658946149392
SLC50A1,0.3494797892019585,0.41168390433096314,0.5509554140127388
TPP2,0.5521539759239011,0.4118455074337427,0.5512449334105385
E2F4,-0.4473896916222277,0.4119263089851325,0.5515344528083381
TM9SF2,0.41924199470100504,0.4120071105365223,0.5518239722061378
TSEN15,-0.39626329080634465,0.41265352294764057,0.5521134916039374
APC,0.3838824933341028,0.41273432449903036,0.5524030110017372
PSTPIP2,0.35909779176355566,0.41281512605042014,0.5526925303995368
RNF126,-0.3866356605431319,0.4129767291531997,0.5529820497973365
SPIRE1,-0.2723029850641361,0.41346153846153844,0.5532715691951361
ARFGAP2,-0.4671529464436575,0.4135423400129282,0.5535610885929357
OSBPL1A,-0.4634346581975453,0.41402714932126694,0.5538506079907354
ECHDC1,-0.5672562749461744,0.41418875242404657,0.554140127388535
UBXN10-AS1,0.24679984624613588,0.4145119586296057,0.5544296467863347
FAM134A,-0.4473896916222277,0.4147543632837751,0.5547191661841343
THAP11,-0.520335227558683,0.4158855850032321,0.555008685581934
EIF2S3,-0.3043387669806871,0.41596638655462187,0.5552982049797336
KRCC1,-0.3690004844993493,0.41612798965740144,0.5555877243775333
HOTAIRM1,0.3494797892019585,0.41661279896574016,0.555877243775333
GLTP,0.3494797892019585,0.41677440206851973,0.5561667631731326
FNDC3A,0.30178304717066307,0.4168552036199095,0.5564562825709323
DCK,-0.3756603695674594,0.4169360051712993,0.5567458019687319
IDNK,-0.2653038443944266,0.4170168067226891,0.5570353213665316
BZW2,-0.28834795163945626,0.417420814479638,0.5573248407643312
RNF4,0.3346065127204283,0.4181480284421461,0.5576143601621308
SLC25A29,0.3377504966198517,0.4183096315449257,0.5579038795599305
ZNF830,-0.30004797554704105,0.41839043309631546,0.5581933989577301
CH17-340M24.3,0.5254366375481228,0.41855203619909503,0.5584829183555298
C19orf66,-0.519151963156991,0.41855203619909503,0.5584829183555298
MAT2B,0.34273821132290366,0.4194408532643827,0.5590619571511292
PDGFA,-0.22873166952811774,0.41968325791855204,0.5593514765489288
PSMC2,-0.2876900129479084,0.4200064641241112,0.5596409959467284
ARMC10,-0.21954116765017556,0.42032967032967034,0.5599305153445281
MRPS31,-0.4834840144439611,0.42073367808661927,0.5602200347423277
COX19,0.25609634263263853,0.4209760827407886,0.5605095541401274
PHF10,-0.23939563781506615,0.421218487394958,0.560799073537927
MED19,0.27083933996239196,0.42138009049773756,0.5610885929357267
ZRANB2,-0.2201010570686287,0.4218648998060763,0.5613781123335263
ARRDC3,0.3263344525540958,0.422349709114415,0.561667631731326
CDK13,0.424686133391133,0.422349709114415,0.561667631731326
POR,0.37977371151555706,0.4229153199741435,0.5622466705269253
MAP3K7,0.42162957495779424,0.4241273432449903,0.562536189924725
KDM3B,0.49821516881309863,0.42436974789915966,0.5628257093225246
COPA,-0.24566155253790556,0.42453135100193923,0.5631152287203243
KIF20B,0.5660194842929687,0.42501616031027795,0.5634047481181239
AKIRIN2,0.29464392312185883,0.42550096961861666,0.5636942675159236
ZDHHC17,-0.4740640736284532,0.42566257272139624,0.5639837869137232
STAMBP,-0.3805467249274863,0.42606658047834517,0.5642733063115228
IGFBP2,0.8003493943358325,0.42622818358112474,0.5645628257093225
MATK,-0.39626329080634465,0.42630898513251453,0.5648523451071221
USP9X,0.30094047448448824,0.4263897866839043,0.5651418645049219
HMOX1,-1.1081034050429714,0.42687459599224303,0.5654313839027215
MED17,0.4272486474589523,0.4269553975436328,0.5657209033005212
DENND5A,0.5644547389759219,0.4270361990950226,0.5660104226983208
SNAP29,-0.4070319540060873,0.4271170006464124,0.5662999420961204
CYFIP1,0.34651737534609534,0.4271978021978022,0.5665894614939201
HCLS1,0.2088735866560026,0.4276018099547511,0.5668789808917197
UTP6,-0.3785457606110325,0.42849062702003876,0.5671685002895194
PPP2R3C,-0.2416612864483233,0.42865223012281833,0.567458019687319
NDUFS1,-0.3389872872730573,0.4287330316742081,0.5677475390851187
LINC00998,-0.519151963156991,0.4288946347769877,0.5680370584829183
SCARB2,-0.440511513917427,0.4289754363283775,0.568326577880718
LYZ,0.6787874144549177,0.42962184873949577,0.5686160972785177
UFL1,-0.4100813340441382,0.42994505494505497,0.5689056166763173
SCYL1,0.2667337736148954,0.43018745959922433,0.569195136074117
ZNF12,0.5254366375481228,0.4309954751131222,0.5694846554719166
PSMG3,-0.38748580496424745,0.43115707821590177,0.5697741748697163
HERC1,0.19336058728467462,0.43115707821590177,0.5697741748697163
FBXW5,0.37713171459381495,0.43123787976729155,0.5703532136653156
DDX27,0.3334334706467428,0.4314802844214609,0.5706427330631152
CYC1,0.3084189645098029,0.43236910148674856,0.5709322524609148
TRIM44,0.4768590956781866,0.43236910148674856,0.5709322524609148
LINC00969,0.46598104194766843,0.43317711700064643,0.5715112912565142
UPF3A,-0.16173437153788683,0.4340659340659341,0.5718008106543139
CYB561A3,0.7847208592039823,0.43430833872010344,0.5720903300521135
GNB4,0.3838824933341028,0.43479314802844216,0.5723798494499132
NCBP2,0.281156191779689,0.43487394957983194,0.5726693688477128
SUCLG1,0.3768067283806075,0.4350355526826115,0.5729588882455124
BTN2A1,0.4689950298981048,0.43826761473820297,0.5732484076433121
MBNL2,0.36562952919528785,0.43842921784098254,0.5735379270411117
SDCCAG8,-0.4245523352377668,0.4387524240465417,0.5738274464389114
TFDP2,-0.24965932452004613,0.43891402714932126,0.574116965836711
RBM5,0.4329360202944799,0.43891402714932126,0.574116965836711
GJA1,-0.760416395954677,0.43899482870071105,0.5746960046323104
DCAF12,0.28957590254397825,0.43907563025210083,0.57498552403011
RBCK1,-0.42185973452916026,0.43939883645766,0.5752750434279097
POLG2,-0.4995498268035944,0.43947963800904977,0.5755645628257093
RP11-452F19.3,-0.41236047360327555,0.43956043956043955,0.575854082223509
ARHGEF2,0.2269131469957034,0.4398028442146089,0.5761436016213086
RNF115,-0.18903214886658007,0.44028765352294763,0.5764331210191083
AMHR2,-0.42576851658767356,0.440530058177117,0.5767226404169079
VAV1,0.3494797892019585,0.4410148674854557,0.5770121598147075
JOSD2,0.334223123124525,0.44125727213962507,0.5773016792125072
LRCH1,0.3263344525540958,0.4421460892049127,0.5775911986103069
CSRNP2,-0.3493361864594699,0.4427117000646412,0.5778807180081066
UTP23,-0.2142973816285721,0.442792501616031,0.5781702374059062
PDCD2,0.2754317202237116,0.4428733031674208,0.5784597568037059
WBP4,0.36217965150081927,0.4428733031674208,0.5784597568037059
LINC00116,0.402417372059647,0.4428733031674208,0.5784597568037059
TATDN1,-0.29011136825734035,0.44368131868131866,0.5793283149971048
EFCAB14,0.3963876837541922,0.44432773109243695,0.5796178343949044
UBA2,0.257254203883303,0.44481254040077567,0.5799073537927041
ZNF277,-0.5293207808752827,0.44481254040077567,0.5799073537927041
RNF8,-0.3145794932126372,0.44505494505494503,0.5804863925883034
USP36,0.2667337736148954,0.4451357466063348,0.5807759119861031
MAML1,-0.28227692299813945,0.445458952811894,0.5810654313839028
GALK1,0.44807972490646686,0.4456205559146736,0.5813549507817024
BFAR,-0.24459130394216808,0.4461053652230123,0.581644470179502
VEZT,0.30439189967342073,0.4461053652230123,0.581644470179502
MTHFD1,0.44489935428064004,0.44642857142857145,0.5822235089751013
DCTPP1,0.2846286448519909,0.44699418228829996,0.582513028372901
MEA1,-0.2436440320493774,0.44707498383968974,0.5828025477707006
SMNDC1,0.3339109865934757,0.4474789915966387,0.5830920671685003
TMEM98,-0.30677107315659863,0.44772139625080803,0.5833815865662999
ZBTB8OS,0.3436653932576996,0.44869101486748547,0.5836711059640995
SREBF1,0.41332627122658583,0.44949903038138334,0.5839606253618993
AUP1,-0.30259690737773465,0.4496606334841629,0.5842501447596989
SREBF2,0.5475428811766645,0.4509534583063995,0.5845396641574986
WHAMM,0.32460512056293034,0.4510342598577893,0.5848291835552982
HOPX,-0.5436050068815313,0.45176147382029735,0.5851187029530979
PSMD11,0.3332467623456064,0.45248868778280543,0.5854082223508975
NAE1,-0.4748922567975141,0.45248868778280543,0.5854082223508975
GPAA1,-0.2920662398855659,0.45248868778280543,0.5854082223508975
PHKG2,-0.30004797554704105,0.4531351001939237,0.5862767805442964
PFDN4,0.3642012949087253,0.45361990950226244,0.5865662999420961
ZFAND3,0.3365552231124663,0.4538623141564318,0.5868558193398957
RP11-138A9.1,0.424686133391133,0.45523594053005817,0.5871453387376955
GTF2H1,-0.4432031099236905,0.45523594053005817,0.5871453387376955
GPR108,0.2828587381237778,0.45523594053005817,0.5871453387376955
UCKL1,-0.2723029850641361,0.4555591467356173,0.5880138969310944
DDX41,0.22058205601970135,0.4556399482870071,0.588303416328894
AP3D1,-0.41236047360327555,0.45596315449256625,0.5885929357266937
KCNQ1,-0.4858895090252438,0.4561247575953458,0.5888824551244933
FMNL1,0.5938985168684049,0.4562863606981254,0.589171974522293
INPP1,0.47104176908287076,0.45709437621202326,0.5894614939200926
CLEC11A,-1.9221166301352617,0.4581447963800905,0.5897510133178923
FAM104A,0.21185693090206334,0.4581447963800905,0.5897510133178923
ADAMTS1,0.3739328329264988,0.458710407239819,0.5903300521134917
SLC35B1,-0.31593764350440784,0.45887201034259856,0.5906195715112913
LARP1,0.20381494492184435,0.45943762120232706,0.5909090909090909
CRNDE,0.9252993643760492,0.4604880413703943,0.5911986103068906
PHF11,-0.4077215787997578,0.46064964447317386,0.5914881297046902
HSPG2,0.39715578974379184,0.4612152553329024,0.5917776491024899
KIF2A,-0.2540983896865446,0.4612152553329024,0.5917776491024899
NRIP1,0.35909779176355566,0.4614576599870718,0.5923566878980892
LYRM2,-0.33715412941410366,0.4620232708468003,0.5926462072958888
SPAG16,0.3494797892019585,0.46275048480930836,0.5929357266936884
COG3,0.4179208453038351,0.46291208791208793,0.5932252460914881
EXOSC1,-0.36303276123970707,0.4631544925662573,0.5935147654892878
DDX52,0.36712765502138206,0.4635585003232062,0.5938042848870875
ORAI2,0.41332627122658583,0.4638009049773756,0.5940938042848871
VPS53,0.5077418731186895,0.46404330963154494,0.5943833236826868
ERICH1,-0.3769551374720787,0.46412411118293473,0.5946728430804864
SHARPIN,0.36712765502138206,0.4644473173884939,0.594962362478286
MKRN1,-0.12334979833166518,0.4644473173884939,0.594962362478286
DYRK2,0.4757603179854027,0.46468972204266323,0.5955414012738853
EEA1,0.2485901080050695,0.4648513251454428,0.595830920671685
CNN2,-0.4027424710416809,0.4648513251454428,0.595830920671685
IKBIP,0.2886675473804056,0.46517453135100195,0.5964099594672843
MRPL35,0.35909779176355566,0.4653361344537815,0.596699478865084
CREBBP,0.31621733507020877,0.46590174531351003,0.5969889982628837
KIFAP3,0.35382525947792415,0.46630575307045896,0.5972785176606833
ADCY7,0.44988168615979673,0.4665481577246283,0.5975680370584829
KIF13B,0.2620733373686918,0.4671945701357466,0.5978575564562826
LSM10,0.31931324836317376,0.4673561732385262,0.5981470758540822
UBFD1,0.4704701783301936,0.4677601809954751,0.5984365952518819
GMPS,0.2279178093210462,0.4684873949579832,0.5987261146496815
SSBP2,-0.2612052761808032,0.46872979961215255,0.5990156340474811
TMEM9B,-0.30677107315659863,0.46881060116354234,0.5993051534452808
ETFA,-0.20543627098695807,0.46969941822883,0.5995946728430804
SERPINF1,-0.440511513917427,0.47107304460245636,0.5998841922408802
ASB8,-0.3571918826506489,0.47115384615384615,0.6001737116386798
RNF11,0.17987735792105486,0.4720426632191338,0.6004632310364795
RAP2C,-0.41669289439931056,0.4720426632191338,0.6004632310364795
REV3L,0.2655103730405104,0.47220426632191337,0.6010422698320788
MSL3,0.36844729384276625,0.47236586942469294,0.6013317892298784
HUWE1,0.3998114647521023,0.47285067873303166,0.601621308627678
UBE2J2,0.2518562365948206,0.47357789269553974,0.6019108280254777
SPRY2,-0.32420262815089357,0.4737394957983193,0.6022003474232773
APOA1BP,0.3273150439535416,0.4749515190691661,0.602489866821077
PEF1,-0.24343146463468818,0.47519392372333547,0.6027793862188766
ZSCAN16-AS1,0.2754317202237116,0.4755979314802844,0.6030689056166764
SLC25A11,-0.3104058305885012,0.47584033613445376,0.603358425014476
HMGCS1,0.3263344525540958,0.47592113768584354,0.6036479444122756
PMVK,-0.35664207508267953,0.4761635423400129,0.6039374638100753
CYR61,-0.2646290571787159,0.47640594699418226,0.6042269832078749
UBA1,0.3350886968963353,0.47648674854557205,0.6045165026056746
HCFC1,-0.3283370199784632,0.4765675500969619,0.6048060220034742
MYO1D,-0.3571918826506489,0.4776179702650291,0.6050955414012739
GOLGA3,0.30094047448448824,0.4776987718164189,0.6053850607990735
NUMB,-0.2540983896865446,0.47850678733031676,0.6056745801968731
COPS4,-0.2920662398855659,0.4788299935358759,0.6059640995946728
CACUL1,0.24489088792475905,0.47923400129282484,0.6062536189924725
C12orf10,-0.23465476599237928,0.47988041370394313,0.6065431383902722
PAF1,-0.2540983896865446,0.48036522301228185,0.6068326577880718
RBL2,-0.2540983896865446,0.4806076276664512,0.6071221771858715
TNF,0.6997724395842536,0.4807692307692308,0.6074116965836711
CTDSP1,-0.29424553794481373,0.48214285714285715,0.6077012159814708
HK2,0.40315297184149007,0.48222365869424694,0.6079907353792704
GRAP2,0.5343975051197433,0.48287007110536523,0.60828025477707
IER5L,-0.3805467249274863,0.484082094376212,0.6085697741748697
RRM1,-0.3756603695674594,0.48464770523594053,0.6088592935726693
IRF7,0.24268829964824565,0.4855365223012282,0.609148812970469
TBC1D23,-0.21907980050812859,0.4861021331609567,0.6094383323682687
POP5,-0.29424553794481373,0.48618293471234647,0.6097278517660684
NELFB,0.32460512056293034,0.48642533936651583,0.610017371163868
FRAT2,0.22058205601970135,0.48820297349709113,0.6103068905616676
ZMAT3,-0.2462894664757806,0.48820297349709113,0.6103068905616676
GSS,0.3494797892019585,0.48860698125404006,0.6108859293572669
VTA1,0.3838824933341028,0.48933419521654814,0.6111754487550666
TARSL2,-0.3267936178083805,0.4896574014221073,0.6114649681528662
DCP2,-0.2625848555743751,0.48973820297349707,0.6117544875506659
RPF1,0.17767896505240743,0.48981900452488686,0.6120440069484655
SH3GLB2,-0.33715412941410366,0.4902230122818358,0.6123335263462651
TP53RK,-0.19638289183025703,0.49038461538461536,0.6126230457440649
ERG,-0.39626329080634465,0.49038461538461536,0.6126230457440649
VAMP3,0.16859268213573206,0.49054621848739494,0.6132020845396642
SGMS1,-0.3685183003234397,0.49159663865546216,0.6134916039374638
MT1F,0.48496414531523985,0.49167744020685195,0.6137811233352635
NDUFV3,-0.32747157601676274,0.4928894634776988,0.6140706427330631
ORMDL2,0.5277796263552347,0.4934550743374273,0.6143601621308628
CXCL2,-0.5032472692653909,0.4936166774402069,0.6146496815286624
NAPA,0.18282991979250843,0.4941014867485456,0.614939200926462
ADD3,0.219954797296391,0.4953943115707822,0.6152287203242617
DENND4C,0.4329360202944799,0.49547511312217196,0.6155182397220614
RNASEH2A,0.4474618683484619,0.49555591467356175,0.6158077591198611
AARD,0.6510424239720127,0.4958791208791209,0.6160972785176607
DBNL,-0.3690004844993493,0.49612152553329025,0.6163867979154604
NUP62,0.3494797892019585,0.4965255332902392,0.61667631731326
FLI1,-0.3541272080178191,0.4975759534583064,0.6169658367110596
CTNND1,0.3377504966198517,0.49781835811247577,0.6172553561088593
HLA-DPA1,0.37977371151555706,0.49797996121525534,0.6175448755066589
BCL2L11,0.6951818527055865,0.4982223658694247,0.6178343949044586
MRPL55,0.3216846842602158,0.49862637362637363,0.6181239143022582
SORT1,-0.4027424710416809,0.49919198448610214,0.6184134337000579
CCBL2,0.2667337736148954,0.4993535875888817,0.6187029530978576
EP300,0.21878318416458195,0.5006464124111183,0.6189924724956573
NIP7,0.5423682162283231,0.5008080155138979,0.6192819918934569
RNF6,0.2279178093210462,0.5008888170652877,0.6195715112912565
EBNA1BP2,0.2431136224817744,0.5016160310277957,0.6198610306890562
MED11,-0.2781438636531943,0.5018584356819651,0.6201505500868558
SKI,0.2394079548041131,0.5020200387847447,0.6204400694846555
RRP1B,-0.2025680890464627,0.5025048480930834,0.6207295888824551
NT5C3A,-0.1369797474188854,0.502666451195863,0.6210191082802548
ALDH2,-0.5651381684311716,0.5028280542986425,0.6213086276780544
HAAO,-0.3671784394972622,0.5032320620555915,0.621598147075854
BIN2,0.37393283292649626,0.5034744667097608,0.6218876664736538
AKAP5,0.5584931807372054,0.5048480930833872,0.6221771858714534
CTSZ,-0.21575207803706165,0.5050096961861668,0.6224667052692531
RAB5B,-0.41669289439931056,0.5052521008403361,0.6227562246670527
CCDC25,-0.3179448717111719,0.5054137039431157,0.6230457440648524
EGLN2,0.34651737534609534,0.5054945054945055,0.623335263462652
ALG3,0.35382525947792415,0.5059793148028442,0.6236247828604516
LIX1L,-0.26961138905786997,0.5065449256625727,0.6239143022582513
NFE2L1,-0.2304471216218989,0.5067065287653523,0.6242038216560509
PI4KB,-0.4077215787997578,0.5073529411764706,0.6244933410538506
YIPF5,0.2301191372947922,0.5076761473820297,0.6247828604516502
SETX,0.5125380711560035,0.5084841628959276,0.62507237984945
ETS1,0.4179208453038351,0.5089689722042663,0.6253618992472496
ERI3,-0.2723029850641361,0.5091305753070459,0.6256514186450493
CDC42EP4,-0.19695448258293674,0.5091305753070459,0.6256514186450493
MCTP1,0.18543367151304663,0.5091305753070459,0.6256514186450493
ZMYND11,-0.25409838968654713,0.5102617970265029,0.6265199768384482
SRP54,0.16266379006175746,0.5102617970265029,0.6265199768384482
ARRB2,0.2825442884623598,0.510585003232062,0.6270990156340475
PIN1,0.2688676752107201,0.5112314156431803,0.6273885350318471
HNRNPUL1,0.15436645566881374,0.5113122171945701,0.6276780544296467
IREB2,0.23307029708664848,0.5113930187459599,0.6279675738274464
CAV1,0.39715578974379184,0.512120232708468,0.6282570932252461
FUT11,0.44218113389877145,0.512120232708468,0.6282570932252461
KBTBD2,0.3377504966198517,0.5122010342598577,0.6288361320208454
B4GALT1,0.37393283292649626,0.5124434389140271,0.6291256514186451
TM6SF1,-0.3075376486480058,0.512847446670976,0.6294151708164447
SENP5,0.40105195927469317,0.513251454427925,0.6297046902142444
TSPAN3,0.22341782114085584,0.5138978668390433,0.629994209612044
GPATCH8,-0.36303276123970707,0.513978668390433,0.6302837290098436
TMEM126A,-0.18619432518474152,0.5143018745959922,0.6305732484076433
ADD1,-0.2588755299484167,0.5156755009696187,0.6308627678054429
WDR74,0.3443683753843576,0.516321913380737,0.6311522872032426
DHRS4L2,-0.3702734039959697,0.5164027149321267,0.6314418066010423
KLHDC10,0.40315297184149007,0.5165643180349063,0.631731325998842
POLR2H,-0.14994115839525424,0.5176147382029735,0.6320208453966416
PCNX,0.19336058728467717,0.5177763413057531,0.6323103647944412
VPS25,-0.4951064891903412,0.5183419521654816,0.6325998841922409
ATP6V1B2,0.30094047448448824,0.5186651583710408,0.6328894035900405
CUTC,-0.3702734039959697,0.5190691661279897,0.6331789229878402
WDR41,0.2212396198601134,0.5195539754363284,0.6334684423856398
MFSD14A,0.31621733507020877,0.5204427925016161,0.6337579617834395
KIAA1549,0.3414592262738108,0.5213316095669037,0.6340474811812391
TSN,0.30094047448448824,0.5215740142210731,0.6343370005790387
FLYWCH2,-0.22873166952811774,0.5216548157724629,0.6346265199768385
MTRF1L,-0.16173437153788428,0.5221396250808016,0.6349160393746381
WIPF1,0.3113825616416459,0.5223820297349709,0.6352055587724378
CRKL,0.3739328329264988,0.5226244343891403,0.6354950781702374
GPBP1L1,0.25894892891225446,0.5228668390433097,0.6357845975680371
EMC10,-0.269844194454678,0.5239980607627667,0.6360741169658367
C21orf2,0.2655103730405104,0.524240465416936,0.6363636363636364
SUSD6,0.3377504966198517,0.5245636716224952,0.636653155761436
UBALD2,0.23497967648641738,0.5248868778280543,0.6369426751592356
NMI,-0.3075376486480058,0.5252908855850033,0.6372321945570353
SMARCA2,0.28957590254397825,0.5252908855850033,0.6372321945570353
RASGRP4,-0.32948020152868346,0.525371687136393,0.6378112333526347
YBEY,-0.19480120600277315,0.5260989010989011,0.6381007527504343
JAGN1,0.32560838558311656,0.5264221073044603,0.638390272148234
GANAB,0.38744763940097726,0.5265837104072398,0.6386797915460336
C1orf131,0.41332627122658583,0.5267453135100194,0.6389693109438332
PIGBOS1,-0.32948020152868346,0.5272301228183581,0.6392588303416329
KIN,-0.2142973816285721,0.5273109243697479,0.6395483497394325
MRPL23,0.24679984624613588,0.5281997414350356,0.6398378691372322
ISOC1,-0.2625848555743751,0.5287653522947641,0.6401273885350318
SUDS3,-0.19213263638015265,0.5289269553975436,0.6404169079328315
CARHSP1,0.24489088792475905,0.53030058177117,0.6407064273306311
ACIN1,-0.18466206967361035,0.5306237879767292,0.6409959467284309
PLIN3,0.18386913830737991,0.5308661926308985,0.6412854661262305
REXO4,0.24489088792475905,0.5315126050420168,0.6415749855240301
CDYL,0.24729939439547968,0.5320782159017453,0.6418645049218298
GTPBP8,-0.3145794932126372,0.5320782159017453,0.6418645049218298
KIAA1522,0.32246818991355475,0.5323206205559147,0.6424435437174291
MFSD10,0.1473743820104965,0.5324014221073045,0.6427330631152287
PKN1,0.21312384210610444,0.5328054298642534,0.6430225825130284
C1D,-0.23275635787465515,0.5332902391725921,0.643312101910828
PGBD5,-0.5108150717638621,0.5333710407239819,0.6436016213086276
RSRC1,0.2419953625355549,0.5335326438267615,0.6438911407064273
PDE3A,-0.440511513917427,0.5337750484809308,0.644180660104227
GGH,0.46779975639071947,0.5337750484809308,0.644180660104227
CRYZL1,-0.3493361864594699,0.5343406593406593,0.6447596988998263
TOMM70A,0.41332627122658583,0.5345022624434389,0.645049218297626
C8G,0.5521539759239011,0.5345830639948287,0.6453387376954256
MGST2,0.37393283292649626,0.5357142857142857,0.6456282570932252
PLEKHA3,0.20463169961969702,0.5358758888170653,0.6459177764910249
DOCK8,0.3494797892019585,0.5369263089851325,0.6462072958888245
PDCL,-0.3127675172888238,0.5370071105365223,0.6464968152866242
CDH12,-0.4077215787997578,0.5371687136393019,0.6467863346844238
ENDOG,0.35382525947792415,0.5379767291531997,0.6470758540822235
TMX2,0.2609993041600381,0.5380575307045895,0.6473653734800232
UBE2C,0.8100319477331709,0.5383807369101486,0.6476548928778229
GSKIP,0.31000550613694666,0.5393503555268261,0.6479444122756225
NOA1,0.22341782114085584,0.5395119586296057,0.6482339316734221
TUSC1,0.2992940320337418,0.5408047834518422,0.6485234510712218
MRPS14,-0.3630327612397097,0.5408047834518422,0.6485234510712218
EI24,0.2667337736148954,0.5413703943115707,0.6491024898668211
PNPLA2,-0.3785457606110325,0.5414511958629605,0.6493920092646207
REXO2,0.16944796734034862,0.5417744020685197,0.6496815286624203
MAML2,0.3281850108387301,0.5419360051712993,0.64997104806022
FAM208B,0.3377504966198517,0.5425016160310278,0.6502605674580196
RAP2A,0.39266939550808255,0.5425016160310278,0.6502605674580196
CMAS,-0.28834795163945626,0.5427440206851971,0.650839606253619
FAM208A,0.578385517497082,0.5427440206851971,0.650839606253619
ATF1,0.27083933996239196,0.5432288299935358,0.6514186450492183
HACD1,-0.1888280324201587,0.5439560439560439,0.651708164447018
CNTRL,-0.2646290571787159,0.5439560439560439,0.651708164447018
PPP2R1A,-0.33106037150142936,0.5443600517129928,0.6522872032426172
SNRNP40,-0.452264695343104,0.5444408532643826,0.6525767226404169
SCCPDH,0.17296879845349583,0.5452488687782805,0.6528662420382165
ZFC3H1,0.2279178093210462,0.5454912734324499,0.6531557614360162
DPM1,-0.2123990984061584,0.5456528765352294,0.6534452808338158
CFD,0.290757350079254,0.5460568842921784,0.6537348002316156
NUB1,-0.19934058201606875,0.5462992889463477,0.6540243196294152
TMED3,-0.2787078570305461,0.5467032967032966,0.6543138390272148
TGS1,-0.29744441961213236,0.5471881060116355,0.6546033584250145
ATP2C1,0.3080722461613669,0.5475921137685844,0.6548928778228141
SEMA4D,-0.3442961986581234,0.5486425339366516,0.6551823972206138
GYG1,-0.2602115134131574,0.5491273432449904,0.6554719166184134
DUSP23,0.26712464195673125,0.5494505494505495,0.6557614360162131
POLD2,-0.4473896916222277,0.5495313510019393,0.6560509554140127
ORAI3,-0.29669026641101426,0.5499353587588882,0.6563404748118123
ETV5,-0.2646290571787159,0.5499353587588882,0.6563404748118123
ZNF791,-0.2450815163291119,0.5500969618616678,0.6569195136074117
RAD50,-0.3283370199784632,0.5503393665158371,0.6572090330052114
TNPO1,0.261666600675587,0.5504201680672269,0.657498552403011
IMMP1L,-0.2540983896865446,0.5506625727213963,0.6577880718008107
NR1D2,0.28957590254397825,0.5509857789269554,0.6580775911986103
GAPVD1,-0.1781495364532467,0.5513089851325146,0.65836711059641
BRD4,0.3200735219056905,0.5513897866839044,0.6586566299942096
CHCHD7,0.3812935378777503,0.5515513897866839,0.6589461493920092
SOCS5,0.4704701783301936,0.5519553975436329,0.6592356687898089
RORA,0.3916893037306542,0.5520361990950227,0.6595251881876085
NCOR2,0.2840309462247419,0.5521978021978022,0.6598147075854083
RBMX2,-0.19638289183025703,0.554945054945055,0.6601042269832079
AP1M1,-0.30004797554704105,0.5552682611506141,0.6603937463810076
DDB2,0.4179208453038351,0.5555914673561733,0.6606832657788072
NRP2,0.2354860629573518,0.555672268907563,0.6609727851766068
UROD,-0.21907980050812859,0.556076276664512,0.6612623045744065
EXTL3,0.32460512056293034,0.5565610859728507,0.6615518239722061
CDS2,0.28957590254397825,0.5571266968325792,0.6618413433700058
TUBA4A,0.44368394136891626,0.5572882999353588,0.6621308627678054
CDC16,0.4179208453038351,0.5576115061409179,0.6624203821656051
TRIM24,-0.1827878986005721,0.5576115061409179,0.6624203821656051
NSD1,0.24268829964824565,0.5580155138978669,0.6629994209612045
NAA15,0.40315297184149007,0.5582579185520362,0.6632889403590041
USP1,0.2055868896179345,0.5589043309631545,0.6635784597568037
C7orf50,-0.24747291287150783,0.5589851325145443,0.6638679791546034
FAM65A,-0.19213263638015265,0.5595507433742728,0.664157498552403
UBE2Q1,0.39797830689314856,0.5605203619909502,0.6644470179502027
FNIP1,-0.13490903447651312,0.5612475759534583,0.6647365373480023
CCNL2,0.24489088792475905,0.5612475759534583,0.6647365373480023
PCSK7,-0.335663741842621,0.5623787976729153,0.6653155761436016
C19orf25,-0.23443614270950913,0.5624595992243051,0.6656050955414012
NOP14,0.3838824933341028,0.5629444085326438,0.6658946149392009
SRRT,-0.3785457606110325,0.5631868131868132,0.6661841343370006
AKT3,-0.2252435270143589,0.5633484162895928,0.6664736537348003
GOLGA7,0.17055070437658862,0.5633484162895928,0.6664736537348003
C9orf142,0.2883871946704463,0.5638332255979315,0.6670526925303996
DEF8,-0.1552026341061521,0.5639140271493213,0.6673422119281992
MEX3C,0.31365482100238684,0.5639140271493213,0.6673422119281992
ASMTL,0.19336058728467717,0.5640756302521008,0.6679212507237985
BRAF,0.5980561423420607,0.5649644473173885,0.6682107701215981
SGSM3,0.1733228340481294,0.5663380736910149,0.6685002895193978
ARF5,-0.2653038443944266,0.5665804783451842,0.6687898089171974
BROX,0.16804949875548858,0.5670652876535229,0.6690793283149971
FAM35A,-0.2835421675790276,0.5673884938590821,0.6693688477127968
MSL2,-0.3756603695674594,0.5675500969618616,0.6696583671105965
VGLL4,-0.2625848555743751,0.5681157078215902,0.6699478865083961
CCDC82,0.37393283292649626,0.5686005171299289,0.6702374059061957
AP3B1,0.3739328329264988,0.5687621202327084,0.6705269253039954
UBE2Z,0.21672458035018533,0.5707013574660633,0.670816444701795
GATA1,0.17848731080314442,0.5715093729799612,0.6711059640995947
AHCTF1,0.2354860629573518,0.5722365869424693,0.6713954834973943
EVI5,-0.21836417795333357,0.5729638009049773,0.671685002895194
FAM98C,-0.2646290571787159,0.5732870071105365,0.6719745222929936
NUP50,0.3043918996734182,0.5732870071105365,0.6719745222929936
SUPT5H,0.27083933996239196,0.5734486102133161,0.672553561088593
EXOSC6,-0.26916583777548647,0.5734486102133161,0.672553561088593
RPAP3,-0.21836417795333357,0.5737718164188752,0.6731325998841923
SCFD1,0.3263344525540958,0.573852617970265,0.6734221192819919
PLSCR1,0.5132973843529476,0.5746606334841629,0.6737116386797916
SLC2A4RG,0.2667337736148954,0.5751454427925016,0.6740011580775912
ELP5,0.39320116663127636,0.5766806722689075,0.6742906774753908
VBP1,-0.18396574626177803,0.5766806722689075,0.6742906774753908
YEATS4,0.248153060125054,0.5768422753716871,0.6748697162709901
CCZ1,-0.22442752301020247,0.5771654815772462,0.6751592356687898
SNHG25,0.35186440964716326,0.5782967032967034,0.6754487550665894
PRKCSH,0.2828587381237778,0.5782967032967034,0.6754487550665894
DLD,-0.2123990984061584,0.5784583063994829,0.6760277938621888
SLC33A1,-0.3267936178083805,0.5786199095022625,0.6763173132599885
UBTF,0.2735309359686606,0.5786199095022625,0.6763173132599885
DDX50,-0.30004797554704105,0.5787815126050421,0.6768963520555877
ABHD14A,-0.2835421675790276,0.5794279250161604,0.6771858714533874
CCDC92,-0.26916583777548647,0.5801551389786684,0.677475390851187
RAB37,-0.32624817544238033,0.5804783451842276,0.6777649102489867
ZMYND8,0.5682878731893655,0.5806399482870072,0.6780544296467863
PARP4,-0.28227692299813945,0.5808015513897867,0.678343949044586
FAAP20,0.35576263001197883,0.5811247575953459,0.6786334684423856
TIA1,0.32688426012206767,0.5812863606981254,0.6789229878401853
MXD4,-0.19067300954491015,0.581851971557854,0.679212507237985
FKBP3,0.271129445541671,0.581851971557854,0.679212507237985
SNX8,-0.6195538601148292,0.5820943762120233,0.6797915460335843
ZFAND6,0.10720394353496175,0.5833063994828701,0.6800810654313839
PTPRA,0.2134681607332493,0.5840336134453782,0.6803705848291836
MRPL27,0.32417979772939903,0.5845992243051067,0.6806601042269832
NFKBIE,-0.41236047360327555,0.5854880413703943,0.6809496236247828
TBRG1,-0.12389102039321453,0.5856496444731739,0.6812391430225825
PPP3R1,0.2055868896179345,0.5857304460245637,0.6815286624203821
RAB11FIP1,-0.27140228577413944,0.5864576599870718,0.6818181818181818
NFU1,0.24729939439547968,0.5864576599870718,0.6818181818181818
SMC1A,0.31365482100238684,0.5867000646412411,0.6823972206137812
ITPA,-0.13565693238900556,0.5867808661926309,0.6826867400115808
CSF1,0.3200735219056905,0.5883968972204267,0.6829762594093804
SMCHD1,0.21497440039073873,0.5884776987718164,0.6832657788071801
HACD2,0.19336058728467462,0.5884776987718164,0.6832657788071801
PPA2,-0.3685183003234397,0.5884776987718164,0.6832657788071801
DDX54,0.19336058728467717,0.5890433096315449,0.684134337000579
ANKRD39,-0.29669026641101426,0.5895281189398837,0.6844238563983787
USP4,-0.2646290571787159,0.5899321266968326,0.6847133757961783
GCNT4,0.3377504966198517,0.5900129282482224,0.685002895193978
MTF2,-0.19480120600277315,0.5902553329023917,0.6852924145917777
EFHC2,-0.3685183003234397,0.5906593406593407,0.6855819339895773
ANKRD13D,0.29038504167954104,0.5909825468648998,0.685871453387377
C2orf74,0.28904393533998607,0.5915481577246283,0.6861609727851766
KCTD15,0.22341782114085584,0.592436974789916,0.6864504921829763
EGLN1,0.4837269750896653,0.5928409825468649,0.6867400115807759
AGPS,0.1749233390279993,0.5934873949579832,0.6870295309785756
DHX33,0.35382525947792415,0.5936489980607628,0.6873190503763752
ZMYM4,-0.31359940143520626,0.5938914027149321,0.6876085697741748
AGA,0.23880355804584347,0.5939722042663219,0.6878980891719745
LSR,-0.23326488626937983,0.5943762120232708,0.6881876085697741
CHTF8,-0.2787078570305461,0.5944570135746606,0.6884771279675739
SOCS6,-0.2364234973633521,0.59469941822883,0.6887666473653735
RBFA,-0.23671631145830974,0.5950226244343891,0.6890561667631732
TFPT,-0.28529301129013973,0.5957498383968972,0.6893456861609728
EVI2B,-0.2436440320493774,0.5960730446024564,0.6896352055587724
TTC17,-0.2304471216218989,0.5961538461538461,0.6899247249565721
USP16,0.15369636971116252,0.5965578539107951,0.6902142443543717
PTGR1,-0.3412968315884155,0.5966386554621849,0.6905037637521714
DARS,-0.22757751343385224,0.5967194570135747,0.690793283149971
MRPL3,0.2609993041600381,0.5968002585649644,0.6910828025477707
MRPS26,-0.1226669061630019,0.596961861667744,0.6913723219455703
COPZ2,0.17701259319719012,0.5974466709760827,0.69166184134337
YARS,0.29038504167954104,0.5975274725274725,0.6919513607411697
TM2D1,-0.29424553794481373,0.5979314802844214,0.6922408801389693
MS4A4A,0.34651737534609534,0.5982546864899806,0.692530399536769
NIT2,0.19336058728467462,0.5982546864899806,0.692530399536769
MIB2,0.32460512056293034,0.5991435035552682,0.6931094383323683
UQCC3,0.26596433624151566,0.599628312863607,0.6933989577301679
NAA60,0.5938985168684049,0.5997091144149967,0.6936884771279676
CTCF,0.1499679917712945,0.5999515190691661,0.6939779965257672
DNM2,0.2667337736148954,0.6006787330316742,0.6942675159235668
ATXN7,0.22596525271660411,0.6006787330316742,0.6942675159235668
NSMCE2,-0.17639603269330204,0.6010827407886231,0.6948465547191662
ZNF451,0.24165614432545682,0.6014059469941823,0.6951360741169659
COMMD4,0.24145487548572198,0.6019715578539108,0.6954255935147655
EEF2K,0.35186440964716326,0.6020523594053006,0.6957151129125652
EMC3,-0.19247927142287755,0.6023755656108597,0.6960046323103648
IFNAR1,0.31621733507020877,0.6025371687136393,0.6962941517081644
TIMP2,0.205089879866784,0.6025371687136393,0.6962941517081644
ABI3BP,0.49821516881309863,0.6032643826761473,0.6968731905037637
NFATC2,-0.2025680890464627,0.6033451842275371,0.6971627099015634
CBFA2T3,-0.2450815163291119,0.6042340012928248,0.697452229299363
RNPEP,-0.3045978716941859,0.6047188106011635,0.6977417486971627
TOMM40,0.36712765502138206,0.6047996121525533,0.6980312680949624
ZC2HC1A,0.21457707319437297,0.6067388493859082,0.698320787492762
OGFOD3,-0.2540983896865446,0.6073044602456367,0.6986103068905617
OSGIN2,-0.2340606364500019,0.607546864899806,0.6988998262883613
AAED1,0.15092532096427966,0.6088396897220426,0.699189345686161
TXNDC9,0.2269131469957034,0.6095669036845508,0.6994788650839606
PSMF1,-0.22674790154159102,0.610617323852618,0.6997683844817603
CYB5R4,-0.2540983896865446,0.6106981254040078,0.7000579038795599
SMAP2,0.21626098939475405,0.6108597285067874,0.7003474232773595
CDK5RAP3,-0.3145794932126372,0.6113445378151261,0.7006369426751592
PIK3C2B,-0.3389872872730573,0.6115061409179057,0.7009264620729588
VPS41,0.44489935428064004,0.611748545572075,0.7012159814707586
DNAJB12,-0.21836417795333357,0.612152553329024,0.7015055008685582
FAM173A,0.33887168963597647,0.6123949579831933,0.7017950202663579
MAGOHB,0.2242215509894373,0.6154654169360052,0.7020845396641575
OXA1L,0.19336058728467462,0.6157886231415644,0.7023740590619572
CRNKL1,-0.2625848555743751,0.6168390433096316,0.7026635784597568
PBX1,-0.43767156213246416,0.6175662572721397,0.7029530978575564
PGGT1B,-0.2123990984061584,0.6179702650290886,0.7032426172553561
UBAC1,0.1733228340481294,0.6179702650290886,0.7032426172553561
PHACTR1,0.26930944051797506,0.6184550743374273,0.7038216560509554
CCM2,0.21457707319437297,0.6195862960568843,0.704111175448755
GGCX,-0.24662326912439705,0.6199903038138332,0.7044006948465548
KANSL1,0.11148358023026866,0.620071105365223,0.7046902142443544
CAPN7,0.19336058728467462,0.620071105365223,0.7046902142443544
GTPBP6,-0.2781438636531943,0.6201519069166128,0.7052692530399537
NDST2,-0.23727376704518652,0.6205559146735617,0.7055587724377533
RNF114,0.16153514142928005,0.6207983193277311,0.705848291835553
BLOC1S4,-0.1663695403150715,0.6208791208791209,0.7061378112333526
IVD,-0.32747157601676274,0.6213639301874596,0.7064273306311523
FSCN1,0.37977371151555706,0.6219295410471881,0.7067168500289519
CCDC84,0.19336058728467717,0.6228991596638656,0.7070063694267515
BBC3,0.21312384210610444,0.6229799612152553,0.7072958888245513
PDCD7,-0.19846952083284186,0.6232223658694247,0.7075854082223509
BAZ2B,-0.15658188377228457,0.6240303813833226,0.7078749276201506
CMTR2,0.19336058728467717,0.6245151906916613,0.7081644470179502
RGL2,-0.25409838968654713,0.6247575953458306,0.7084539664157499
RIC8A,0.2828587381237778,0.6254040077569489,0.7087434858135495
ZNF524,-0.3412968315884155,0.6255656108597285,0.7090330052113492
ACVR1B,-0.14837598868286447,0.6259696186166774,0.7093225246091488
SCAMP3,-0.29669026641101426,0.6262928248222366,0.7096120440069484
ACAP2,0.15436645566881374,0.6266968325791855,0.7099015634047481
YAF2,-0.12363521206045651,0.6271816418875242,0.7101910828025477
ARMC8,-0.2744183740661423,0.627262443438914,0.7104806022003475
NOV,0.4490901924952381,0.6275048480930834,0.7107701215981471
SIGLEC8,-0.16920949210003178,0.6275048480930834,0.7107701215981471
SLC25A37,-0.2252435270143589,0.6277472527472527,0.7113491603937464
CLIC4,0.22596525271660411,0.6278280542986425,0.711638679791546
SCAF4,-0.3267936178083805,0.6279896574014221,0.7119281991893457
DGCR6L,0.261666600675587,0.6279896574014221,0.7119281991893457
MRPL32,-0.16821658425568586,0.6280704589528119,0.712507237984945
LSG1,0.1767777030890742,0.6291208791208791,0.7127967573827446
OXLD1,-0.23727376704518652,0.6298480930833872,0.7130862767805443
TMEM147,-0.20498062312185517,0.6300096961861668,0.7133757961783439
YIPF3,0.19336058728467717,0.6303329023917259,0.7136653155761437
SETD3,0.12239406593053344,0.6307369101486748,0.7139548349739433
OTUD5,0.2817164617055245,0.6311409179056238,0.7142443543717429
ZBED6,-0.2716924497012823,0.6313025210084033,0.7145338737695426
RREB1,0.39715578974379184,0.6317065287653523,0.7148233931673422
MYL6B,0.31621733507020877,0.6317873303167421,0.7151129125651419
FAM195B,-0.13594703796828458,0.6319489334195216,0.7154024319629415
TLK2,0.1656155968017722,0.6322721396250808,0.7156919513607412
ADSL,-0.1639005807149683,0.6325953458306399,0.7159814707585408
ITGB3BP,0.28904393533998607,0.6329993535875889,0.7162709901563404
NOL11,0.2301191372947922,0.634453781512605,0.7165605095541401
CHCHD3,0.13786547469297078,0.6345345830639948,0.7168500289519398
ASNA1,0.3357135106960077,0.6345345830639948,0.7168500289519398
HLA-DPB1,0.3494797892019585,0.6349385908209437,0.7174290677475391
ZFAND2B,-0.18794605468161804,0.6355042016806722,0.7177185871453388
NUAK1,0.2370819647139925,0.6359082094376212,0.7180081065431384
CD200R1,-0.35664207508267953,0.6363122171945701,0.718297625940938
SP3,-0.21710418220434466,0.6369586296056884,0.7185871453387377
SWAP70,0.1323925699932475,0.6387362637362637,0.7188766647365373
RNF34,0.22058205601970135,0.6387362637362637,0.7188766647365373
NCKAP1L,0.17462402470308835,0.639382676147382,0.7194557035321366
TRIQK,0.16266379006176004,0.6398674854557207,0.7197452229299363
C11orf96,-0.2646290571787159,0.6401906916612798,0.720034742327736
SDAD1,-0.23671631145830974,0.6402714932126696,0.7203242617255357
P4HTM,0.19336058728467717,0.6404330963154492,0.7206137811233353
MRPS22,-0.2540983896865446,0.6407563025210085,0.7209033005211349
API5,-0.19480120600277315,0.6411603102779574,0.7211928199189346
HLTF,-0.21907980050812859,0.6414835164835165,0.7214823393167342
TMEM70,-0.1343038771518328,0.6414835164835165,0.7214823393167342
NT5DC1,-0.2123990984061584,0.642049127343245,0.7220613781123335
PGP,0.1664772931337284,0.6423723335488042,0.7223508975101331
CDK11B,-0.18667046216625488,0.642453135100194,0.7226404169079328
IL13,-0.3442961986581234,0.6425339366515838,0.7229299363057324
MRPS9,0.19336058728467462,0.6430187459599225,0.7232194557035322
TMEM30A,-0.19638289183025703,0.6433419521654816,0.7235089751013318
RNF5,0.2602524709398469,0.6437459599224306,0.7237984944991315
SRM,0.3346065127204283,0.6452811893988365,0.7240880138969311
SF3B4,-0.23939563781506615,0.6453619909502263,0.7243775332947308
THAP1,-0.2723029850641361,0.645846800258565,0.7246670526925304
ARID1B,-0.10665273117424663,0.6459276018099548,0.72495657209033
GRINA,0.14643953989718317,0.6462508080155139,0.7252460914881297
SPG20,-0.150460113451528,0.6464124111182935,0.7255356108859293
KATNA1,0.21185693090206334,0.6464932126696833,0.725825130283729
FLG,0.7497539358090615,0.6465740142210731,0.7261146496815286
TMBIM1,0.13045383572448518,0.6468972204266322,0.7264041690793284
POLR2A,0.2623471974759845,0.646978021978022,0.726693688477128
PLEK,0.15795525115347775,0.6472204266321914,0.7269832078749277
CLPP,0.27083933996239196,0.6473012281835812,0.7272727272727273
ZNF275,0.23262001773190338,0.6473820297349709,0.7275622466705269
FAM76B,0.22341782114085584,0.648109243697479,0.7278517660683266
ZNF639,0.21457707319437297,0.6483516483516484,0.7281412854661262
SYK,-0.19695448258293674,0.648513251454428,0.7284308048639259
PRPS1,0.12958467685136263,0.648513251454428,0.7284308048639259
SUPT6H,-0.2142973816285721,0.6486748545572075,0.7290098436595251
GRWD1,0.3838824933341028,0.6487556561085973,0.7292993630573248
DOCK5,0.19336058728467717,0.6488364576599871,0.7295888824551245
SH3PXD2A,0.4474618683484619,0.6490788623141565,0.7298784018529242
ZNF292,0.19336058728467717,0.6490788623141565,0.7298784018529242
CHMP4B,0.17701259319719012,0.6494828700711054,0.7304574406485235
TUBGCP2,-0.18103492749682235,0.649644473173885,0.7307469600463231
TUBB6,0.22146592496503176,0.650775694893342,0.7310364794441228
NMRK1,-0.15395282602259827,0.6510989010989011,0.7313259988419224
ZNF224,0.19336058728467717,0.6512605042016807,0.731615518239722
CLIC2,0.7552394748927915,0.6521493212669683,0.7319050376375217
TYW3,-0.2123990984061584,0.6527149321266968,0.7321945570353213
COQ10B,0.19336058728467717,0.653038138332256,0.732484076433121
FBRSL1,-0.2781438636531943,0.6537653522947641,0.7327735958309207
FAM212A,-0.2787078570305461,0.6542501616031028,0.7330631152287204
WEE1,0.2279178093210462,0.6544117647058824,0.73335263462652
PITPNA,0.19336058728467462,0.6547349709114415,0.7336421540243196
ARFRP1,-0.22873166952811774,0.6553813833225598,0.7339316734221193
UTP11L,0.19336058728467717,0.6555429864253394,0.7342211928199189
EPN1,-0.3283370199784632,0.6556237879767292,0.7345107122177186
C1orf123,0.21878318416458195,0.6560277957336781,0.7348002316155182
MRPS23,-0.17939176668037057,0.6565934065934066,0.7350897510133179
CCPG1,-0.16920949210003178,0.656835811247576,0.7353792704111175
SPRYD3,-0.2646290571787159,0.6569166127989657,0.7356687898089171
PGM2,0.22341782114085584,0.6569166127989657,0.7356687898089171
ACADM,-0.15395282602259827,0.6570782159017453,0.7362478286045165
RHOT2,-0.2646290571787159,0.6571590174531351,0.7365373480023162
ECI2,-0.21836417795333357,0.6574822236586942,0.7368268674001158
WDR13,0.19336058728467462,0.657563025210084,0.7371163867979155
MAGT1,0.16626692640240276,0.6576438267614738,0.7374059061957151
ZNF264,0.3080722461613669,0.6583710407239819,0.7376954255935148
RP3-477O4.14,-0.2025680890464627,0.6586134453781513,0.7379849449913144
SMPDL3A,0.5521539759239011,0.658694246929541,0.738274464389114
EIF1AD,-0.14024931265032264,0.6593406593406593,0.7385639837869137
CDC34,0.1457949040326207,0.6593406593406593,0.7385639837869137
NSL1,-0.2123990984061584,0.6601486748545572,0.7391430225825131
STARD3NL,0.24268829964824565,0.6608758888170653,0.7394325419803127
HEBP1,-0.2142973816285721,0.6611182934712346,0.7397220613781124
TRAK1,0.29038504167954104,0.6619263089851325,0.740011580775912
TFDP1,0.19336058728467462,0.6619263089851325,0.740011580775912
UBE2L6,0.37393283292649626,0.6621687136393019,0.7405906195715113
CPQ,-0.22330799757309466,0.6625727213962508,0.7408801389693109
TMEM261,-0.19366253582457213,0.6638655462184874,0.7411696583671106
RFC1,-0.23465476599237928,0.6640271493212669,0.7414591777649102
RAB4A,0.1232157632563986,0.6645119586296057,0.7417486971627099
C19orf24,0.15436645566881374,0.6645927601809954,0.7420382165605095
FIP1L1,0.12381965403159909,0.6645927601809954,0.7420382165605095
DESI2,-0.1810349274968198,0.665158371040724,0.7426172553561089
MZT1,0.12464783720066257,0.665885585003232,0.7429067747539085
TCEAL1,0.15564092133551696,0.6667744020685197,0.7431962941517082
JMY,0.35382525947792415,0.6668552036199095,0.7434858135495078
PRKDC,-0.1129706525516676,0.6673400129282482,0.7437753329473075
CREB3,-0.2669509917586063,0.6675016160310278,0.7440648523451071
PREB,-0.2540983896865446,0.6675824175824175,0.7443543717429068
PIGT,0.19336058728467462,0.6688752424046541,0.7446438911407064
ARL8A,-0.11149399424374681,0.6692792501616031,0.744933410538506
ATXN3,-0.2450815163291119,0.6693600517129928,0.7452229299363057
TRIM25,-0.22757751343385224,0.6702488687782805,0.7455124493341054
UBXN8,-0.2450815163291119,0.6704104718810601,0.7458019687319051
TENM1,0.4704701783301936,0.6704104718810601,0.7458019687319051
IRF3,0.19336058728467717,0.6705720749838396,0.7463810075275044
ACYP1,-0.13660482666810483,0.6709760827407886,0.746670526925304
PRKCD,-0.2025680890464627,0.6716224951519069,0.7469600463231036
TMEM233,0.14643953989718317,0.6719457013574661,0.7472495657209033
ARID1A,0.16748195545907119,0.6720265029088559,0.7475390851187029
DAZAP1,0.1590090824938978,0.6730769230769231,0.7478286045165026
TSPAN16,-0.3785457606110325,0.6731577246283129,0.7481181239143022
SF3A1,0.14827269775613686,0.6733193277310925,0.7484076433121019
MKKS,0.18282991979250843,0.6736425339366516,0.7486971627099016
SAMD9,-0.17251085519028403,0.6738041370394312,0.7489866821077013
IFI35,0.41332627122658583,0.6739657401422108,0.7492762015055009
TMEM106B,0.1323925699932475,0.6739657401422108,0.7492762015055009
LSM1,-0.13514016152617045,0.6742889463477699,0.7498552403011002
GAPT,-0.2540983896865446,0.6743697478991597,0.7501447596988998
MFSD2A,0.6787874144549177,0.6744505494505495,0.7504342790966995
PDE12,0.24268829964824565,0.6746929541047189,0.7507237984944991
SUPT20H,0.22973297694963624,0.6747737556561086,0.7510133178922987
TRERF1,0.22341782114085584,0.6755817711700065,0.7513028372900984
CENPC,-0.2340606364500019,0.6758241758241759,0.7515923566878981
P2RX1,-0.18349371810628043,0.6760665804783452,0.7518818760856978
ARHGAP1,0.21457707319437297,0.6764705882352942,0.7521713954834974
FAM53C,0.2301191372947922,0.6765513897866839,0.7524609148812971
CNPY2,-0.12400922564038404,0.6768745959922431,0.7527504342790967
ANKH,-0.14306707729780102,0.6774402068519716,0.7530399536768964
PKN2,0.1258537679263992,0.6774402068519716,0.7530399536768964
IMMT,0.15795525115347775,0.6778442146089205,0.7536189924724956
EIF4EBP1,0.19336058728467717,0.6780058177117001,0.7539085118702953
FAM32A,-0.1872434149302936,0.6782482223658695,0.7541980312680949
CDR2,-0.19213263638015265,0.6787330316742082,0.7544875506658946
NSFL1C,-0.12020403466805747,0.6787330316742082,0.7544875506658946
WAS,-0.21907980050812859,0.678813833225598,0.755066589461494
VPS13C,-0.17251085519028403,0.678813833225598,0.755066589461494
TRIM28,0.12557049774271126,0.6789754363283775,0.7556456282570932
TRIP10,0.21312384210610444,0.6790562378797673,0.7559351476548929
SAMD1,0.21457707319437297,0.6792178409825469,0.7562246670526925
MAP1A,-0.16920949210003178,0.6796218487394958,0.7565141864504922
RBM23,0.1718274257350343,0.6797834518422754,0.7568037058482918
ABHD17A,0.17055070437658862,0.6797834518422754,0.7568037058482918
AC147651.4,0.1411306285121197,0.6802682611506141,0.7573827446438911
CNPY3,-0.32510650164957383,0.6804298642533937,0.7576722640416907
TRIM56,0.49034232504180886,0.6805106658047835,0.7579617834394905
MRPL4,-0.15177489876401226,0.6813186813186813,0.7582513028372901
CTBP1,0.19336058728467717,0.6813994828700711,0.7585408222350898
ARID3A,-0.1781495364532467,0.6814802844214609,0.7588303416328894
IMPACT,-0.2540983896865446,0.6816418875242405,0.7591198610306891
MIA3,0.1733228340481294,0.6818842921784098,0.7594093804284887
CD4,-0.3045978716941859,0.6824499030381384,0.7596988998262884
UTRN,0.3377504966198517,0.6830155138978669,0.759988419224088
SIRT1,0.16345910157081264,0.6830963154492566,0.7602779386218876
ZZZ3,-0.2025680890464627,0.6835003232062056,0.7605674580196873
ZC3H14,0.13640470247259978,0.6843083387201034,0.7608569774174869
ANKRD17,-0.12122553226151776,0.6849547511312217,0.7611464968152867
GSDMD,0.3080722461613669,0.6852779573367809,0.7614360162130863
SIGIRR,0.11690852684680084,0.6855203619909502,0.761725535610886
CSNK1G2,-0.23326488626937983,0.6881868131868132,0.7620150550086856
PMPCA,0.22341782114085584,0.6883484162895928,0.7623045744064852
GPATCH4,0.13732655237035005,0.6885908209437621,0.7625940938042849
ATM,-0.14024931265032264,0.6889140271493213,0.7628836132020845
ORAI1,0.19336058728467462,0.6889140271493213,0.7628836132020845
ANXA2R,-0.11618378314685478,0.6893180349062702,0.7634626519976838
TAF11,-0.2025680890464627,0.6896412411118293,0.7637521713954835
C14orf142,0.17009080796182885,0.6897220426632191,0.7640416907932831
THUMPD1,-0.2005971938753413,0.6900452488687783,0.7643312101910829
DCTN2,-0.12442777724176292,0.6901260504201681,0.7646207295888825
MRPL50,0.19336058728467462,0.6902876535229476,0.7649102489866821
PAIP1,-0.19638289183025703,0.6911764705882353,0.7651997683844818
PWWP2B,0.17009080796182885,0.691661279896574,0.7654892877822814
WDFY1,0.1084716896981644,0.6918228829993536,0.7657788071800811
CPSF6,0.17141803440399955,0.6921460892049127,0.7660683265778807
SEC22B,-0.26403092489780616,0.6922268907563025,0.7663578459756804
FBXL3,-0.15658188377228457,0.6926308985132514,0.76664736537348
RLIM,-0.14105845178588292,0.6936813186813187,0.7669368847712796
TPT1-AS1,0.16266379006176004,0.6937621202327084,0.7672264041690793
TMEM109,0.16626692640240276,0.6940045248868778,0.767515923566879
PRKACA,0.19336058728467717,0.6940045248868778,0.767515923566879
FERMT3,0.15849012743762406,0.6945701357466063,0.7680949623624783
TOX4,0.12557049774271126,0.6947317388493859,0.768384481760278
PIGC,0.19336058728467717,0.6957821590174531,0.7686740011580776
SPG7,0.1718274257350343,0.6965093729799612,0.7689635205558772
IARS2,-0.13660482666810483,0.696590174531351,0.7692530399536769
ATP6AP1,0.11562083733510728,0.6970749838396897,0.7695425593514765
SKIV2L2,0.09794102220599309,0.6973981900452488,0.7698320787492762
PLRG1,-0.2920662398855659,0.697721396250808,0.7701215981470758
PRELID2,0.19336058728467717,0.6979638009049773,0.7704111175448755
C17orf62,-0.15658188377228457,0.6984486102133161,0.7707006369426752
TOR4A,0.1656155968017722,0.6993374272786037,0.7709901563404749
CYTH1,0.2721621549922718,0.6993374272786037,0.7709901563404749
UBA7,-0.19695448258293674,0.6994182288299935,0.7715691951360741
CHST2,0.17987735792105486,0.6994990303813833,0.7718587145338738
CUEDC2,-0.2235640215384341,0.6997414350355526,0.7721482339316734
CHST12,0.19336058728467462,0.7000646412411118,0.7724377533294731
IL6R,0.21457707319437297,0.7004686489980607,0.7727272727272727
FNBP4,0.06319329508009813,0.7007110536522301,0.7730167921250723
AIF1,0.3739328329264988,0.7007918552036199,0.773306311522872
SMARCA5,0.08933752274144817,0.7009534583063994,0.7735958309206716
ADAM8,0.22826620223287614,0.7012766645119586,0.7738853503184714
SLC39A4,-0.3045978716941859,0.7018422753716871,0.774174869716271
TRIM33,0.16493217895815931,0.7020846800258564,0.7744643891140707
REV1,0.14228640269040743,0.7021654815772462,0.7747539085118703
LYRM5,-0.1789410301178053,0.7024078862314156,0.77504342790967
TCEAL3,-0.17490622226955668,0.7041047188106012,0.7753329473074696
PLK3,0.21185693090206334,0.7045087265675501,0.7756224667052692
NUTM2A-AS1,0.15501427563519427,0.7046703296703297,0.7759119861030689
TMEM18,-0.13626189939268682,0.7052359405300582,0.7762015055008685
WAPL,-0.11979729797495266,0.7053975436328378,0.7764910248986682
GAN,0.2528615990333389,0.7059631544925663,0.7767805442964678
LTN1,0.19336058728467462,0.7070135746606335,0.7770700636942676
WBP2,0.076806329843914,0.7094376212023271,0.7773595830920672
ATAD1,0.11605486111722652,0.7100032320620556,0.7776491024898669
SP100,0.15758945626285378,0.7101648351648352,0.7779386218876665
PLPP5,0.16493217895815931,0.7112960568842922,0.7782281412854661
MOB2,-0.09614602991030699,0.7116192630898514,0.7785176606832658
CSNK2A2,-0.10108677118058072,0.7117000646412411,0.7788071800810654
SPTBN1,0.21074266551291201,0.7123464770523594,0.7790966994788651
MICU1,-0.11885235276947272,0.7133968972204267,0.7793862188766647
FAM136A,0.17462402470308835,0.7142857142857143,0.7796757382744643
NXPE3,0.2182352559237053,0.7148513251454428,0.779965257672264
MRPS10,-0.15811178321670147,0.7154169360051713,0.7802547770700637
RP11-467L13.7,-0.2827384377304461,0.7155785391079509,0.7805442964678634
ZCCHC3,-0.31359940143520626,0.7159825468648998,0.780833815865663
AGTPBP1,-0.17639603269330204,0.716305753070459,0.7811233352634627
OSTM1,0.1733228340481294,0.717032967032967,0.7814128546612623
BNIP3,0.11050365488039338,0.7175985778926955,0.781702374059062
HTRA2,-0.11885235276947272,0.7180833872010343,0.7819918934568616
TTC37,0.3812935378777503,0.7187297996121526,0.7822814128546612
SKIL,-0.23443614270950913,0.7187297996121526,0.7822814128546612
WDR61,-0.1752176009015066,0.7191338073691015,0.7828604516502605
CWF19L2,0.19336058728467717,0.7206690368455074,0.7831499710480602
PLAGL1,0.19336058728467717,0.7210730446024564,0.7834394904458599
ATP6V1D,-0.10266564415992926,0.7213154492566257,0.7837290098436596
PSEN1,-0.10241521974671784,0.7216386554621849,0.7840185292414592
IFT57,-0.13890945182414516,0.7216386554621849,0.7840185292414592
FAM102A,-0.16920949210003178,0.7216386554621849,0.7840185292414592
MRPL40,-0.13291953214239421,0.7216386554621849,0.7840185292414592
ZNF800,0.15604742881661804,0.721961861667744,0.7851766068326578
POM121,0.1499679917712945,0.7224466709760827,0.7854661262304574
MRPS35,0.1733228340481294,0.7228506787330317,0.7857556456282571
NUDT22,-0.15395282602259827,0.72349709114415,0.7860451650260567
CIC,0.16804949875548858,0.72349709114415,0.7860451650260567
FAM58A,0.15564092133551696,0.7236586942469295,0.7866242038216561
HM13,0.11605486111722908,0.7244667097608274,0.7869137232194557
MBTPS1,-0.1419880233650076,0.725355526826115,0.7872032426172554
AZI2,-0.159818441587124,0.7256787330316742,0.787492762015055
RNF2,0.28957590254397825,0.7258403361344538,0.7877822814128547
GGCT,-0.1789410301178053,0.7264059469941823,0.7880718008106543
NQO2,-0.22757751343385224,0.726890756302521,0.788361320208454
CEBPD,0.16859268213573206,0.7271331609566903,0.7886508396062536
STX5,-0.1176791914599499,0.7276179702650291,0.7889403590040532
KDSR,-0.13565693238900556,0.7279411764705882,0.7892298784018529
EIF2S1,0.2362691787539671,0.728021978021978,0.7895193977996525
APMAP,-0.13890945182414516,0.7281027795733678,0.7898089171974523
EIF2AK1,0.1767777030890742,0.7281835811247576,0.7900984365952519
SIAH1,-0.13594703796828458,0.7292340012928248,0.7903879559930516
ACTL6A,0.17009080796182885,0.7292340012928248,0.7903879559930516
BRD7,0.08775039932407676,0.7297996121525533,0.7909669947886508
ZDHHC12,-0.18794605468161804,0.7298804137039431,0.7912565141864505
TMEM107,-0.16300100466656053,0.7310116354234001,0.7915460335842501
NOP56,0.09872371314659995,0.7319812540400775,0.7918355529820498
URM1,0.19336058728467717,0.7323852617970265,0.7921250723798494
GNL2,-0.15658188377228457,0.7324660633484162,0.7924145917776491
FNTA,0.1332395948471044,0.7330316742081447,0.7927041111754487
CCND2,-0.22873166952811774,0.7337588881706528,0.7929936305732485
SLC2A6,0.2485901080050695,0.7337588881706528,0.7929936305732485
SPTAN1,-0.10572753124457636,0.7337588881706528,0.7929936305732485
SEMA7A,0.2817164617055245,0.7338396897220426,0.7938621887666474
SPRYD7,-0.17251085519028403,0.7340012928248222,0.794151708164447
ACOT9,0.1457949040326207,0.7349709114414997,0.7944412275622467
MRPL2,-0.159818441587124,0.7359405300581772,0.7947307469600463
SLC25A46,-0.2025680890464627,0.7365061409179057,0.795020266357846
TTC14,-0.3283370199784632,0.7365061409179057,0.795020266357846
KLHL36,-0.14433482346100365,0.7366677440206852,0.7955993051534452
EIF4E2,-0.10647373675206785,0.7370717517776342,0.795888824551245
HSPA14,-0.28834795163945626,0.7375565610859729,0.7961783439490446
FBXO30,-0.1639005807149683,0.7377181641887525,0.7964678633468443
KDM1A,0.16266379006176004,0.7386069812540401,0.7967573827446439
RRP7A,0.2354860629573518,0.7393341952165482,0.7970469021424436
PNO1,0.3538252594779216,0.7397382029734971,0.7973364215402432
RMND5A,0.19336058728467462,0.7411926308985133,0.7976259409380428
EIF2B1,-0.24771477289568913,0.7414350355526826,0.7979154603358425
ESYT1,-0.10798663018023497,0.7421622495151907,0.7982049797336421
UBE2V2,-0.12202466173591299,0.7426470588235294,0.7984944991314418
RSU1,-0.13594703796828458,0.7435358758888171,0.7987840185292414
GUSB,-0.2239153841901667,0.7436166774402069,0.7990735379270412
TDG,-0.08305284835031891,0.7437782805429864,0.7993630573248408
CHM,0.09794102220599309,0.7438590820943762,0.7996525767226405
ANAPC5,-0.16920949210003178,0.7438590820943762,0.7996525767226405
CERS2,-0.10829511257642559,0.7445862960568843,0.8002316155182397
RP11-758H9.2,0.298603747312013,0.7451519069166128,0.8005211349160394
RCOR3,0.11605486111722652,0.7453943115707822,0.800810654313839
LRR1,0.19336058728467717,0.7457983193277311,0.8011001737116387
KIAA2013,-0.13834852839527165,0.7458791208791209,0.8013896931094383
PELI1,0.2295429235913218,0.7460407239819005,0.801679212507238
ACAT2,-0.1528150538493629,0.7460407239819005,0.801679212507238
SNRNP35,-0.14306707729780102,0.7464447317388494,0.8022582513028373
SURF6,0.21074266551291201,0.7478183581124758,0.802547770700637
DALRD3,-0.13953862542368967,0.7491111829347123,0.8028372900984366
DST,0.3071294622422506,0.7495959922430511,0.8031268094962363
BRWD1,-0.11885235276947272,0.75,0.8034163288940359
TIAL1,-0.0922256605389667,0.7500808015513898,0.8037058482918356
FBXW2,0.1718274257350343,0.7504848093083387,0.8039953676896352
CCDC53,-0.09983578905937027,0.7508888170652877,0.8042848870874348
ADNP,0.19336058728467462,0.7509696186166774,0.8045744064852345
DCPS,-0.14024931265032264,0.7509696186166774,0.8045744064852345
SLC25A44,-0.14433482346100365,0.7510504201680672,0.8051534452808338
RIT1,0.16493217895815931,0.7512928248222366,0.8054429646786335
NFIC,0.11050365488039338,0.7519392372333549,0.8057324840764332
FDPS,-0.17025341040961192,0.7520200387847447,0.8060220034742328
SLC30A5,0.12239406593053344,0.7521816418875242,0.8063115228720324
GLO1,0.1815351518878866,0.752262443438914,0.8066010422698321
NFATC3,0.20249159903680258,0.7523432449903038,0.8068905616676317
MAF,-0.20030326120160247,0.7529088558500323,0.8071800810654314
SHISA5,0.1323925699932475,0.7539592760180995,0.807469600463231
THOC1,0.22058205601970135,0.7541208791208791,0.8077591198610307
MIR222HG,0.1757665272699394,0.754524886877828,0.8080486392588303
PCMTD1,-0.149128830085004,0.7547672915319974,0.80833815865663
ISCA2,-0.16920949210003178,0.7548480930833872,0.8086276780544297
EXOSC7,0.15795525115347775,0.7551712992889463,0.8089171974522293
MRPS18B,-0.19934058201606875,0.7554137039431157,0.809206716850029
ISCA1,0.1332395948471044,0.7561409179056238,0.8094962362478286
PAPD4,-0.1639005807149683,0.7561409179056238,0.8094962362478286
RFWD2,0.14228640269040743,0.7562217194570136,0.8100752750434279
SMIM10L1,0.1757665272699394,0.7567065287653523,0.8103647944412276
CDK11A,-0.14433482346100365,0.7568681318681318,0.8106543138390272
SMG1,0.11050365488039338,0.7570297349709114,0.8109438332368268
ARF3,-0.19695448258293674,0.7571105365223012,0.8112333526346265
MBD4,-0.16300100466656053,0.7572721396250808,0.8115228720324261
SLC39A1,0.13640470247259978,0.7573529411764706,0.8118123914302259
COMMD7,-0.1667507014905737,0.7575953458306399,0.8121019108280255
RBMS1,-0.20853581230610232,0.7576761473820297,0.8123914302258252
ALDH3B1,0.19336058728467717,0.7578377504848093,0.8126809496236248
DUSP12,-0.1176791914599499,0.7578377504848093,0.8126809496236248
ZSWIM6,-0.19213263638015265,0.7581609566903684,0.8132599884192241
TBL1XR1,0.2485901080050695,0.7581609566903684,0.8132599884192241
COBLL1,-0.08903914341604834,0.758322559793148,0.8138390272148234
THYN1,-0.1231943355038345,0.7585649644473174,0.814128546612623
TOLLIP,0.08693852814852149,0.7585649644473174,0.814128546612623
HPS4,-0.159818441587124,0.7588881706528765,0.8147075854082223
LUC7L2,-0.14077656529790417,0.7595345830639948,0.814997104806022
RAB18,-0.14433482346100107,0.7596153846153846,0.8152866242038217
ATP6V1A,0.07612291200030367,0.7599385908209437,0.8155761436016213
ZNF24,-0.08722671222178563,0.7610698125404007,0.815865662999421
REPIN1,0.24729939439547968,0.7611506140917905,0.8161551823972206
PPIL4,-0.06878627927727023,0.7613930187459599,0.8164447017950203
UGDH,-0.2071773422990531,0.7616354234001292,0.8167342211928199
PTEN,-0.1369797474188854,0.762847446670976,0.8170237405906196
GFPT1,0.20671897013969698,0.7633322559793148,0.8173132599884192
C2orf76,0.10633752504731124,0.7638170652876535,0.8176027793862188
SMURF2,0.12239406593053344,0.763978668390433,0.8178922987840185
MARCH5,0.11690852684680084,0.7645442792501616,0.8181818181818182
HSF1,0.11148358023026866,0.7647058823529411,0.8184713375796179
PFDN1,0.1232157632563986,0.7651098901098901,0.8187608569774175
ATF2,0.11319023860069376,0.765513897866839,0.8190503763752172
APH1B,0.1277722456570999,0.7655946994182288,0.8193398957730168
VCPIP1,0.21312384210610444,0.765917905623788,0.8196294151708164
ZNF581,0.11148358023026866,0.7668875242404655,0.8199189345686161
PACS1,-0.2252435270143589,0.7671299288946348,0.8202084539664157
BCL10,-0.09961613390655552,0.7678571428571429,0.8204979733642154
TAF10,-0.10407294568193756,0.7686651583710408,0.820787492762015
OSGEP,-0.08063303053898413,0.7689075630252101,0.8210770121598147
RRP36,0.11690852684680084,0.7693115707821591,0.8213665315576144
ST3GAL4,-0.09773010368009295,0.7696347769877182,0.821656050955414
GRASP,-0.18579237629563475,0.7701195862960569,0.8219455703532137
SERTAD3,-0.09614602991030699,0.7703619909502263,0.8222350897510133
STIM1,0.22058205601970135,0.7707659987071752,0.822524609148813
SKAP2,0.10633752504731124,0.7714124111182935,0.8228141285466126
KBTBD3,0.16266379006176004,0.7714124111182935,0.8228141285466126
MRPL1,0.10474620011110727,0.7716548157724629,0.8233931673422119
DPP8,0.2182352559237053,0.7726244343891403,0.8236826867400115
MAPKAPK3,0.1457949040326207,0.773513251454428,0.8239722061378112
PIK3C2A,0.22265489407871258,0.7736748545572075,0.8242617255356108
ERCC1,0.10474620011110727,0.7751292824822237,0.8245512449334106
CTDSPL2,-0.11618378314685478,0.7755332902391726,0.8248407643312102
PRPS2,0.10173011181910699,0.7767453135100194,0.8251302837290099
ASF1A,0.0771075187888258,0.7769877181641888,0.8254198031268095
ANKRD49,-0.15658188377228457,0.7777149321266968,0.8257093225246092
GGA2,0.16266379006176004,0.7777149321266968,0.8257093225246092
RPA3,-0.0863980533587451,0.7779573367808662,0.8262883613202084
DDX42,0.09087762968342662,0.7783613445378151,0.8265778807180081
MAD2L2,-0.11421221462561536,0.7807045895281189,0.8268674001158077
NSRP1,0.09621942887414471,0.7811085972850679,0.8271569195136074
DICER1,0.14302891173453341,0.7815934065934066,0.827446438911407
LPAR5,0.14228640269040743,0.7816742081447964,0.8277359583092068
CCNT1,-0.08063303053898413,0.782563025210084,0.8280254777070064
KLF5,-0.1658485236821466,0.782967032967033,0.828314997104806
RBM7,0.11319023860069376,0.7830478345184227,0.8286045165026057
AFG3L2,0.17009080796182885,0.7843406593406593,0.8288940359004053
DNAJC13,0.23880355804584347,0.7845830639948287,0.829183555298205
SNF8,0.13045383572448518,0.7846638655462185,0.8294730746960046
NTAN1,-0.15811178321670147,0.7846638655462185,0.8294730746960046
EIF3B,-0.16436822903053416,0.7849062702003878,0.8300521134916039
PSMG1,0.08693852814852149,0.7849870717517776,0.8303416328894035
ZNF134,0.14643953989718317,0.7850678733031674,0.8306311522872032
CYB561D2,0.1323925699932475,0.7858758888170653,0.8309206716850029
HINT2,-0.1226669061630019,0.7862798965740142,0.8312101910828026
PSMD3,-0.14024931265032264,0.7869263089851325,0.8314997104806022
C16orf91,0.12239406593053344,0.7870071105365223,0.8317892298784019
RBM18,0.1323925699932475,0.7871687136393019,0.8320787492762015
AGPAT2,0.10474620011110727,0.7873303167420814,0.8323682686740012
ARRDC2,-0.10829511257642559,0.788623141564318,0.8326577880718008
ALG5,0.15740370950826485,0.7891079508726567,0.8329473074696004
EFR3A,-0.14433482346100365,0.7892695539754363,0.8332368268674001
SNRNP48,-0.08903914341604834,0.7894311570782159,0.8335263462651997
ZBTB4,-0.1129706525516676,0.7898351648351648,0.8338158656629994
BSPRY,0.09660735440509077,0.7899159663865546,0.8341053850607991
SMARCC1,-0.13834852839527165,0.7904007756948933,0.8343949044585988
SHISA2,-0.19213263638015265,0.7909663865546218,0.8346844238563984
WWC3,-0.16920949210003178,0.7910471881060116,0.834973943254198
ABCE1,-0.09407913121739743,0.7916127989657401,0.8352634626519977
C12orf65,-0.0727142728691702,0.7916127989657401,0.8352634626519977
CRIM1,-0.18331047219711796,0.792016806722689,0.835842501447597
ATP2B1,0.11741173405137674,0.7922592113768584,0.8361320208453966
SGF29,-0.0676852654556647,0.7937136393018746,0.8364215402431963
IGBP1,-0.06572663403245466,0.7941176470588235,0.8367110596409959
LMO2,-0.1129706525516676,0.7948448610213316,0.8370005790387955
ASXL2,0.10316277831309836,0.7950064641241111,0.8372900984365953
ASL,0.17462402470308835,0.7950872656755009,0.8375796178343949
UBE2D1,-0.10108677118058072,0.7952488687782805,0.8378691372321946
TXLNG,-0.1176791914599499,0.7953296703296703,0.8381586566299942
TMEM55A,0.10316277831309836,0.7958952811893988,0.8384481760277939
NUTF2,0.08442621573151209,0.7960568842921784,0.8387376954255935
AFF1,0.13865469519454224,0.7961376858435681,0.8390272148233932
TSC22D4,-0.11527068498922925,0.7971881060116355,0.8393167342211928
TP53BP1,0.16804949875548858,0.7971881060116355,0.8393167342211928
SLFN11,0.09621942887414471,0.7975921137685844,0.8398957730167921
NIPSNAP3A,0.1499679917712945,0.7981577246283129,0.8401852924145917
CSNK2A1,0.09026709432057287,0.7981577246283129,0.8401852924145917
SLC30A1,-0.17639603269330204,0.7984001292824823,0.8407643312101911
THEM4,-0.17639603269330204,0.7984809308338721,0.8410538506079908
CLCN7,0.07902791180568136,0.7984809308338721,0.8410538506079908
HERC4,-0.1810349274968198,0.7986425339366516,0.84163288940359
ADAR,0.13992132832321594,0.7986425339366516,0.84163288940359
UCP2,0.15564092133551696,0.7989657401422108,0.8422119281991893
ST6GALNAC6,0.1084716896981644,0.7991273432449904,0.842501447596989
HBEGF,0.22341782114085584,0.7992081447963801,0.8427909669947886
SGTA,0.1656155968017722,0.7994505494505495,0.8430804863925883
RBM38,-0.14024931265032264,0.7996121525533291,0.843370005790388
SH3BP2,0.1499679917712945,0.7997737556561086,0.8436595251881877
KATNBL1,0.1277722456570999,0.8005817711700065,0.8439490445859873
PGM3,0.11605486111722652,0.8006625727213963,0.8442385639837869
ZC3H13,-0.08494057520243008,0.801147382029735,0.8445280833815866
TSR3,-0.14306707729780102,0.8013089851325146,0.8448176027793862
C1orf35,-0.07315438728407987,0.8017129928894635,0.8451071221771859
CAPN1,-0.10829511257642559,0.8017129928894635,0.8451071221771859
CDC27,-0.07794143453271804,0.8028442146089205,0.8456861609727852
KDM5A,-0.0763112704712615,0.8028442146089205,0.8456861609727852
ATP6V1E1,0.0730663535669624,0.8030866192630899,0.8462651997683844
VAMP7,0.1084716896981644,0.8035714285714286,0.8465547191661842
PDPK1,0.13640470247259978,0.803813833225598,0.8468442385639838
BCL2,0.2886675473804056,0.8043794440853265,0.8471337579617835
TRAF5,0.07612291200030367,0.8047026502908856,0.8474232773595831
MRPL42,0.0826843561285596,0.8057530704589528,0.8477127967573828
GABARAPL1,-0.13739135798969043,0.8062378797672916,0.8480023161551824
ST3GAL1,-0.09407913121739743,0.8067226890756303,0.848291835552982
TNFRSF14,0.1457949040326207,0.8073691014867486,0.8485813549507817
CD33,0.14827269775613686,0.8076923076923077,0.8488708743485813
PFKL,0.10633752504731124,0.8077731092436975,0.849160393746381
DNAJA2,-0.1152706849892267,0.8084195216548158,0.8494499131441806
SACM1L,0.19336058728467717,0.8086619263089851,0.8497394325419804
GALNT1,-0.10362115047245449,0.8086619263089851,0.8497394325419804
COPS3,-0.07920143028170694,0.8093083387201034,0.8503184713375797
IGFBP7,-0.1047207656483181,0.8101163542340013,0.8506079907353793
LLPH,-0.06692844181030035,0.8104395604395604,0.8508975101331789
ERO1B,-0.14306707729780102,0.811005171299289,0.8511870295309786
NEK7,-0.09407913121739743,0.8111667744020685,0.8514765489287782
ARL2BP,-0.10970848035137265,0.8114899806076277,0.8517660683265779
CKAP2,0.1258537679263992,0.8114899806076277,0.8517660683265779
ARID3B,-0.1378453211906983,0.8119747899159664,0.8523451071221771
MICU2,-0.09614602991030699,0.8120555914673562,0.8526346265199768
ING4,-0.14306707729780102,0.812136393018746,0.8529241459177765
TMEM14A,-0.08524007593858365,0.8126212023270847,0.8532136653155762
PTPRS,-0.11618378314685478,0.8135100193923723,0.8535031847133758
FADS1,0.1084716896981644,0.8135908209437621,0.8537927041111755
SLC25A33,-0.08227385532875046,0.8135908209437621,0.8537927041111755
TIMM9,-0.09797918776926326,0.8139140271493213,0.8543717429067748
PTPN12,0.047755265037776364,0.8141564318034906,0.8546612623045744
FAM49A,0.2735309359686606,0.8143180349062702,0.854950781702374
TBC1D2B,-0.09407913121739743,0.8145604395604396,0.8552403011001737
CEP95,-0.08227385532875046,0.8153684550743374,0.8555298204979733
SAP30,-0.07218503770516534,0.815530058177117,0.855819339895773
TTYH3,0.07902791180568136,0.8158532643826761,0.8561088592935727
TPPP3,0.19336058728467717,0.8160956690368455,0.8563983786913724
IDH2,-0.1842769401889737,0.8162572721396251,0.856687898089172
KIAA1033,-0.11979729797495266,0.8168228829993536,0.8569774174869716
PLA2G16,0.1277722456570999,0.8169036845507434,0.8572669368847713
HCCS,0.1277722456570999,0.8169844861021331,0.8575564562825709
TCF12,0.14228640269040743,0.8170652876535229,0.8578459756803706
TBC1D14,-0.10362115047245449,0.8171460892049127,0.8581354950781702
PRKD3,-0.15395282602259827,0.8177117000646412,0.8584250144759699
GALT,0.12239406593053344,0.8180349062702004,0.8587145338737695
PRPF8,-0.05817817971128822,0.8181157078215902,0.8590040532715691
C6orf1,0.09660735440509077,0.8182773109243697,0.8592935726693689
ZNF106,0.07306635356696496,0.8184389140271493,0.8595830920671685
PHACTR2,0.09130931581497946,0.8186813186813187,0.8598726114649682
PAPD5,-0.09173073942231444,0.8188429217840982,0.8601621308627678
ITGAX,0.12239406593053344,0.8188429217840982,0.8601621308627678
MLXIP,0.07839487316415579,0.8198933419521655,0.8607411696583671
ZC3H7A,0.09026709432057287,0.8202973497091144,0.8610306890561668
SLC25A19,-0.1129706525516676,0.8202973497091144,0.8610306890561668
CSRP1,-0.06692844181030035,0.821186166774402,0.861609727851766
CDK8,0.25609634263263853,0.8212669683257918,0.8618992472495657
TRAPPC2P1,-0.10189955714060611,0.8213477698771816,0.8621887666473653
FKBP7,0.1277722456570999,0.8215093729799612,0.8624782860451651
ZFR,0.09087762968342662,0.8215093729799612,0.8624782860451651
UBXN11,-0.11421221462561536,0.8222365869424693,0.8630573248407644
UBN2,0.12121080152884144,0.8224789915966386,0.863346844238564
SNAPC2,-0.07153656256630801,0.8234486102133161,0.8636363636363636
LTBP3,0.11690852684680084,0.823852617970265,0.8639258830341633
SDHAF3,-0.07794143453271804,0.8241758241758241,0.8642154024319629
FIBP,0.11605486111722908,0.8242566257272139,0.8645049218297626
KMT5B,-0.0676852654556647,0.8243374272786037,0.8647944412275622
BTN2A2,0.09026709432057287,0.8243374272786037,0.8647944412275622
SLAIN2,0.10633752504731124,0.8244990303813833,0.8653734800231615
PGD,-0.09797918776926326,0.8247414350355526,0.8656629994209613
PEX16,-0.1129706525516676,0.8251454427925016,0.8659525188187609
ZNF704,0.15300284966853422,0.8255494505494505,0.8662420382165605
TXN2,-0.10338894460669097,0.8256302521008403,0.8665315576143602
IDH3B,0.11050365488039338,0.826115061409179,0.8668210770121598
MAN2A1,0.09087762968342662,0.8266806722689075,0.8671105964099595
LRRC41,0.08933752274144817,0.8269230769230769,0.8674001158077591
C3AR1,-0.15658188377228457,0.8270038784744667,0.8676896352055588
CIAO1,0.06873393277092997,0.8270038784744667,0.8676896352055588
CSNK1D,0.076806329843914,0.8274078862314156,0.868268674001158
RP11-437B10.1,-0.1663695403150715,0.8274886877828054,0.8685581933989577
TRIM47,-0.10362115047245449,0.8278118939883645,0.8688477127967574
TMEM150C,0.12958467685136263,0.8281351001939238,0.8691372321945571
NAT9,-0.08227385532875046,0.8287007110536523,0.8694267515923567
SLFN5,-0.1789410301178053,0.8287815126050421,0.8697162709901564
CHCHD5,0.07306635356696496,0.8289431157078216,0.870005790387956
CLCN3,-0.1047207656483181,0.8293471234647706,0.8702953097857556
C4orf33,-0.11618378314685478,0.8294279250161604,0.8705848291835553
RASSF3,0.1718274257350343,0.8305591467356174,0.8708743485813549
UTP18,-0.1047207656483181,0.8307207498383969,0.8711638679791546
SMIM14,-0.08722671222178563,0.8308015513897867,0.8714533873769542
ATP5S,0.1084716896981644,0.8311247575953459,0.8717429067747539
VPS36,-0.06692844181030035,0.8316095669036846,0.8720324261725536
CETN2,-0.1419880233650076,0.8322559793148029,0.8723219455703533
GMPPB,0.16804949875548858,0.8324983839689722,0.8726114649681529
LRRC75A,-0.3992150975463568,0.832579185520362,0.8729009843659525
SENP6,-0.07101648504052756,0.8327407886231416,0.8731905037637522
SELM,0.4952142420089981,0.8332255979314803,0.8734800231615518
TIAM1,0.1277722456570999,0.8338720103425986,0.8737695425593515
POLK,0.06319329508009813,0.8341952165481578,0.8740590619571511
DYNC1LI2,-0.09363371749330016,0.8356496444731739,0.8743485813549507
ANAPC10,0.1277722456570999,0.8358920491273433,0.8746381007527504
USF2,0.056401374064074666,0.8369424692954105,0.87492762015055
RNF111,0.1084716896981644,0.837508080155139,0.8752171395483498
NUBP2,-0.11829917214885843,0.8376696832579186,0.8755066589461494
SMC3,-0.05221662147257181,0.8377504848093084,0.8757961783439491
CISD3,0.13992132832321594,0.8380736910148675,0.8760856977417487
ERP44,0.06481646666361544,0.8385585003232062,0.8763752171395484
KIAA0907,-0.11934897757330959,0.8388817065287654,0.876664736537348
TOR1AIP2,0.13062483193671326,0.8391241111829347,0.8769542559351476
TP53INP1,-0.14433482346100365,0.8392049127343245,0.8772437753329473
INTS10,-0.10241521974671784,0.8392857142857143,0.8775332947307469
PTPN7,0.13593230723560826,0.8407401422107305,0.8778228141285466
USP22,-0.05817817971128822,0.8408209437621202,0.8781123335263462
TP53I13,-0.06189646795739786,0.84090174531351,0.878401852924146
ATN1,0.08232927489593107,0.8409825468648998,0.8786913723219456
EPS15,-0.0749295440006112,0.8410633484162896,0.8789808917197452
TPGS1,0.059059495573085284,0.8410633484162896,0.8789808917197452
OLA1,-0.0890391434160509,0.8410633484162896,0.8789808917197452
C18orf32,0.07306635356696496,0.8410633484162896,0.8789808917197452
MRPS28,0.10173011181910699,0.8417905623787977,0.8801389693109438
NFIA,-0.07352614404472291,0.842032967032967,0.8804284887087435
PTGER2,0.06907825139807484,0.8430833872010343,0.8807180081065431
SPAG7,0.059059495573085284,0.8432449903038138,0.8810075275043427
MRPL47,0.08442621573151209,0.8434873949579832,0.8812970469021424
BBIP1,0.08442621573151209,0.843568196509373,0.8815865662999421
TXNDC15,0.053635823618062184,0.8442146089204913,0.8818760856977418
SOCS4,-0.0676852654556647,0.8445378151260504,0.8821656050955414
FBXO9,0.14228640269040743,0.8451034259857789,0.8824551244933411
ODC1,0.09923840992012563,0.8452650290885585,0.8827446438911407
TMEM131,-0.14433482346100365,0.8459922430510666,0.8830341632889404
SRFBP1,0.1084716896981644,0.8465578539107951,0.88332368268674
TMEM134,-0.07457261796195709,0.8466386554621849,0.8836132020845396
KDM5B,-0.10108677118058072,0.8468002585649644,0.8839027214823393
MFNG,-0.11829917214885843,0.8474466709760827,0.8841922408801389
NTPCR,-0.08903914341604834,0.8475274725274725,0.8844817602779386
SLU7,-0.05817817971128822,0.8480122818358112,0.8847712796757383
PIP4K2A,0.12485180935438792,0.848093083387201,0.885060799073538
GRN,-0.06495140830671436,0.8482546864899806,0.8853503184713376
CAMK2N1,-0.07794143453271804,0.8483354880413704,0.8856398378691372
CD48,0.11319023860069376,0.8487394957983193,0.8859293572669369
IL5RA,0.13640470247259978,0.8490627020038785,0.8862188766647365
MAT2A,0.09237277969984763,0.849224305106658,0.8865083960625362
NAA16,-0.14306707729780102,0.8493859082094376,0.8867979154603358
SLC20A1,-0.08477238972300205,0.8501131221719457,0.8870874348581355
INIP,-0.09173073942231444,0.8524563671622495,0.8873769542559351
EMC1,0.1084716896981644,0.8525371687136393,0.8876664736537349
EMC9,0.04687449880719019,0.8526179702650291,0.8879559930515345
EXOSC9,0.08232927489593107,0.8531835811247576,0.8882455124493341
TMEM246,0.10067858477482548,0.8534259857789269,0.8885350318471338
SNX4,0.04491531325281609,0.8535067873303167,0.8888245512449334
KXD1,-0.09069932201224458,0.8538299935358759,0.8891140706427331
OSBPL9,0.07552409699081689,0.8539107950872656,0.8894035900405327
PGM2L1,0.07306635356696496,0.8539915966386554,0.8896931094383324
POLR3K,-0.08355777268512292,0.8542340012928248,0.889982628836132
TPRG1L,0.1084716896981644,0.8542340012928248,0.889982628836132
FAM49B,0.09087762968342662,0.8543956043956044,0.8905616676317313
BAIAP2,0.06285856305054997,0.8546380090497737,0.890851187029531
CCS,0.06025180559209838,0.8547996121525533,0.8911407064273307
GNG2,-0.047647512219119476,0.8550420168067226,0.8914302258251303
LEAP2,0.11690852684680084,0.8556076276664512,0.89171974522293
CINP,-0.09407913121739743,0.8563348416289592,0.8920092646207296
PDLIM1,-0.11829917214885843,0.8566580478345184,0.8922987840185292
HIGD1A,0.08693852814852149,0.8569004524886877,0.8925883034163289
SNN,0.09026709432057287,0.8573044602456367,0.8928778228141285
KANSL1-AS1,-0.2025680890464627,0.8577892695539754,0.8931673422119282
DCAF13,0.1142890162934776,0.8580316742081447,0.8934568616097278
RFC2,-0.039441617129701956,0.8583548804137039,0.8937463810075275
MVB12A,-0.1129706525516676,0.8585164835164835,0.8940359004053272
ADIPOR2,0.056787534409230615,0.8589204912734324,0.8943254198031269
TSG101,-0.05149128458404285,0.8595669036845508,0.8946149392009265
FAM13B,-0.0749295440006112,0.8596477052359406,0.8949044585987261
ELOVL5,0.05707572758655599,0.8598901098901099,0.8951939779965258
BRD1,-0.07153656256630801,0.8604557207498384,0.8954834973943254
ECD,-0.08227385532875046,0.8612637362637363,0.8957730167921251
SMU1,-0.1047207656483181,0.8615869424692955,0.8960625361899247
ECHS1,-0.06327604735096719,0.8618293471234648,0.8963520555877244
PHF1,-0.0682669973348708,0.8626373626373627,0.896641574985524
PUF60,-0.0605907137866807,0.8627181641887525,0.8969310943833236
MLF1,0.06873393277092997,0.8633645765998708,0.8972206137811234
RANGRF,0.062116054006424004,0.8633645765998708,0.8972206137811234
ZNF92,0.07902791180568136,0.8634453781512605,0.8977996525767227
TOB1,0.06025180559209838,0.8635261797026503,0.8980891719745223
DIP2A,0.10522967700601049,0.864414996767938,0.898378691372322
ARID4A,0.062116054006424004,0.8644957983193278,0.8986682107701216
RNF168,0.07983164165426283,0.8648190045248869,0.8989577301679212
LARS,0.09130931581497946,0.8648998060762767,0.8992472495657209
MOCS2,-0.0859231701941932,0.8649806076276665,0.8995367689635205
EVI2A,0.05503243073670315,0.8653038138332256,0.8998262883613202
PNKP,0.1084716896981644,0.865546218487395,0.9001158077591198
TRABD,-0.06327604735096719,0.8663542340012929,0.9004053271569196
SUPT16H,0.06077494766686899,0.8669198448610214,0.9006948465547192
MED28,-0.06628322934834406,0.8672430510665805,0.9009843659525189
RP11-446N19.1,-0.0682669973348708,0.8674854557207499,0.9012738853503185
WBP11,0.059059495573085284,0.8674854557207499,0.9012738853503185
SMIM12,0.06025180559209838,0.867808661926309,0.9018529241459178
ETV6,0.09714527202537102,0.8684550743374273,0.9021424435437174
DUSP5,-0.07794143453271804,0.8687782805429864,0.9024319629415171
ENOPH1,-0.07794143453271804,0.8691014867485456,0.9027214823393167
GABARAP,0.06721955715159365,0.8692630898513252,0.9030110017371163
CCAR1,0.10173011181910699,0.8695054945054945,0.903300521134916
C6orf226,0.08933752274144817,0.8699095022624435,0.9035900405327157
LRPPRC,-0.07153656256630801,0.8701519069166128,0.9038795599305154
RP11-138A9.2,-0.1075058920748567,0.8707983193277311,0.904169079328315
LLNLR-245B6.1,0.056787534409230615,0.8725759534583064,0.9044585987261147
CDC40,-0.09173073942231444,0.872737556561086,0.9047481181239143
EXOSC5,-0.08903914341604834,0.8735455720749838,0.905037637521714
MPHOSPH10,-0.06628322934834406,0.8737879767291532,0.9053271569195136
HES4,0.15564092133551696,0.8744343891402715,0.9056166763173132
ANKRD44,-0.1075058920748567,0.8749191984486102,0.9059061957151129
CDK9,-0.14024931265032264,0.8750808015513898,0.9061957151129125
CCDC91,-0.05498637522157677,0.8755656108597285,0.9064852345107122
FNBP1,0.08933752274144817,0.8756464124111183,0.9067747539085119
DAP3,-0.047647512219119476,0.8758888170652877,0.9070642733063116
TMEM64,-0.08227385532875046,0.8764544279250162,0.9073537927041112
PRKRA,0.07839487316415579,0.8767776341305753,0.9076433121019108
HIRIP3,0.09794102220599309,0.8771008403361344,0.9079328314997105
JAZF1,0.09026709432057287,0.877262443438914,0.9082223508975101
ATP2A3,0.11148358023026866,0.8773432449903038,0.9085118702953098
DERA,-0.06189646795739786,0.8773432449903038,0.9085118702953098
MRPL12,0.08442621573151209,0.8788784744667097,0.9090909090909091
ARAP1,-0.11421221462561536,0.8794440853264383,0.9093804284887087
SGK223,-0.1176791914599499,0.8794440853264383,0.9093804284887087
KPNA5,0.07306635356696496,0.8800904977375565,0.9099594672843081
FPR3,0.19336058728467717,0.8817065287653523,0.9102489866821077
TSPAN14,-0.06327604735096719,0.8817065287653523,0.9102489866821077
EMC6,0.055350765919123565,0.8817873303167421,0.910828025477707
ARHGAP15,-0.04692903857832975,0.8818681318681318,0.9111175448755067
SNAPC1,-0.04934081645211342,0.8820297349709114,0.9114070642733063
CKB,-0.08524007593858365,0.882191338073691,0.911696583671106
NAV1,0.0771075187888258,0.8825145442792501,0.9119861030689056
TAL1,0.05249805144482681,0.8825145442792501,0.9119861030689056
RP11-501J20.5,-0.044330970434656364,0.8837265675500969,0.9125651418645049
ITPKB,-0.09614602991030699,0.8842113768584356,0.9128546612623045
CWC22,-0.09173073942231444,0.884453781512605,0.9131441806601043
MARCH2,-0.07582604553071438,0.8846153846153846,0.9134337000579039
CLK3,0.056787534409230615,0.8846961861667744,0.9137232194557036
BLOC1S2,0.05007471094073527,0.8846961861667744,0.9137232194557036
HEXA,-0.05402055423763238,0.8848577892695539,0.9143022582513028
RTCB,0.06285856305054997,0.8855042016806722,0.9145917776491025
RBM12,0.08933752274144817,0.8856658047834518,0.9148812970469021
MLLT10,0.047755265037776364,0.885989010989011,0.9151708164447018
RP11-109G23.3,0.0771075187888258,0.8866354234001292,0.9154603358425014
KIAA1551,-0.06327604735096719,0.8867970265029088,0.9157498552403011
DOK2,0.09621942887414471,0.8870394311570782,0.9160393746381007
NDUFA10,-0.05599888165204296,0.8876858435681965,0.9163288940359005
GNL1,0.062116054006424004,0.8879282482223658,0.9166184134337001
BMI1,0.07902791180568136,0.8879282482223658,0.9166184134337001
CHN2,0.04687449880719019,0.8880898513251454,0.9171974522292994
DGKZ,-0.05817817971128822,0.8884130575307045,0.917486971627099
TMEM106C,0.10316277831309836,0.8886554621848739,0.9177764910248987
MZT2A,0.04526194829554356,0.8891402714932126,0.9180660104226983
COL17A1,0.2354860629573518,0.8898674854557207,0.918355529820498
COQ4,-0.033410274562345646,0.8900290885585003,0.9186450492182976
BORCS8,0.04897067794950272,0.890513897866839,0.9189345686160972
SENP7,-0.05402055423763238,0.890917905623788,0.9192240880138969
TRNT1,0.06873393277092997,0.8910795087265676,0.9195136074116966
MDM4,0.09237277969984763,0.8921299288946348,0.9198031268094963
MGAT4B,-0.0749295440006112,0.8922915319974144,0.9200926462072959
DNAJC4,-0.04469495034766847,0.8925339366515838,0.9203821656050956
REPS1,0.04897067794950272,0.8937459599224306,0.9206716850028952
ZNF326,0.05075619184187431,0.8939075630252101,0.9209612044006948
GPS1,0.07306635356696496,0.8943923723335488,0.9212507237984945
MPHOSPH6,0.04897067794950272,0.8944731738849386,0.9215402431962941
YIPF2,-0.0676852654556647,0.8945539754363284,0.9218297625940938
RCN2,0.07306635356696496,0.8953619909502263,0.9221192819918934
NDUFA8,-0.05817817971128822,0.8954427925016161,0.9224088013896931
CAND1,-0.04270677094884831,0.8956043956043956,0.9226983207874928
TRIM13,-0.09614602991030699,0.8956851971557854,0.9229878401852925
VPS4A,-0.0682669973348708,0.8959276018099548,0.9232773595830921
SQRDL,0.04897067794950272,0.8960892049127344,0.9235668789808917
IMPDH2,-0.055588062245581785,0.8961700064641241,0.9238563983786914
ELF2,-0.027963566664280664,0.8963316095669037,0.924145917776491
RBM22,-0.03591821963701264,0.8965740142210731,0.9244354371742907
USP7,0.04687449880719019,0.8980284421460892,0.9247249565720903
VPS51,-0.03868200408548928,0.898109243697479,0.92501447596989
CCND1,-0.05817817971128822,0.8981900452488688,0.9253039953676896
TP53I11,-0.08903914341604834,0.8984324499030382,0.9255935147654892
RP11-488L18.10,0.09026709432057287,0.8985940530058177,0.925883034163289
HSD17B10,-0.06692844181030035,0.8986748545572075,0.9261725535610886
HMGXB3,0.03437106352351903,0.8987556561085973,0.9264620729588883
SNRPC,-0.056297221112524685,0.8988364576599871,0.9267515923566879
C15orf48,0.12239406593053344,0.899240465416936,0.9270411117544876
TSPAN31,0.047755265037776364,0.899644473173885,0.9273306311522872
OPA1,-0.05221662147257181,0.8997252747252747,0.9276201505500868
CARS2,-0.05221662147257181,0.8998868778280543,0.9279096699478865
PSMG4,0.05503243073670315,0.900371687136393,0.9281991893456861
TTC19,-0.05431295290926566,0.90150290885585,0.9284887087434858
SEPHS1,-0.0676852654556647,0.9015837104072398,0.9287782281412854
FBXO25,0.062116054006424004,0.9020685197155786,0.9290677475390852
ITGA5,-0.05817817971128822,0.9026341305753071,0.9293572669368848
COPZ1,0.056401374064074666,0.9031997414350356,0.9296467863346844
USO1,0.05155326094551368,0.9032805429864253,0.9299363057324841
XRN1,-0.06327604735096719,0.9034421460892049,0.9302258251302837
PDZD11,-0.0749295440006112,0.9037653522947641,0.9305153445280834
HSD17B4,0.038440010457333966,0.9042501616031028,0.930804863925883
AP1G1,0.08232927489593107,0.9043309631544926,0.9310943833236827
MRPS16,0.076806329843914,0.9044925662572721,0.9313839027214823
CCDC90B,-0.026814008801954746,0.9052197802197802,0.931673422119282
NOB1,-0.04403399739101903,0.9057853910795087,0.9319629415170817
LYPLAL1,0.08933752274144817,0.906431803490627,0.9322524609148813
NBN,0.056787534409230615,0.9067550096961862,0.932541980312681
PIAS2,-0.04934081645211342,0.907563025210084,0.9328314997104806
ADSS,-0.06327604735096719,0.907967032967033,0.9331210191082803
RCOR1,0.06873393277092997,0.9088558500323206,0.9334105385060799
ELMO1,-0.02962565790904828,0.90909825468649,0.9337000579038796
VAMP5,0.04462520767353705,0.9091790562378798,0.9339895773016792
SECISBP2L,0.062116054006424004,0.9091790562378798,0.9339895773016792
MRPS30,0.020658501171790338,0.9091790562378798,0.9339895773016792
BAG5,-0.030265433990884653,0.9092598577892695,0.9348581354950781
PROSC,0.04687449880719019,0.9095022624434389,0.9351476548928779
PYM1,-0.04934081645211342,0.9100678733031674,0.9354371742906775
SRPK1,-0.04934081645211342,0.9101486748545572,0.9357266936884772
RAB6A,0.056401374064074666,0.9103102779573368,0.9360162130862768
LPIN2,-0.06327604735096719,0.9111990950226244,0.9363057324840764
CTSS,0.06873393277092997,0.9125727213962508,0.9365952518818761
SBNO1,-0.06628322934834406,0.9141079508726567,0.9368847712796757
GALNT11,-0.04340012434000915,0.9145927601809954,0.9371742906774754
FAM111A,0.06873393277092997,0.9152391725921137,0.937463810075275
RUFY1,0.04687449880719019,0.9154007756948933,0.9377533294730747
ZBTB10,0.026710717875224572,0.9157239819004525,0.9380428488708743
CMIP,0.07306635356696496,0.9159663865546218,0.938332368268674
C8orf33,0.032895915091427655,0.9167744020685197,0.9386218876664737
DR1,0.03794282942686157,0.9167744020685197,0.9386218876664737
UBXN10,0.1084716896981644,0.9176632191338073,0.939200926462073
NRDC,0.056787534409230615,0.9184712346477052,0.9394904458598726
AAK1,0.03225528673237292,0.9191176470588235,0.9397799652576723
CLPTM1,-0.05817817971128822,0.9192792501616031,0.9400694846554719
EML4,-0.06327604735096719,0.9196024563671622,0.9403590040532716
PITHD1,0.03921858308329119,0.9198448610213316,0.9406485234510712
AAMP,0.05249805144482681,0.9204912734324499,0.9409380428488708
TMEM222,-0.05221662147257181,0.9208952811893988,0.9412275622466705
ACYP2,0.04687449880719019,0.9213800904977375,0.9415170816444702
ARHGEF6,-0.035140643634418336,0.922349709114415,0.9418066010422699
SREK1,-0.03193172455756724,0.9225921137685844,0.9420961204400695
CSNK1E,0.028301341014180966,0.9229153199741436,0.9423856398378692
JAG1,0.047755265037776364,0.9235617323852618,0.9426751592356688
B3GAT3,-0.04934081645211342,0.9244505494505495,0.9429646786334684
EIF2AK2,-0.03868200408548928,0.9248545572074984,0.9432541980312681
PQLC1,0.03150970788327961,0.9251777634130576,0.9435437174290677
ANKRD37,0.13992132832321594,0.9253393665158371,0.9438332368268674
TMEM39A,0.06873393277092997,0.9254201680672269,0.944122756224667
TRAPPC2L,-0.04653173873667642,0.9255009696186167,0.9444122756224667
SND1,0.037624774963296616,0.9257433742727861,0.9447017950202664
NSMCE4A,-0.04403399739101903,0.926147382029735,0.944991314418066
RXRA,0.04948537472302841,0.9271170006464124,0.9452808338158657
SUCLA2,0.036177254733943884,0.9277634130575307,0.9455703532136653
PLEKHJ1,0.03437106352351903,0.9285714285714286,0.945859872611465
H2AFY,0.03394002227714105,0.9285714285714286,0.945859872611465
RNF166,-0.05221662147257181,0.9286522301228184,0.9464389114070643
INO80,0.03437106352351903,0.9291370394311571,0.9467284308048639
ACAT1,0.062116054006424004,0.929945054945055,0.9470179502026635
BRMS1,0.053635823618062184,0.9314802844214609,0.9473074696004632
ARHGAP30,-0.030956710976264047,0.9318842921784098,0.9475969889982628
CYHR1,0.03437106352351903,0.9319650937297996,0.9478865083960626
PDAP1,0.04398296324645072,0.9322882999353588,0.9481760277938622
NREP,0.059059495573085284,0.9324499030381384,0.9484655471916619
PPP2R4,0.04897067794950272,0.9327731092436975,0.9487550665894615
TDP2,0.03437106352351903,0.9329347123464771,0.9490445859872612
ELMSAN1,-0.022772843580088787,0.9335811247575954,0.9493341053850608
MCM7,-0.047647512219119476,0.9343891402714932,0.9496236247828604
BACH1,-0.02513791794728028,0.9346315449256626,0.9499131441806601
PWP1,-0.03913242402074082,0.9347931480284422,0.9502026635784597
MBD1,0.04897067794950272,0.9351971557853911,0.9504921829762594
AKAP8L,0.0295803260632738,0.9352779573367809,0.950781702374059
PDHA1,-0.03868200408548928,0.9353587588881707,0.9510712217718588
C1orf56,-0.07794143453271804,0.9362475759534583,0.9513607411696584
RFNG,0.07306635356696496,0.9366515837104072,0.951650260567458
NUDT21,0.036177254733943884,0.9368939883645766,0.9519397799652577
PLD3,-0.030265433990884653,0.9373787976729153,0.9522292993630573
SDHC,-0.04299177589661245,0.9375404007756949,0.952518818760857
LSM14A,-0.039441617129701956,0.9377020038784745,0.9528083381586566
L1CAM,-0.04340012434000915,0.9384292178409825,0.9530978575564563
TM7SF3,0.03437106352351903,0.9385100193923723,0.9533873769542559
RCSD1,-0.05221662147257181,0.9385908209437621,0.9536768963520555
HDHD3,-0.04403399739101903,0.9387524240465417,0.9539664157498552
AKR7A2,-0.03796495882177859,0.9388332255979315,0.9542559351476549
DCD,0.11148358023026866,0.938994828700711,0.9545454545454546
MARCH8,0.0382109385227603,0.9395604395604396,0.9548349739432542
MAPK14,-0.03796495882177859,0.9398836457659987,0.9551244933410539
MYO5A,-0.05221662147257181,0.9399644473173885,0.9554140127388535
FBXO7,0.03225528673237292,0.9400452488687783,0.9557035321366532
PSME4,0.02467875269299559,0.9400452488687783,0.9557035321366532
LUC7L,0.03394002227714105,0.9401260504201681,0.9562825709322524
MAP2K1,-0.04340012434000915,0.941661279896574,0.9565720903300521
BLVRB,0.027437516399859814,0.9418228829993536,0.9568616097278517
ZSWIM8,-0.05221662147257181,0.9424692954104719,0.9571511291256514
POLR2J3,0.062116054006424004,0.9429541047188106,0.9574406485234511
KANSL1L,-0.05221662147257181,0.9431157078215902,0.9577301679212508
ISY1,-0.033410274562345646,0.9437621202327084,0.9580196873190504
SNRNP27,-0.022178163010708647,0.9438429217840982,0.95830920671685
RP11-108M9.4,-0.027481382488373635,0.9440853264382676,0.9585987261146497
CNOT2,0.02089339127990881,0.9440853264382676,0.9585987261146497
RAB30-AS1,0.046206893501023506,0.9448125404007757,0.959177764910249
GMCL1,-0.030956710976264047,0.9448125404007757,0.959177764910249
ZNF652,-0.030956710976264047,0.9452973497091144,0.9597568037058483
PURA,0.021992168972695212,0.9463477698771816,0.9600463231036479
CCDC6,-0.030265433990884653,0.9465093729799612,0.9603358425014475
TRPS1,0.035408227508439624,0.9465093729799612,0.9603358425014475
MARCH7,0.02420277280055758,0.9467517776341305,0.9609148812970469
PFDN6,-0.02513791794728028,0.947317388493859,0.9612044006948466
SHPRH,0.04687449880719019,0.9482870071105365,0.9614939200926462
FNIP2,0.026710717875224572,0.9483678086619263,0.9617834394904459
CTNNBIP1,0.028301341014180966,0.9484486102133161,0.9620729588882455
CISD1,-0.030956710976264047,0.9494182288299935,0.9623624782860452
CERK,-0.022772843580088787,0.949983839689722,0.9626519976838448
OGFR,0.021992168972695212,0.9506302521008403,0.9629415170816444
BECN1,-0.033410274562345646,0.9507918552036199,0.9632310364794441
TIMMDC1,-0.027963566664280664,0.9529734970911441,0.9635205558772437
TRPC4AP,-0.022772843580088787,0.9530542986425339,0.9638100752750435
BCL7B,-0.02513791794728028,0.9538623141564319,0.9640995946728431
APOE,-0.04233510995860773,0.954185520361991,0.9643891140706428
RBPJ,-0.010053036343296802,0.954185520361991,0.9643891140706428
PRRC2B,-0.020764218068173246,0.954185520361991,0.9643891140706428
SUCLG2,-0.02513791794728028,0.9543471234647706,0.9652576722640417
TTC9C,-0.018513962137771,0.9545087265675501,0.9655471916618413
MGEA5,-0.021183972229085767,0.9551551389786684,0.965836711059641
MDM2,0.02467875269299559,0.9554783451842276,0.9661262304574406
GPR34,0.027708432327776904,0.9558015513897867,0.9664157498552403
PPP6R3,0.026710717875224572,0.9558823529411765,0.9667052692530399
PMAIP1,-0.03490840038843987,0.9558823529411765,0.9667052692530399
USP33,-0.020764218068173246,0.9559631544925663,0.9672843080486393
GAR1,-0.04340012434000915,0.956447963800905,0.9675738274464389
DNAJB14,-0.028216982270216698,0.9566095669036846,0.9678633468442386
SLC45A3,-0.039441617129701956,0.9567711700064642,0.9681528662420382
PPP4R3B,-0.033410274562345646,0.9571751777634131,0.9684423856398379
SHMT2,0.01827388072658557,0.9574983839689722,0.9687319050376375
UNC45A,0.035408227508439624,0.9584680025856497,0.9690214244354372
DERL2,0.015573468069394124,0.9588720103425986,0.9693109438332368
CUL1,-0.020764218068173246,0.9594376212023271,0.9696004632310364
CTSW,0.028301341014180966,0.9595184227537169,0.9698899826288361
HTATIP2,0.04398296324645072,0.9595184227537169,0.9698899826288361
ACADS,-0.020764218068173246,0.9601648351648352,0.9704690214244355
BTBD10,-0.026205789973007914,0.9608112475759535,0.9707585408222351
PSMD6,-0.021334284277658606,0.9610536522301228,0.9710480602200348
RALY,0.01215751739105358,0.9612960568842922,0.9713375796178344
COPS8,-0.027481382488373635,0.9617000646412411,0.971627099015634
ACAA1,0.026710717875224572,0.962508080155139,0.9719166184134337
PTPRN2,-0.020764218068173246,0.9627504848093084,0.9722061378112333
TTC3,0.027708432327776904,0.9633968972204267,0.972495657209033
UBE3A,0.022596565730964833,0.963639301874596,0.9727851766068326
UQCRC1,-0.01782044209514782,0.9637201034259858,0.9730746960046323
KIF9,-0.030956710976264047,0.9638817065287654,0.973364215402432
PNMA1,0.021992168972695212,0.9639625080801552,0.9736537348002317
WDR45,-0.013090290182750467,0.9643665158371041,0.9739432541980313
PPT1,0.026710717875224572,0.9644473173884939,0.9742327735958309
TMEM170A,-0.013090290182750467,0.9646089204912734,0.9745222929936306
PRMT9,0.05249805144482681,0.9648513251454428,0.9748118123914302
DOCK11,-0.019445785222572086,0.9650937297996122,0.9751013317892299
AGO3,0.023990361869537086,0.9654169360051713,0.9753908511870295
MAF1,0.01669543960535921,0.9659825468648998,0.9756803705848291
APPL1,-0.013090290182750467,0.9659825468648998,0.9756803705848291
NDUFV1,0.016204016611287494,0.9659825468648998,0.9756803705848291
TCN1,5.031303829175703,0.9667097608274079,0.9765489287782282
ZC3H8,-0.030956710976264047,0.967032967032967,0.9768384481760278
DHRS9,0.15300284966853422,0.9676793794440853,0.9771279675738275
MICA,0.01827388072658557,0.9676793794440853,0.9771279675738275
LONP2,0.03437106352351903,0.9680833872010343,0.9777070063694268
SSSCA1,-0.013090290182750467,0.9687297996121526,0.9779965257672264
PHF14,-0.020764218068173246,0.9690530058177117,0.978286045165026
HECTD1,0.016204016611287494,0.9693762120232708,0.9785755645628257
CHD3,0.012788341642855533,0.9699418228829993,0.9788650839606253
KDM3A,-0.013090290182750467,0.9704266321913381,0.979154603358425
ATIC,-0.013090290182750467,0.9705882352941176,0.9794441227562247
PI4K2A,-0.013090290182750467,0.9705882352941176,0.9794441227562247
SNX14,-0.022772843580088787,0.9711538461538461,0.980023161551824
CBX1,-0.020764218068173246,0.9718002585649644,0.9803126809496236
SERPINE1,-0.013090290182750467,0.9728506787330317,0.9806022003474233
TIMM10B,-0.022772843580088787,0.9728506787330317,0.9806022003474233
SLC25A24,-0.013090290182750467,0.9729314802844214,0.9811812391430226
GPI,-0.013090290182750467,0.973093083387201,0.9814707585408222
METRN,0.01827388072658557,0.9739010989010989,0.9817602779386219
FEM1B,-0.02513791794728028,0.9744667097608274,0.9820497973364215
ZNF217,0.01827388072658557,0.974628312863607,0.9823393167342211
UBAC2,0.01526826497096506,0.9749515190691661,0.9826288361320209
RAB8A,-0.008567731492056536,0.9749515190691661,0.9826288361320209
ERGIC2,0.005597730722026342,0.9756787330316742,0.9832078749276202
RARS,-0.022772843580088787,0.9763251454427925,0.9834973943254198
MIEN1,0.016204016611287494,0.9767291531997414,0.9837869137232195
TFB1M,0.01136275354178988,0.9767291531997414,0.9837869137232195
DNAJB2,0.01136275354178988,0.9777795733678086,0.9843659525188188
FEM1C,0.01827388072658557,0.9783451842275371,0.9846554719166184
SUN1,0.01526826497096506,0.9784259857789269,0.984944991314418
TERF1,-0.007103995117018468,0.9794764059469941,0.9852345107122177
MVP,0.01526826497096506,0.9797188106011635,0.9855240301100173
FBXO34,0.2828587381237778,0.9799612152553329,0.9858135495078171
RNF44,-0.013090290182750467,0.9806076276664512,0.9861030689056167
SURF1,-0.009456295715010523,0.9806884292178409,0.9863925883034164
SEC24B,-0.013090290182750467,0.9816580478345184,0.986682107701216
NELFE,0.010086032183341646,0.9831124757595345,0.9869716270990156
UBAP2L,0.01136275354178988,0.9833548804137039,0.9872611464968153
ANTXR2,0.007698182488394286,0.9837588881706528,0.9875506658946149
NR1H2,0.006947463053794755,0.9837588881706528,0.9875506658946149
BRD3,-0.013090290182750467,0.9840012928248222,0.9881297046902142
UHRF2,0.01136275354178988,0.9841628959276018,0.9884192240880139
DTD1,-0.00906041314659626,0.9844053005817712,0.9887087434858135
SNHG12,-0.013090290182750467,0.9848093083387202,0.9889982628836133
FUBP1,-0.007937802417145631,0.9852133160956691,0.9892877822814129
IRAK4,0.01526826497096506,0.9852941176470589,0.9895773016792125
ARRDC4,0.010707280999443188,0.9855365223012282,0.9898668210770122
PGM1,0.006082019092096861,0.9857789269553976,0.9901563404748118
CDKN1B,-0.008567731492056536,0.9859405300581772,0.9904458598726115
ZNF148,0.010707280999443188,0.9866677440206852,0.9907353792704111
PAK1IP1,0.006947463053794755,0.9869101486748546,0.9910248986682108
AP000769.1,-0.03490840038843987,0.9872333548804137,0.9913144180660104
SFSWAP,-0.004239372600485707,0.9877181641887525,0.99160393746381
PKIB,0.013726374862437853,0.9877989657401423,0.9918934568616097
C12orf45,0.006947463053794755,0.9879605688429218,0.9921829762594094
CLN8,-0.005948220938730733,0.9889301874595993,0.9924724956572091
MRPS11,0.006947463053794755,0.9890917905623788,0.9927620150550087
CEP57,0.0074101619162890596,0.9890917905623788,0.9927620150550087
CLSTN1,-0.005948220938730733,0.9890917905623788,0.9927620150550087
CDK1,-0.013090290182750467,0.989414996767938,0.9936305732484076
ARHGEF3,0.006082019092096861,0.9896574014221073,0.9939200926462073
SNUPN,-0.005948220938730733,0.9901422107304461,0.9942096120440069
SESN3,-0.004239372600485707,0.9907078215901746,0.9944991314418066
EXOC7,-0.004239372600485707,0.9909502262443439,0.9947886508396062
UBQLN1,0.002962115102615981,0.9912734324499031,0.9950781702374059
COMMD10,-0.005948220938730733,0.9913542340012929,0.9953676896352056
PKP1,-0.005948220938730733,0.992808661926309,0.9956572090330053
PSPC1,-0.004239372600485707,0.9935358758888171,0.9959467284308049
ATP6AP2,0.0012507328842698486,0.9937782805429864,0.9962362478286045
NUP54,0.0021361840419061766,0.9961215255332903,0.9965257672264042
HNRNPL,0.0024561430232334963,0.99620232708468,0.9968152866242038
SNAPIN,0.0021361840419061766,0.9962831286360698,0.9971048060220035
STOM,0.0016312155240163703,0.9970911441499677,0.9973943254198031
CDC5L,0.0016312155240163703,0.9975759534583064,0.9976838448176027
SLC39A6,0.0021361840419061766,0.9980607627666451,0.9979733642154024
NRBF2,-0.005948220938730733,0.9983839689722043,0.998262883613202
HACD3,-0.00046268185500069784,0.9989495798319328,0.9985524030110018
SLC22A18,-0.00046268185500069784,0.9994343891402715,0.9988419224088014
SPRED1,-0.00046268185500069784,0.9995151906916613,0.9991314418066011
EDEM2,-0.00046268185500069784,0.9995151906916613,0.9991314418066011
LARP4,-0.00046268185500069784,0.9995959922430511,0.9997104806022004
BOD1L1,-9.294965387793978e-05,0.9997575953458306,1.0
