gene,total,log2FC,p_perm
ACLY,74,1.530941946483523,8.080155138978668e-05
ADGRE5,186,1.3393009481832499,8.080155138978668e-05
ARPC5L,187,0.9826350547169223,8.080155138978668e-05
DCUN1D1,89,0.9544218570683454,8.080155138978668e-05
TNFRSF18,184,3.1973625178421705,8.080155138978668e-05
TOP2B,113,1.5050688398541618,8.080155138978668e-05
ABHD17B,111,-1.4190173710168816,8.080155138978668e-05
MLH3,56,2.3176887222868756,0.00016160310277957336
TMEM45A,88,2.102386927237186,0.00016160310277957336
PPA1,202,1.5718722105384049,0.00016160310277957336
EIF4G1,122,1.450053466244645,0.00016160310277957336
UBE2Q2,137,1.0765469223019253,0.00016160310277957336
COL3A1,114,3.363285588726988,0.00016160310277957336
ITK,138,1.8118756477168614,0.00016160310277957336
BCAR1,88,2.102386927237186,0.00016160310277957336
CTNNA1,195,1.6282976440012256,0.00016160310277957336
STK40,107,2.394994448454326,0.00016160310277957336
HIST1H2BN,94,-1.637932389429684,0.00016160310277957336
AP2B1,208,1.4157530086211236,0.00016160310277957336
DIS3,75,1.289933846979729,0.00024240465416936006
GARS,63,1.5963252542629454,0.00024240465416936006
NARF,113,-1.213179735317628,0.00024240465416936006
PBX2,61,1.934442289923114,0.00024240465416936006
MED30,166,-1.1220834740324888,0.00024240465416936006
LZIC,93,-1.070620158393406,0.0003232062055591467
DNM1L,98,0.946720619701552,0.0003232062055591467
LPP,61,1.5469975418993769,0.0003232062055591467
SNHG9,182,1.3052534673555714,0.0003232062055591467
CHD6,66,-1.2402128634315968,0.0003232062055591467
RELA,68,2.0975005718771587,0.0003232062055591467
CMSS1,97,1.686692612540265,0.0003232062055591467
APOLD1,101,3.1861290180535984,0.0004040077569489334
PHF6,130,1.392004405848515,0.0004040077569489334
MAP7D1,105,2.0630525649389444,0.0004040077569489334
PMPCB,95,-1.6121692933646028,0.0004040077569489334
HYOU1,79,2.8256288027841876,0.0004848093083387201
SLC26A2,80,1.6504056130850961,0.0004848093083387201
TMX4,184,1.0413574938396266,0.0004848093083387201
PNRC2,149,-0.8832017498618975,0.0004848093083387201
ILF3-AS1,131,-1.2975436796514501,0.0004848093083387201
TNIP1,122,1.8162909382048513,0.0004848093083387201
PCNXL4,171,1.8145054243124799,0.0005656108597285068
RAF1,101,1.5267843210098673,0.0005656108597285068
NBEAL2,74,1.2690248572167502,0.0005656108597285068
SCYL2,79,1.631169394222179,0.0005656108597285068
TMF1,188,1.2574909247043926,0.0005656108597285068
AMZ2,115,-0.8283344838146433,0.0006464124111182935
PAICS,66,1.3545153790992566,0.0006464124111182935
TMEM251,157,-1.2032648748802866,0.0006464124111182935
PEA15,66,2.560731652933205,0.0007272139625080802
FYN,133,1.9475354714831046,0.0007272139625080802
SEPT1,86,-1.3827509958542161,0.0007272139625080802
TAOK1,144,1.550577432175179,0.0008080155138978668
ITGAM,71,0.7726543379191408,0.0008080155138978668
CBX4,146,-1.2376392067501565,0.0008080155138978668
RAD9A,69,-1.2354827115191995,0.0008888170652876535
ATP8B4,76,5.128820335089965,0.0008888170652876535
CASP2,60,1.9095676212840857,0.0008888170652876535
ACTR1A,100,1.1392048172377713,0.0009696186166774402
LY96,106,1.4060214706033527,0.0009696186166774402
SDF2,190,-0.9490836777355302,0.0009696186166774402
FHL1,134,1.1642142416251582,0.0009696186166774402
AHSA2,129,-1.5204472858942788,0.0010504201680672268
ENDOD1,85,1.4838757295405773,0.0010504201680672268
IARS,66,2.560731652933205,0.0010504201680672268
EXOC6B,66,1.3545153790992566,0.0012120232708468003
RBM6,132,1.5718722105384075,0.0012120232708468003
ABCC1,78,1.920676011417163,0.0012120232708468003
HAUS6,72,1.7995395739155284,0.001292824822236587
HMGA1,99,1.7178872341438602,0.001292824822236587
GOLPH3,82,1.003138171609138,0.0013736263736263737
MFI2,68,1.4006855605321817,0.0013736263736263737
HSBP1L1,180,-1.0622942881835216,0.0014544279250161603
SMAD2,128,1.3678583185168134,0.0014544279250161603
TPM1,57,2.3439202638600567,0.0014544279250161603
EXOSC4,91,1.5888452891421203,0.0014544279250161603
SRA1,114,0.781880907419022,0.0014544279250161603
USP3,145,1.166393539684406,0.0014544279250161603
TSPYL4,67,-1.2074229283139277,0.001535229476405947
C6orf106,65,1.6440219962942406,0.001535229476405947
DENND4A,138,1.3422239731991579,0.001535229476405947
NOC2L,83,-1.243026232187601,0.0016160310277957336
CAMSAP1,101,1.154886439470041,0.0016968325791855204
DOT1L,78,2.3024823096647893,0.0016968325791855204
XIAP,208,1.1520843117061568,0.0016968325791855204
UPP1,134,1.5950485329044997,0.0016968325791855204
SLC25A38,192,-0.7459131821746471,0.0016968325791855204
LMNB1,58,4.741797211980718,0.001777634130575307
EBP,98,1.2838155382301824,0.001777634130575307
TMEM120A,67,1.3777851584221024,0.001777634130575307
HSPA1L,97,-2.2759092236778735,0.0018584356819650936
ACER3,210,1.5282609793177906,0.0018584356819650936
PRPF6,161,-0.7721760031471016,0.0019392372333548805
DYRK1A,79,1.631169394222179,0.0019392372333548805
UBA3,105,1.2159620162218088,0.0019392372333548805
LARP1B,81,1.409397513581302,0.0019392372333548805
HELZ,119,1.1094217687847814,0.0020200387847446673
RELB,185,1.5469975418993769,0.0020200387847446673
CEP350,104,1.3764266884150556,0.0021008403361344537
OSBPL11,70,1.4454238752974657,0.0021008403361344537
TRIO,77,1.59190996377495,0.0021008403361344537
SRSF8,189,0.7675966814127734,0.0021008403361344537
ISG20L2,55,1.0702123565118122,0.0021816418875242405
GNA15,134,2.428809161446569,0.0021816418875242405
VASP,127,1.3556320161835533,0.0021816418875242405
YIPF6,100,-0.9869063583790972,0.0022624434389140274
CHD7,194,1.620370728229595,0.0022624434389140274
IFNGR2,184,1.6580288542881203,0.0022624434389140274
LRRC8A,79,1.9399122302800802,0.0023432449903038137
GPN3,138,-1.0420585143480112,0.0023432449903038137
LINC00467,69,1.73493049249245,0.0023432449903038137
TFRC,81,0.9836419959833391,0.0024240465416936006
NPEPPS,120,1.1226575959414755,0.0025048480930833874
NAPG,61,1.232179836175204,0.002585649644473174
PPP6C,156,1.2814519169095342,0.002585649644473174
ATXN2,109,0.9699223557966781,0.0026664511958629606
CSGALNACT2,86,1.0785904000386017,0.0026664511958629606
BIRC6,138,0.9734534293378211,0.0026664511958629606
ERGIC1,79,1.1444509868037285,0.002828054298642534
MAFK,92,1.8632119855923455,0.0029088558500323207
TNFRSF12A,79,2.3214654130323606,0.003070458952811894
SMIM10,67,-1.3916019134364808,0.0031512605042016808
HDGF,194,1.1255035000395444,0.003312863606981254
RDX,148,1.451158344752323,0.003393665158371041
RAB5A,133,1.2845084753428704,0.003393665158371041
SEC24A,131,1.7323368827316545,0.003393665158371041
SS18L2,204,-0.8725050623766025,0.003474466709760827
PARL,153,-1.4611428466895564,0.003555268261150614
NUS1,101,1.5267843210098673,0.003555268261150614
RP11-553L6.5,55,1.3880080181382186,0.003555268261150614
POM121C,60,-0.9286299370939336,0.003636069812540401
FMNL3,57,1.4429744773561477,0.003636069812540401
PPM1A,166,1.4990393305269623,0.003636069812540401
CYTH3,88,2.102386927237186,0.0037168713639301873
FER,200,1.1737317805357452,0.0037168713639301873
NUP58,111,0.9989222275192291,0.0037168713639301873
RUNX1,67,1.6901921777271658,0.003797672915319974
PUM2,107,1.0864453833681644,0.003797672915319974
TMEM255B,74,1.841058843353794,0.003797672915319974
MUM1,167,-1.2618340384661484,0.003878474466709761
DERL1,181,1.1977257798460783,0.003878474466709761
SLC39A7,148,1.1986940315877166,0.003959276018099547
CISD2,144,1.2774248520731497,0.003959276018099547
GDI1,76,1.5718722105384049,0.003959276018099547
EPG5,58,1.1534678601611636,0.003959276018099547
C1orf122,113,1.1726020271178799,0.004040077569489335
C3orf38,75,-1.056776824534677,0.004040077569489335
HLA-DRA,216,2.0308651200219843,0.004040077569489335
CDK17,100,1.1392048172377713,0.004120879120879121
YY1AP1,87,1.5197209284873008,0.004120879120879121
ERF,102,1.7634498115243025,0.004201680672268907
LRP10,81,1.409397513581302,0.004201680672268907
ANAPC13,197,-0.8396312383261377,0.004282482223658695
PATL1,75,-1.056776824534677,0.004282482223658695
BIK,82,2.3769605256240647,0.0044440853264382674
CHMP1A,80,1.3901612947183848,0.004605688429217841
PTGER4,216,-0.6566449447821929,0.004605688429217841
NOTCH2,91,1.36542133307098,0.0046864899806076275
IRAK1,62,1.5718722105384049,0.004767291531997415
LDLR,65,2.5381890842821155,0.004767291531997415
TEX30,78,1.1244132335671833,0.004848093083387201
NCK1,101,0.9948149079025967,0.005009696186166775
ST8SIA4,61,-0.8950773773829074,0.005090497737556561
C11orf24,97,0.9303261814508831,0.005171299288946348
TMEM220,127,-0.8026922281986606,0.005171299288946348
SLC35B2,71,-0.7996189850375508,0.005171299288946348
DOCK2,175,0.71663076559959,0.005171299288946348
TXLNA,60,1.5216864533701882,0.005171299288946348
EHD4,109,1.1157396901622023,0.005252100840336135
IFI27L1,57,1.8322618951166352,0.005252100840336135
CAMK1D,103,1.5569989340568748,0.005413703943115708
PARP1,218,1.2262752097574114,0.005575307045895281
UHRF1BP1L,56,1.8055445567408568,0.005575307045895281
KIAA1191,71,0.9757691522120494,0.005575307045895281
NFE2L3,83,2.0143904462393554,0.005575307045895281
GAS7,185,0.9654086406063263,0.005736910148674854
KHSRP,112,1.013206453525478,0.005979314802844214
CPNE1,131,0.8899684438347402,0.005979314802844214
UBE2J1,116,1.2138246898443925,0.005979314802844214
ARHGEF12,217,0.9906041933749925,0.0060601163542340014
MCUR1,190,1.1809413280306102,0.0060601163542340014
UBR5,90,1.3482461892628457,0.006140917905623788
ROCK2,89,1.5546970667302733,0.006383322559793148
PTPN22,89,1.3308641110346109,0.006464124111182934
PTRH2,118,-0.8362125280986693,0.006464124111182934
DYNC1H1,156,0.9614646932597862,0.0065449256625727216
SPATA13,85,1.2591626456804208,0.0065449256625727216
PLK2,110,-1.2154449582826543,0.006625727213962508
LUM,55,2.2909713839110974,0.006625727213962508
SLA,76,1.8814165809699344,0.006625727213962508
RALA,172,1.1170572199714799,0.006706528765352294
OGT,154,1.51277746301599,0.006706528765352294
SEC14L1,82,1.003138171609138,0.006787330316742082
PIM1,132,1.7439715832150557,0.006868131868131868
SMC2,72,1.2262752097574114,0.006868131868131868
SMIM13,86,1.501909652370839,0.006868131868131868
CFAP36,220,-0.5522959671455759,0.006948933419521654
DCAF6,57,1.1262463914261394,0.007110536522301228
MAP1LC3A,102,0.8635703746243436,0.0071913380736910145
CCNT2,70,0.95322658356096,0.007272139625080802
KAT6A,120,1.424404878874033,0.007514544279250162
MFHAS1,65,1.065810537564167,0.007514544279250162
PDE4A,131,0.7814223266647178,0.007595345830639948
CBL,102,2.0193311875096267,0.007595345830639948
ARMC1,68,1.1367770589183082,0.007595345830639948
ARMCX6,117,-0.9696639122516248,0.007676147382029735
MID1IP1,198,-0.8645059069651658,0.007676147382029735
ZNF439,62,-1.1797928309578587,0.007676147382029735
DEXI,170,0.7475001645389323,0.007676147382029735
GOPC,147,-0.8641518713705323,0.007756948933419522
PWWP2A,76,-0.760416395954677,0.007837750484809308
CH17-189H20.1,160,-1.2805706010477371,0.007999353587588881
DLG1,87,-0.6719291038570699,0.00808015513897867
RP11-386I14.4,110,1.2888408961389055,0.008160956690368456
ZNF622,153,-0.9195334691212574,0.008160956690368456
MBD2,201,0.7283978626741494,0.008160956690368456
SLC16A3,115,0.6787874144549177,0.008160956690368456
WNK1,158,0.8868077182842302,0.008241758241758242
ILF3,211,0.807469433665349,0.008241758241758242
TBC1D15,117,-0.5436050068815288,0.008322559793148028
PPIL3,75,-1.1427813668223865,0.008322559793148028
HMGCR,73,0.8173926526844248,0.008403361344537815
EIF3J-AS1,55,-1.554331413474588,0.008403361344537815
ARIH2,122,1.450053466244645,0.008403361344537815
PAFAH1B2,167,0.7184516320284349,0.00856496444731739
EXOSC3,70,-1.113300750949376,0.008645765998707176
ACTR8,69,1.1596774610283875,0.008645765998707176
CRELD2,78,1.1244132335671833,0.008807369101486748
RNF19A,112,1.013206453525478,0.008807369101486748
ROCK1,180,0.7625803514600865,0.008888170652876535
SPIN4,120,-1.8895603724153438,0.00904977375565611
NSMCE3,113,-1.3780871069619998,0.00904977375565611
CEP131,98,-1.029031834051772,0.009130575307045896
CHP1,104,1.2009338069894768,0.009130575307045896
MIIP,111,1.8920919629634085,0.009130575307045896
CAPN2,180,0.92142062822899,0.009292178409825469
ST3GAL6,88,-0.7320500962946401,0.009292178409825469
TBCC,87,-1.4264723732835338,0.009292178409825469
NAF1,75,-1.3916019134364808,0.009292178409825469
CASP3,125,0.9303261814508831,0.009372979961215255
ZMYM5,96,-0.7909861484038383,0.009372979961215255
MS4A3,67,2.0753048257629643,0.00953458306399483
CCNC,98,-0.7500558843489564,0.009615384615384616
TMEM248,170,0.9146445592186133,0.009615384615384616
SMAD5,111,1.144450986803731,0.009615384615384616
RABEP1,93,1.0243844152359138,0.009615384615384616
ACSL3,157,-1.0385861407650194,0.009615384615384616
TNRC6A,144,1.0413574938396266,0.009696186166774402
HACL1,55,-1.554331413474588,0.009857789269553975
CAMK2G,102,-1.0757156253369529,0.009938590820943762
ZNF787,75,1.289933846979729,0.009938590820943762
LPXN,152,1.6339331786706581,0.009938590820943762
PRKCA,166,-0.8814071811172977,0.010100193923723336
RP2,74,1.2690248572167502,0.010180995475113122
RASD1,156,-1.4936531849061785,0.010180995475113122
C10orf54,107,1.0864453833681644,0.010180995475113122
NUDT9,92,-1.6271697235206624,0.010261797026502909
FOXJ2,117,1.385056211398209,0.010342598577892695
XRN2,198,0.7038058744917567,0.010342598577892695
TIMM17B,180,0.6879184262070457,0.010342598577892695
B3GNT2,66,2.052762257111875,0.010423400129282482
AIDA,92,1.3823944116746927,0.010423400129282482
SF3A3,115,-0.6414523302796733,0.010585003232062056
TAB2,93,1.6222038860885513,0.010585003232062056
HDAC3,71,-1.0832435170931973,0.010746606334841629
USP47,142,0.8100319477331709,0.010746606334841629
C16orf72,208,0.6552646916014941,0.010746606334841629
UBN1,59,1.180185198536942,0.010827407886231415
SOX13,138,0.8656034135951162,0.010908209437621202
CKAP4,137,1.8007779388335285,0.01098901098901099
PRAF2,55,1.3880080181382186,0.01098901098901099
GSE1,98,1.1073207562179845,0.011069812540400776
TET2,153,0.9303261814508831,0.011069812540400776
DBP,70,-1.5520665856297278,0.011150614091790563
NCOA1,114,0.6645031884486691,0.011231415643180349
RBM33,97,1.686692612540265,0.011312217194570135
NINJ1,107,1.2455567984101057,0.011393018745959922
CCDC47,190,0.7761841772494971,0.011635423400129283
USP14,155,1.0516625022313624,0.011635423400129283
DRAM1,134,1.0413574938396266,0.011635423400129283
ABHD3,92,-0.8765042195898957,0.011797026502908856
ANKRD11,207,1.609641253414151,0.011797026502908856
CGGBP1,206,0.4604646574275177,0.011797026502908856
GLRX2,177,0.5883066686240488,0.012039431157078216
AXIN1,58,1.1534678601611636,0.01220103425985779
IP6K2,125,-0.9977200281430645,0.01220103425985779
SLC7A5,127,1.5122482278519878,0.012362637362637362
USP48,184,0.9567176803422817,0.012362637362637362
BMPR2,69,1.4232281291832711,0.012362637362637362
TNKS2,65,1.065810537564167,0.012443438914027148
FAM102B,167,0.9757691522120494,0.012443438914027148
TNFRSF9,110,2.8122704199291704,0.012443438914027148
MIER1,218,0.49911586810309266,0.012443438914027148
MED13,159,0.9919452997145501,0.012524240465416937
TADA3,82,-1.1932731969905037,0.012605042016806723
WDR20,61,1.232179836175204,0.012605042016806723
GTF3C6,170,0.8292042570080157,0.012605042016806723
XPOT,72,0.997964898326244,0.01268584356819651
SPRY1,96,-1.3995288292081087,0.01268584356819651
SIN3A,67,1.3777851584221024,0.012766645119586296
SPIN1,106,0.9252993643760492,0.012766645119586296
DCP1A,111,0.864200923166237,0.012847446670976082
PDCD6IP,124,0.8013540566611728,0.012928248222365869
MYO9A,55,1.7783230880058325,0.013332255979314802
BEX5,71,1.2044157757936715,0.013332255979314802
PPTC7,183,1.215055658383995,0.013413057530704589
NRAS,76,1.3105441266550157,0.013493859082094377
IL7R,73,1.5100329567205442,0.01365546218487395
NBAS,98,-0.8922694842410199,0.01365546218487395
RRN3,58,-0.7635706908234374,0.013736263736263736
MOAP1,143,-1.1059660786655552,0.013817065287653522
SOCS2,216,0.8454372838643678,0.013897866839043309
PITPNB,179,1.0864453833681644,0.01414027149321267
KPNA6,99,0.6787874144549177,0.014221073044602456
MAP7D3,106,1.0715721068866342,0.014301874595992243
LRP4,75,1.5515522261588097,0.014301874595992243
FARS2,124,-0.7944988498431137,0.014301874595992243
IMP4,123,1.0284762025428933,0.014301874595992243
PBRM1,146,0.7589577631389012,0.014382676147382029
CHCHD1,205,0.7605483862778549,0.014463477698771817
TRAF4,110,1.4634497506524216,0.014463477698771817
RIF1,91,1.1676739436210266,0.014463477698771817
AGAP3,59,0.9124597606573696,0.014544279250161603
SCLT1,85,1.060094056421213,0.014705882352941176
DIAPH1,198,1.3387910268062415,0.014786683904330963
UBL3,105,0.9101129605613735,0.014948287007110537
TCIRG1,71,0.9757691522120494,0.01510989010989011
CRYAB,151,-2.0336191035474243,0.01510989010989011
LCOR,80,1.3901612947183848,0.015190691661279896
PXDC1,83,1.7066216226516424,0.015271493212669683
RAB33A,63,-1.439496603540791,0.01535229476405947
USP37,65,1.065810537564167,0.015433096315449257
AKT2,56,0.8292042570080183,0.015513897866839044
PFKP,62,1.2574909247043926,0.01583710407239819
CNOT6L,148,-0.6074514889061561,0.015998707175177762
PMEPA1,211,2.1337510981465218,0.01607950872656755
COMT,188,-0.6338028158531102,0.01616031027795734
RP11-796E2.4,61,-1.514458661222015,0.01632191338073691
WARS,90,1.8298533886459145,0.016402714932126698
BID,91,0.8278432238496325,0.016402714932126698
NKAP,132,-1.136695388486086,0.016402714932126698
CCDC117,77,0.9029107238704822,0.016402714932126698
BCAR3,58,-1.4305960450523443,0.016483516483516484
GDF11,130,1.2487373443210497,0.01656431803490627
ZNF593,155,1.158109740101623,0.016645119586296057
SLC35E1,59,1.180185198536942,0.016645119586296057
RNF146,97,-1.0505649956014147,0.016887524240465416
IFRD2,56,0.8292042570080183,0.016968325791855202
GTF2E2,58,1.1534678601611636,0.016968325791855202
FAM89A,70,-1.6361711256176017,0.01704912734324499
GABPB1-AS1,121,-0.7858808525485255,0.01704912734324499
NANS,165,0.6200934201958952,0.01712992889463478
BCL6,87,-0.8352085649120965,0.01712992889463478
SSBP3,61,0.9654086406063288,0.017210730446024565
BAG6,91,-0.7457104140729933,0.017210730446024565
BIRC2,145,0.8438466607254139,0.01729153199741435
SLK,83,1.0223743904720553,0.017453135100193924
UBR7,65,1.065810537564167,0.017614738202973497
PPIP5K2,104,0.8947649962279388,0.01777634130575307
FLII,71,0.9757691522120494,0.01777634130575307
MYO1C,71,1.2044157757936715,0.017937944408532643
NDUFS2,146,-0.9710262306162053,0.017937944408532643
ERI1,64,1.620370728229595,0.017937944408532643
SCG2,124,2.6143968271849616,0.01801874595992243
MRPL21,171,-0.6099475017102267,0.018341952165481578
NUP153,87,0.9181257278453546,0.018422753716871364
RAPGEF2,191,0.6447399336272392,0.018826761473820296
CCNDBP1,192,-0.8919085171931915,0.01898836457659987
MAP4K5,133,1.1523888062283703,0.01906916612798966
PAQR3,69,1.4232281291832711,0.01906916612798966
CTD-2583P5.3,112,-1.1761855278354254,0.01906916612798966
MYD88,68,-0.9849766539738349,0.019149967679379445
SEC23A,61,0.7327262215657202,0.01947317388493859
TCERG1,70,0.7497539358090615,0.01947317388493859
MCFD2,124,0.8013540566611728,0.019553975436328377
KLF16,73,0.8173926526844248,0.019553975436328377
SAMM50,89,-1.092347319689932,0.01971557853910795
FOXJ3,69,0.7264841564862157,0.01971557853910795
ACAA2,106,-1.0571828743659206,0.019796380090497737
GRHPR,172,-1.1223085171310063,0.019796380090497737
FAM120A,181,0.9303261814508805,0.019796380090497737
MYCBP2,121,0.7616443468592016,0.019877181641887523
OTULIN,92,0.8454372838643703,0.0200387847446671
SUZ12,123,0.7882385568709154,0.02028118939883646
WDR82,147,0.770055472022234,0.02028118939883646
COPS5,173,-0.9180005216630283,0.02028118939883646
MMP24-AS1,121,-0.9005395515968052,0.02028118939883646
SQLE,67,1.3777851584221024,0.020523594053005818
ARMCX1,99,-1.2036689628434052,0.02068519715578539
SYNE3,59,1.4959233573051072,0.020765998707175177
LCORL,61,1.232179836175204,0.020765998707175177
NIPBL,151,0.7226750584559197,0.020846800258564963
R3HDM4,68,1.1367770589183082,0.02092760180995475
FOXK2,62,0.9911717366714099,0.02100840336134454
CREG1,142,-0.530121777517909,0.021089204912734326
CMC1,198,-0.7580764472771041,0.021089204912734326
ARL6IP6,125,-0.7213921260968118,0.021170006464124112
PHF13,130,0.8776376419240214,0.0212508080155139
AKT1,129,0.6535868603297772,0.021331609566903685
ATL3,110,1.2888408961389055,0.021493212669683258
RAB9A,165,1.2566254807426922,0.02165481577246283
MLLT6,60,0.7060088831899419,0.021735617323852617
SVBP,104,-0.9061750862662402,0.021816418875242403
CORO7,58,0.8852382919223454,0.021816418875242403
DCAF5,106,0.7898187268436613,0.022301228183581125
RRAGA,166,-0.963318993369848,0.02238202973497091
MAFB,86,-1.5918140999241517,0.022543632837750485
MRPL44,147,-0.910813981069758,0.02262443438914027
EIF4EBP2,64,2.0065920756789497,0.022705235940530057
PTPN2,139,0.7754056046235399,0.022786037491919844
USP10,123,0.9044475496252771,0.022786037491919844
PIK3IP1,108,-1.017923443918692,0.022786037491919844
TEC,136,1.319414090291072,0.02286683904330963
HYAL3,64,1.306818637067961,0.022947640594699416
MGAT1,161,0.5037007078968261,0.023109243697478993
MTHFS,64,-1.4034273488332687,0.023270846800258566
MAP4,133,1.0294343264638062,0.023513251454427925
PICALM,112,0.8786279938015169,0.023755656108597284
SPPL3,88,0.9363879342380835,0.02383645765998707
NAAA,59,-1.1823387640436651,0.02383645765998707
DTWD1,69,-0.9549194201176562,0.02383645765998707
HOXB2,86,-0.6944716725081593,0.023998060762766647
CHMP1B,158,-0.8975232160133308,0.024240465416936006
VPS72,111,-1.2524391657648568,0.024240465416936006
YIF1A,135,1.3078724684083811,0.024482870071105365
YPEL3,191,-1.043176016372041,0.02456367162249515
STK17A,168,1.6470785547275795,0.02456367162249515
EBAG9,96,-0.6411215127957939,0.02456367162249515
TPP1,154,0.6681793148889357,0.02480607627666451
EBPL,107,-1.4483245034484225,0.024886877828054297
GFM1,71,1.2044157757936715,0.02512928248222366
GTF2F2,124,0.6920232416116118,0.025452488687782805
AKNA,83,0.8426734994158911,0.025614091790562378
C12orf75,152,1.3620026228435138,0.025937297996121527
STK26,153,1.1375728090989277,0.025937297996121527
TMEM91,113,-0.5436050068815313,0.0260989010989011
FBXO11,213,0.9607799779925967,0.0260989010989011
TMEM60,142,-1.029031834051772,0.0260989010989011
CTA-29F11.1,155,-0.8484595884099502,0.026179702650290886
C18orf21,57,-1.1471831857700343,0.026179702650290886
TOR1A,56,-0.954069776370548,0.026260504201680673
TMEM57,113,0.7675966814127734,0.02634130575307046
TMX1,149,0.791998024902909,0.026502908855850032
CCNG2,194,-0.5730487847740143,0.026502908855850032
FYTTD1,177,0.8130885061665096,0.026583710407239818
ECM1,100,1.5114363566764324,0.026826115061409177
EIF2B5,67,-1.300333855869167,0.026826115061409177
COPRS,157,0.4617284374215106,0.026987718164188754
TMEM223,66,-1.1446871729659638,0.02706851971557854
IMPAD1,115,0.9210632601219144,0.027149321266968326
DHX9,173,0.7759753331494097,0.027149321266968326
YKT6,114,0.6645031884486691,0.027149321266968326
MARK3,79,0.7630563313525219,0.027230122818358113
ELAVL1,162,1.2277706180705066,0.0273109243697479
HDDC2,72,-1.4021325809286496,0.027391725921137686
RALB,218,-0.8364814242442489,0.027391725921137686
PPP1R9B,58,1.1534678601611636,0.027391725921137686
SPOP,148,-0.5046108752656653,0.027634130575307045
BBX,165,0.40138089111398717,0.02771493212669683
SHOC2,133,1.0294343264638062,0.027795733678086618
ZC3H6,73,-0.8405867446386605,0.027795733678086618
GPAT4,70,0.95322658356096,0.02803813833225598
CCDC112,99,-0.8015861849890408,0.02803813833225598
CD276,117,0.9486754913297749,0.02828054298642534
CCSER2,114,0.9070564021280347,0.02828054298642534
IP6K1,88,-0.6497333577428753,0.02828054298642534
NCKAP1,85,0.8808928216463797,0.028361344537815126
C2orf88,79,-1.5059345889154765,0.028442146089204912
ARHGAP6,86,-0.5214092607673342,0.02868455074337427
STAT6,60,1.206416740110123,0.02868455074337427
LFNG,73,1.8204485636785073,0.028765352294764058
HMCES,97,0.5174244265160304,0.028846153846153848
CAPZA1,196,0.8266626222772909,0.028926955397543634
ABHD2,113,0.7675966814127734,0.02900775694893342
SRPK2,136,-0.8759604732192301,0.029169360051712993
PSMD2,200,0.6543343707303774,0.02925016160310278
PCID2,56,-0.833111624076513,0.029330963154492566
SDF4,129,0.75643997010738,0.029411764705882353
CD58,99,1.1233508660369353,0.02965416936005171
PRKAA1,55,1.0702123565118122,0.029896574014221074
ATG4B,73,0.8173926526844248,0.03021978021978022
USP12,127,0.839999984560657,0.030300581771170006
PPID,60,-0.814907028698924,0.03046218487394958
ARHGEF40,55,0.8003493943358325,0.030623787976729152
SEC61A1,129,0.8652005386857976,0.03070458952811894
RNF149,116,0.934935434703471,0.03070458952811894
GATAD1,100,-0.8513392201861381,0.030866192630898515
ADAM17,100,0.9789609567017609,0.030866192630898515
MOBP,70,1.4454238752974657,0.031108597285067874
PIK3CB,61,1.5469975418993769,0.03127020038784745
U2AF1,91,-0.7457104140729933,0.03143180349062702
ATP6V0A1,62,1.5718722105384049,0.031512605042016806
DDA1,85,0.8808928216463797,0.031512605042016806
PIAS1,160,1.0019640555395397,0.031755009696186165
AKIP1,78,-0.9750930269409693,0.03191661279896574
SRPRA,126,0.7181360819307417,0.03207821590174531
BAZ1B,58,0.6510424239720127,0.03232062055591468
FAM103A1,148,-0.7554140893601509,0.03232062055591468
SZRD1,101,0.7113920798868446,0.03240142210730446
LMOD3,136,1.462108644312864,0.03248222365869425
CDKN3,149,1.4616127023894903,0.03248222365869425
SYNC,83,1.2219297394814457,0.03296703296703297
STARD4,198,1.0738703073581162,0.033047834518422754
MICB,56,-1.071234332536734,0.033047834518422754
ZNHIT3,139,-0.45994707783462113,0.033047834518422754
PQBP1,163,-0.566968999947042,0.0333710407239819
PDS5A,112,0.5245664957600475,0.03385585003232062
RP11-25K19.1,96,-0.9343949599136946,0.034502262443438916
NIPA2,111,0.5096932192785173,0.034744667097608276
DTNBP1,131,-0.6858575898392896,0.03490627020038785
LINC00936,63,-1.3433063563956986,0.03490627020038785
SF3A2,66,0.6543343707303799,0.035229476405946994
COA5,122,-0.7108409207962035,0.035229476405946994
CRIP1,119,0.7345506859769271,0.03555268261150614
LARP4B,63,0.7847208592039823,0.03555268261150614
HVCN1,56,-1.8237129260742653,0.03571428571428571
UBLCP1,86,1.0785904000386017,0.03571428571428571
NPTN,72,0.997964898326244,0.03571428571428571
THAP9-AS1,118,-0.6546363192702749,0.035875888817065285
RNF187,165,-0.8937379830280164,0.035875888817065285
TSTA3,70,0.95322658356096,0.03595669036845507
MAGEH1,71,-1.7659974282179778,0.03603749191984486
TXNDC12,184,-0.5951353075216131,0.036118293471234644
ITPR1,116,0.8100319477331709,0.03619909502262444
LCP2,189,1.265830225617123,0.036279896574014224
SLCO2B1,72,1.4888164708108484,0.036279896574014224
RUVBL1,133,0.42523406163200705,0.03652230122818358
TNFSF12,139,-0.8815551194932344,0.03660310277957337
RDH14,74,-0.7179351874438433,0.03660310277957337
UBA6,58,0.8852382919223454,0.03676470588235294
MOB3A,75,1.0625739797493226,0.03684550743374273
RECQL,119,0.5205253305381867,0.03708791208791209
KRT15,87,-1.8324354135926633,0.03708791208791209
USPL1,207,-1.164831051589458,0.03733031674208145
EGFL7,92,-1.2998389347525148,0.037411118293471234
GOLGA2,142,0.7136930294031192,0.037411118293471234
ANKRD27,80,0.9638787411619093,0.03765352294764059
DNAJC3-AS1,70,-1.9658380075645796,0.03797672915319974
CRIPT,76,-1.029031834051772,0.03829993535875889
DESI1,61,-0.5436050068815313,0.03829993535875889
HMG20A,62,0.9911717366714099,0.03838073691014868
FAM126B,147,0.6787874144549177,0.03870394311570782
ARL16,89,-0.7897655941509276,0.039350355526826114
FAM3C,99,0.6787874144549177,0.039350355526826114
MORC3,171,0.9240739721385434,0.0394311570782159
DVL2,55,-0.8691808787840353,0.03967356173238526
NFATC1,98,0.5343975051197433,0.03991596638655462
SPECC1,96,-0.6411215127957939,0.040158371040723985
CCDC43,64,-0.6879949162167032,0.04023917259211377
PDZD8,66,1.0898560115308167,0.04031997414350356
YES1,120,0.6383353707176235,0.04031997414350356
TMEM243,114,-0.5933580420786285,0.0406431803490627
AIG1,76,-0.760416395954677,0.0406431803490627
CGRRF1,89,0.791998024902909,0.04096638655462185
BTF3L4,209,-0.43149464055999437,0.041047188106011635
KIAA0100,67,-0.8140568842778084,0.04112798965740142
STX10,150,-0.7288198793484371,0.04112798965740142
DOK1,80,-1.0065769832240758,0.04120879120879121
MED29,59,0.9124597606573696,0.04177440206851971
ATG5,136,-0.4435761885502593,0.04217840982546865
MYH9,172,0.9334421546727383,0.04217840982546865
AATF,80,-0.9230983893027073,0.04225921137685844
CTBP2,129,0.75643997010738,0.042340012928248225
GOLT1B,154,0.9407805390880503,0.04242081447963801
CPSF7,55,0.5644547389759219,0.04242081447963801
BAMBI,148,-1.2077377210362945,0.0425016160310278
NPM3,59,0.9124597606573696,0.042582417582417584
KAT8,69,-1.0505649956014123,0.04274402068519716
CHTOP,136,-0.9261781109138632,0.042986425339366516
MYO9B,111,0.6207818110193511,0.042986425339366516
CCDC28A,89,-1.0189430164281892,0.04314802844214609
CDK12,69,-0.5436050068815288,0.04330963154492566
MRPL9,97,-0.8425164490439228,0.04330963154492566
MPC1,208,0.5343975051197407,0.04330963154492566
PLEKHA5,75,0.8607852481978076,0.04339043309631545
TKT,196,0.6210719165986301,0.04355203619909502
PLAU,121,-1.0116497558235371,0.04371363930187459
ZFX,77,1.104093249187588,0.044279250161603105
PGRMC1,125,-0.6040408607435037,0.044521654815772464
GATAD2B,96,0.6284557389047739,0.044521654815772464
TGFBR1,67,0.883405134063389,0.04460245636716225
NMD3,81,-0.8977873007735186,0.04460245636716225
HS2ST1,105,0.9101129605613735,0.04468325791855204
TMEM167A,178,0.46110199579599614,0.04476405946994182
ZBTB11,146,0.7589577631389012,0.04484486102133161
MARK2,65,0.834906616372199,0.044925662572721396
SMCR5,116,1.9588953336476542,0.04500646412411118
MRPL11,107,-0.8484595884099527,0.045652876535229474
TMEM242,87,0.7552394748927915,0.04581447963800905
FAM127B,95,-0.5032472692653909,0.04589528118939883
RC3H2,55,1.3880080181382186,0.04605688429217841
PYGL,87,0.9181257278453546,0.04678409825468649
PSMD9,63,-0.6031060186301904,0.04678409825468649
USP53,203,1.0335167406224455,0.04678409825468649
RPA1,55,-0.8691808787840353,0.04686489980607628
SIKE1,86,0.5862752756653806,0.04694570135746606
FAM162A,220,-0.5173734653083504,0.04751131221719457
ACTR1B,59,-0.6070303870231657,0.04751131221719457
TRAPPC6A,116,-0.9874751883680865,0.047592113768584354
SLC25A36,185,-0.41669289439931056,0.04767291531997414
MSRB2,123,-0.8671809546503743,0.04791531997414351
NOLC1,87,0.9181257278453546,0.04799612152553329
ESRRA,66,1.0898560115308167,0.0485617323852618
PTPN11,80,1.3901612947183848,0.048642533936651584
MPLKIP,173,-0.5436050068815288,0.048642533936651584
CSTA,108,1.260129599497377,0.04872333548804137
POGZ,129,0.46287902668866926,0.04880413703943116
UNC13D,74,-0.6195538601148292,0.04896574014221073
SECISBP2,143,0.821391809897718,0.049046541693600516
C8orf82,74,-0.9061750862662377,0.049046541693600516
NUDT2,113,-0.8637398199458427,0.04920814479638009
CCDC115,127,-0.632414273839387,0.049288946347769876
TGOLN2,189,0.56095092416106,0.049288946347769876
PAN3,56,-0.5771575665925576,0.049288946347769876
TTBK2,81,1.1837104172509572,0.049531351001939235
HDAC2,163,1.0316095172880648,0.04961215255332902
IKBKB,107,0.805005130658337,0.05001616031027796
MADD,64,0.6041486135621632,0.050096961861667746
LATS2,68,1.1367770589183082,0.05017776341305753
ZNF503,220,-0.5522959671455759,0.05042016806722689
GPANK1,80,-0.6600144989968387,0.05074337427278604
MFAP1,169,-0.676360215733302,0.051228183581124756
AC017002.1,72,1.2262752097574114,0.051470588235294115
TRIM63,192,0.5228904049053756,0.05179379444085327
CCNY,75,1.0625739797493226,0.051874595992243054
PSENEN,95,0.7487499726224861,0.0521978021978022
TMEM126B,187,-0.6043590379606271,0.052278603749191986
AK3,124,0.9174448901541497,0.052763413057530704
HRAS,128,0.6408195642558989,0.052763413057530704
CELF1,214,0.9682940316499019,0.053005817711700064
MIB1,89,1.1326978053780539,0.05308661926308985
ANKRD9,57,1.4429744773561477,0.05324822236586942
TOMM5,89,0.9544218570683454,0.05397543632837751
MRPL36,159,0.5589099037444057,0.05397543632837751
BAZ2A,101,0.8477164234235076,0.05397543632837751
HIST1H2BJ,101,-1.1602763673300225,0.05429864253393665
CCDC66,66,-0.9469607011127374,0.05454104718810601
MRPS25,65,-0.6579376823605245,0.05486425339366516
C3orf17,110,-0.6624824027334482,0.05502585649644473
COMMD2,96,-0.7169366097670928,0.05510665804783452
PINK1,63,-0.7186917134396203,0.0551874595992243
RYK,69,0.7264841564862157,0.0551874595992243
NTMT1,115,0.7960250897392912,0.055349062702003876
TSPYL1,139,-1.1208318588230803,0.055591467356173235
PDRG1,64,-1.1118887664560557,0.055753070458952815
HMOX2,97,0.782498763977027,0.055753070458952815
GATAD2A,173,0.9427498968989679,0.055995475113122174
MTSS1,126,0.9430934775247614,0.05656108597285068
IRF2BPL,146,-0.6338028158531076,0.05672268907563025
MAD1L1,60,1.5216864533701882,0.05680349062702004
TK2,67,0.883405134063389,0.057126696832579184
ING1,166,0.5545050785683179,0.05736910148674854
STAT5A,90,-0.6879949162167057,0.057530704589528116
MAST4,80,1.3901612947183848,0.057530704589528116
CEBPG,152,0.7334414893249898,0.05777310924369748
BHLHE41,64,-1.589701421470985,0.05777310924369748
NCBP2-AS2,78,-1.1422424444997632,0.05801551389786684
LBH,150,-0.7288198793484371,0.05801551389786684
VPS13A,119,0.7345506859769271,0.058177117000646414
VEZF1,109,0.834906616372199,0.05833872010342599
NEDD9,113,-0.8637398199458427,0.05833872010342599
GLOD4,147,-0.5174921665623987,0.05874272786037492
ZC3H11A,205,0.6313520716571656,0.058823529411764705
UBE2F,120,0.8647378398233059,0.05914673561732385
PRKRIR,65,1.065810537564167,0.05930833872010342
LPIN1,66,0.6543343707303799,0.05930833872010342
SIK3,99,0.96293084688281,0.05938914027149321
RAB20,68,-1.2675439207514978,0.059469941822882996
SWI5,77,-0.5436050068815313,0.059631544925662576
BCAT1,63,4.860117179169479,0.059631544925662576
ISOC2,146,0.9561551713027407,0.059631544925662576
ZYX,76,0.8820017341075034,0.05971234647705236
METTL23,180,-0.8371884760749303,0.05979314802844215
CRYZ,62,1.2574909247043926,0.05979314802844215
PTRHD1,124,-0.558952971214966,0.060116354234001294
TBC1D30,156,1.5327458792485835,0.06019715578539108
PHF19,89,1.5546970667302733,0.06019715578539108
C11orf57,58,0.6510424239720127,0.06043956043956044
MRPL15,61,0.7327262215657202,0.060520361990950226
MTURN,66,0.8593596600967394,0.060520361990950226
UBE2G2,111,1.144450986803731,0.060520361990950226
PBX3,115,-0.6414523302796733,0.06116677440206852
RENBP,151,-0.7631713841392138,0.06132837750484809
GALNT6,102,1.0104965301348665,0.061570782159017456
MRPL45,57,-0.7979221956142142,0.06213639301874596
BEND7,72,1.7995395739155284,0.062297996121525534
PIK3CD-AS2,85,-0.6317359171601954,0.0625404007756949
NDRG2,86,-1.0151094578194002,0.06278280542986425
RP11-395A13.2,138,-1.3191734402714823,0.06278280542986425
IFI27,99,1.4959233573051072,0.06302521008403361
CCDC186,109,0.7090020275019253,0.06383322559793148
UBA5,75,-0.9689108416142016,0.06415643180349062
FAH,98,1.1073207562179845,0.06439883645765998
PER1,100,0.8316863136045569,0.06447963800904978
PPP2R5E,155,0.7652669351803869,0.06456043956043957
RAB11B,125,-0.6632752375441471,0.06464124111182935
PSIP1,83,-0.5890479776426976,0.06480284421460893
HPRT1,145,0.6563325636272218,0.06504524886877829
BICD2,116,0.5825720991956141,0.06520685197155786
CCDC167,83,1.2219297394814457,0.06544925662572722
CASC3,59,0.9124597606573696,0.06544925662572722
PIGF,85,-0.9616701988579416,0.06561085972850679
ZFYVE16,64,0.8100319477331709,0.06561085972850679
RRAS,111,1.144450986803731,0.06569166127989658
MAX,193,0.730471569743849,0.06577246283128636
FBXW7,74,0.656927980491178,0.06585326438267615
EDNRB,73,-1.6163613493168436,0.06601486748545572
ZPR1,123,-0.5124103852779336,0.06633807369101487
MSMO1,55,1.0702123565118122,0.06641887524240465
PPWD1,64,-0.7988620621236038,0.06649967679379444
PCM1,212,0.29318333576259237,0.06649967679379444
CHCHD6,70,-1.5520665856297278,0.0667420814479638
DOCK10,153,0.41849838535994277,0.06682288299935359
APOC1,200,1.2617857282955625,0.06698448610213316
PSMB8,164,0.770905616443347,0.06722689075630252
SCOC,135,-0.681767445939055,0.06843891402714933
SUCO,79,0.5980561423420607,0.06843891402714933
MSI2,82,0.8231773237900922,0.0686005171299289
TAX1BP3,66,0.8593596600967394,0.0691661279896574
TRIAP1,57,-0.7979221956142142,0.0691661279896574
RNF113A,143,-0.6226765778727283,0.0703781512605042
KLHL24,123,1.0284762025428933,0.07118616677440207
TMEM50B,116,-0.5599994451321976,0.071590174531351
MAP3K1,125,0.9303261814508831,0.07183257918552036
ZADH2,70,-0.6237753555655122,0.07191338073691014
STK16,73,-0.8405867446386605,0.07207498383968972
PRRC2A,74,1.0413574938396266,0.07255979314802845
ZNF281,79,0.5980561423420607,0.07280219780219781
PGPEP1,63,-0.8302262330329399,0.0728829993535876
ATE1,59,0.6787874144549177,0.07304460245636717
INSIG1,210,0.5502951319999511,0.0734486102133161
KMT2A,159,0.638001799608418,0.07361021331609567
ZBTB43,101,0.8477164234235076,0.0740142210730446
MCTP2,213,0.6331045991278917,0.07417582417582418
EVPL,57,-1.1471831857700343,0.07425662572721396
AKIRIN1,122,0.8913320498350197,0.07433742727860375
WDR6,72,0.997964898326244,0.07441822882999354
CENPU,72,0.997964898326244,0.07449903038138332
CASP6,72,-1.0537997392007143,0.07457983193277311
LYPD3,69,1.4232281291832711,0.07506464124111183
CXCL8,217,4.301048456599049,0.0752262443438914
FAIM,130,0.5686979627432645,0.07530704589528119
SEC13,187,0.6098694737801886,0.07554945054945054
FHOD1,99,0.8154760864232988,0.07563025210084033
C14orf119,163,-0.6586216672214537,0.07571105365223012
PHF23,100,0.5677561020661741,0.07587265675500969
MAP3K11,125,-0.3541272080178191,0.07587265675500969
RP11-182L21.6,125,-0.9977200281430645,0.07603425985778926
TARS,169,1.1886992099148108,0.07603425985778926
UBXN2A,117,-0.4100813340441382,0.07635746606334842
C4orf27,160,-0.6027401309688628,0.07676147382029735
KLF13,173,0.6227533795405905,0.07692307692307693
LYPLA2,64,0.8100319477331709,0.07716548157724629
CDIPT,90,-0.7675698480367331,0.07740788623141565
DNAJC10,72,0.997964898326244,0.07748868778280543
SEPT6,99,0.8154760864232988,0.07756948933419522
COL1A2,145,1.0523704865620445,0.07773109243697479
POLR2C,117,-0.8533876719068034,0.07773109243697479
MPV17,86,-0.9376247248912918,0.07781189398836458
ZCCHC11,201,0.5988392581386736,0.0782967032967033
COA6,205,-0.5807181798986312,0.0782967032967033
RRAGC,136,-0.4435761885502593,0.07845830639948287
SURF2,107,0.4486176425267497,0.07853910795087266
EIF2D,55,-0.7429138151049367,0.07861990950226244
FAM174A,76,-1.029031834051772,0.07861990950226244
AGO2,105,1.0565438976543025,0.07861990950226244
UBE2G1,166,0.8762982475691304,0.07910471881060116
SDHA,114,-0.45871610929501594,0.07926632191338073
THOC2,150,0.7118276762189256,0.07999353587588881
IFI30,106,-1.17884071408391,0.0800743374272786
DNAJC9,112,0.5245664957600475,0.08031674208144797
FLJ37453,82,-0.8729126321344906,0.08055914673561733
UTP3,65,-0.6579376823605245,0.08055914673561733
DUSP11,110,-0.8563145717395155,0.08063994828700712
SPPL2A,147,0.5916548227289438,0.08063994828700712
STK11,107,0.5603459571573787,0.08136716224951519
MB21D1,81,-1.4476359483508079,0.08160956690368455
CHSY1,79,0.5980561423420607,0.08177117000646413
TTC32,68,-0.9849766539738349,0.08209437621202327
MESDC2,212,0.6865438580893505,0.08233678086619263
P2RY1,57,-1.0342401250545314,0.08265998707175178
CARD8,128,-0.37458593642087834,0.08290239172592113
CDC73,136,0.29691677911127323,0.08290239172592113
EXOC3,55,1.0702123565118122,0.08290239172592113
SCO2,98,0.4143309335519261,0.08298319327731092
CUL4A,75,0.35909779176355566,0.08306399482870071
ZNF22,142,-0.7889374109818642,0.08346800258564964
FBXL5,82,0.8231773237900922,0.08362960568842921
FOXN3,193,0.5956119316076754,0.083710407239819
PHF5A,172,-0.7268795619828643,0.08387201034259857
FAM214B,69,0.9303261814508805,0.08387201034259857
SYNRG,67,-0.9162639038898203,0.08395281189398836
GPSM3,141,-0.5436050068815313,0.08419521654815773
EZH2,92,1.1848490874291608,0.08427601809954752
DBF4,69,0.7264841564862157,0.08451842275371688
UBXN7,140,0.5986170657709343,0.08468002585649645
SDE2,99,-0.8015861849890408,0.08484162895927602
METTL9,213,0.5162664490958689,0.08508403361344538
RAP1B,214,0.8980442226446329,0.08516483516483517
C15orf40,115,-0.7672310281570905,0.0855688429217841
PITPNA-AS1,75,-0.7866479375278579,0.08564964447317389
CD109,158,1.4223331570448354,0.08573044602456367
FBXW11,129,0.9807311348881257,0.08581124757595346
PTPN1,143,0.7251430501466581,0.08645765998707175
CEP63,95,-0.661441497175389,0.08661926308985132
AHNAK2,61,-0.6651669867624436,0.08670006464124111
PLAT,108,-1.313407183056284,0.0867808661926309
PTPRE,123,0.9044475496252771,0.08686166774402068
DCTN6,118,-0.7163070929944156,0.08710407239819004
TBC1D10B,65,1.065810537564167,0.08718487394957983
MGP,88,1.1148865292615924,0.08742727860374919
AEBP2,84,-0.4748922567975141,0.08750808015513897
CKS1B,133,0.9143183052504895,0.08775048480930833
NEMF,112,-0.8817737427761045,0.08783128636069812
KRR1,146,-0.4774147271870652,0.08807369101486749
PPHLN1,86,0.899629384227966,0.08823529411764706
REST,167,-0.4740640736284532,0.08823529411764706
HNRNPUL2,88,1.1148865292615924,0.08831609566903685
NUDT3,188,-0.29903579470040775,0.08847769877181642
TRAF3IP3,170,-0.7077243866426379,0.08888170652876536
DNAJC17,56,-0.833111624076513,0.0892049127343245
SPI1,131,-0.8484595884099502,0.08968972204266322
CCNB1IP1,115,-0.5765823293278006,0.08985132514544279
CD68,134,0.5261652714226454,0.09001292824822237
PPP4C,189,0.56095092416106,0.09025533290239172
LETMD1,133,-0.3658178876662457,0.0904169360051713
RAE1,92,-0.6452452687573671,0.0904169360051713
SMAD3,80,1.9588953336476518,0.0909825468648998
EIF2B2,70,-0.7274691992817176,0.09146735617323852
ORC4,76,-0.8522362791554352,0.0915481577246283
DYNLL2,174,0.6322448285178879,0.0915481577246283
SMAGP,58,-1.1101889782878318,0.09235617323852618
TRMT10C,103,-0.5803635568916489,0.09251777634130576
IFT52,75,-0.9689108416142016,0.09300258564964448
GOLIM4,128,0.44988168615979673,0.09308338720103426
PPIE,116,-0.8109524055864085,0.09316418875242405
LIMS1,206,0.5183227422616707,0.09332579185520362
SPTSSA,172,0.5408453149177793,0.09332579185520362
SOS2,62,0.7589577631389012,0.09332579185520362
MSL1,113,1.027350635845747,0.09389140271493213
EPAS1,192,1.197476695756908,0.0940530058177117
TWSG1,120,-0.49551071868048396,0.09429541047188106
MEX3B,61,-0.6651669867624436,0.09437621202327084
SLC22A18AS,110,-0.9185322927862222,0.0952650290885585
RWDD4,124,0.49034232504180886,0.09534583063994828
TCEB3,68,0.9070564021280347,0.09542663219133807
U2AF2,114,0.6645031884486691,0.09550743374272785
IFI6,158,1.8475066531518325,0.09566903684550743
CBX5,180,-0.4682231950393924,0.09566903684550743
RBBP4,204,0.6232923018632138,0.09607304460245637
METTL12,82,1.003138171609138,0.09607304460245637
TMPO,84,-0.9861232425824819,0.09639625080801552
GSK3B,84,0.5475428811766645,0.09688106011635424
RP1-313I6.12,60,-0.697228195994742,0.09752747252747253
SS18,75,0.5125380711560035,0.09785067873303167
TMUB1,82,0.6590241596334879,0.0989010989010989
IPO7,149,0.7008981160606683,0.09914350355526826
CMB9-22P13.1,67,-0.9162639038898203,0.09962831286360699
PPM1K,70,-0.8279080294689729,0.10019392372333549
PDE8A,61,0.7327262215657202,0.10035552682611507
ZNF394,132,-0.8331116240765155,0.10043632837750485
CXCL16,201,0.4773343308108326,0.10059793148028442
YPEL2,72,0.7951969065702303,0.100759534583064
HIPK2,60,0.7060088831899419,0.10124434389140272
ERRFI1,61,0.7327262215657202,0.1019715578539108
CBFB,216,0.4294279455182001,0.10205235940530058
COL6A1,97,1.0911105290367265,0.1025371687136393
ATP11B,69,0.9303261814508805,0.1031027795733678
BLOC1S1,115,0.9210632601219144,0.10358758888170654
SFT2D2,60,0.7060088831899419,0.10374919198448611
PEX2,90,-0.6879949162167057,0.1038299935358759
CD274,138,1.0880885441846162,0.10391079508726568
WDR33,190,-0.3669398592022108,0.10407239819004525
OCIAD2,90,-0.522388520971833,0.10415319974143504
ZMAT5,85,-0.8007628463786548,0.10423400129282483
FRA10AC1,90,-0.6879949162167057,0.10431480284421461
MED8,95,-0.8846419247165973,0.10504201680672269
ZNF580,105,-0.5436050068815313,0.10536522301228184
MTMR6,65,0.834906616372199,0.10544602456367162
RARS2,70,-0.7274691992817176,0.10576923076923077
TM2D3,102,-0.5991001194732352,0.10609243697478991
TBC1D9B,98,-0.5241088312557324,0.10625404007756949
FAR1,130,0.6662421611358037,0.10641564318034906
DNAJC2,112,0.6355033167261179,0.10649644473173885
RBM28,57,0.8574933014394404,0.10657724628312863
PAQR5,118,0.7208106293506231,0.10681965093729799
AC104655.3,123,1.0284762025428933,0.10714285714285714
FBRS,88,0.9363879342380835,0.10762766645119587
CYTH2,60,-0.5749691777908673,0.10762766645119587
SEC22C,158,0.6276226538284204,0.10762766645119587
OAZ2,165,-0.4493546810854806,0.10835488041370395
CTBS,121,-0.6060015440193971,0.10843568196509373
MALSU1,67,-0.8140568842778084,0.10867808661926309
PRRC1,106,0.5448329577860532,0.10875888817065288
ATP6V1C1,116,-0.7500558843489564,0.10883968972204267
CATSPER1,156,0.8662707872815351,0.10883968972204267
TYMS,141,1.5180340589108576,0.10892049127343245
CRK,135,0.4502164181893449,0.10916289592760181
EIF1AY,198,-1.510298920264352,0.10948610213316096
ZNRF1,209,-0.3930899950958883,0.10964770523594053
PSMC4,199,0.5205253305381867,0.10972850678733032
CHD2,194,1.2138246898443925,0.10997091144149967
FST,134,-1.5658349542649954,0.10997091144149967
ACO2,65,0.834906616372199,0.11005171299288946
EDEM1,179,0.8312931015441012,0.11005171299288946
ESF1,169,0.9948149079025967,0.11013251454427925
SDHB,213,-0.47077212687008857,0.11021331609566903
ZNF131,113,-0.5436050068815313,0.11053652230122818
TNIP2,61,0.7327262215657202,0.11053652230122818
PIGP,62,-0.6338028158531076,0.11110213316095668
SLC39A10,115,0.6787874144549177,0.1116677440206852
SCRN2,55,-0.8691808787840353,0.11182934712346478
RNF138,100,0.5677561020661741,0.11182934712346478
TMX3,67,0.883405134063389,0.11182934712346478
TMEM176A,85,2.430399784585526,0.11191014867485456
CORO1C,106,0.663439450121483,0.11255656108597285
CAPN3,137,-1.6860492719017361,0.11304137039431157
COMTD1,63,0.7847208592039823,0.11352617970265029
CHST11,133,0.6063356201066288,0.11393018745959922
ICE2,79,0.5980561423420607,0.11425339366515837
FBXO4,57,-0.5436050068815313,0.11433419521654815
LONRF1,61,-0.5436050068815313,0.11441499676793794
URI1,167,-0.4267237065859111,0.1146574014221073
POLR2B,120,0.8647378398233059,0.1146574014221073
FKBP5,94,1.6385983243392201,0.11473820297349709
AIP,193,-0.5036662615113886,0.1152230122818358
TMED4,119,-0.5113646698813199,0.1159502262443439
ESYT2,118,0.7208106293506231,0.11691984486102133
TOPORS,165,0.6200934201958952,0.11700064641241112
PTOV1,92,0.8454372838643703,0.11724305106658048
ANAPC15,153,0.6574926360916893,0.1182934712346477
RIOK3,168,-0.5092535020907545,0.11853587588881706
TRIM8,65,0.6294597020913518,0.11853587588881706
PAXBP1,61,0.7327262215657202,0.11853587588881706
RBBP5,84,-0.9861232425824819,0.11918228829993537
THAP5,72,-0.6725027400637884,0.11974789915966387
MRGPRX2,167,-0.5664148897896173,0.12023270846800259
PCGF5,136,0.9500894362723104,0.12031351001939238
CAB39,152,0.6467262052226194,0.12031351001939238
GNL3,133,0.5137281681844215,0.12039431157078216
STX16,86,-0.6944716725081593,0.12168713639301874
TFIP11,59,-0.8484595884099502,0.12176793794440853
ADK,74,-0.7179351874438433,0.12184873949579832
ZBTB2,66,-0.8441141181339871,0.12209114414996768
DIP2C,102,0.7274221897057954,0.12241435035552682
PTS,116,0.47809006421778916,0.12249515190691661
PRKRIP1,60,-0.814907028698924,0.12249515190691661
SLC30A7,73,0.8173926526844248,0.12249515190691661
CCDC109B,168,-0.5092535020907545,0.12306076276664513
PSMC3,208,0.5938985168684049,0.12314156431803491
STXBP3,127,0.3475815059795448,0.1237879767291532
C22orf39,141,0.6103463583530436,0.12403038138332256
COL6A2,75,0.8607852481978076,0.12435358758888171
BET1L,61,-0.6651669867624436,0.12475759534583064
MLF2,193,0.46945114594391696,0.12605042016806722
NDUFAF4,141,0.6103463583530436,0.12693923723335487
EHD1,206,0.7028328884215674,0.12710084033613445
SPOCK3,68,1.1367770589183082,0.1273432449903038
PPP2R2D,95,0.6112805950966398,0.12758564964447316
IPO5,75,0.8607852481978076,0.12807045895281188
DDX6,219,0.5067491930055211,0.12831286360698124
TPSG1,85,-0.7173720746182388,0.1286360698125404
DUSP3,106,0.9252993643760492,0.12871687136393017
ADNP2,75,0.6787874144549177,0.12871687136393017
EPB41L2,68,1.1367770589183082,0.12887847446670975
SHC1,58,0.44218113389877145,0.12887847446670975
RAB30,60,-0.697228195994742,0.12895927601809956
FILIP1L,111,-0.5777532292933784,0.12944408532643828
RNF13,115,-0.5102464099351004,0.12952488687782807
SLC52A2,58,0.6510424239720127,0.12976729153199743
MFSD14B,101,0.584150540316843,0.129928894634777
MEF2A,81,0.8034140689686624,0.129928894634777
OARD1,168,-0.5999674495006435,0.13033290239172593
CLIP1,94,0.8799945059007394,0.13081771170006465
AK2,151,0.6358788229856253,0.13081771170006465
TBC1D10A,90,0.5221970515142148,0.13097931480284422
DHX30,89,0.5037007078968261,0.13146412411118294
TRAPPC3,204,-0.5529731894157263,0.13243374272786038
IDH1,102,-0.4486566028262688,0.13259534583063995
KHDRBS3,79,-0.7749305529879845,0.1328377504848093
SOCS3,126,0.4235303592128452,0.13299935358758888
HSPA13,129,0.6535868603297772,0.13316095669036845
ENO2,74,0.49034232504180886,0.13332255979314803
KLHL15,65,-1.1774771080836328,0.1334033613445378
TTF1,67,-0.8140568842778084,0.13356496444731739
JKAMP,86,-0.777493067055809,0.13372656755009696
TMEM43,90,0.6607534916246559,0.1341305753070459
IL10RB,56,-0.833111624076513,0.13421137685843568
CPEB2,150,0.8985007355954859,0.13477698771816418
SLC11A2,149,0.6139362701049501,0.13493859082094375
IVNS1ABP,143,0.6335226807191358,0.13542340012928247
CENPW,164,0.946720619701552,0.13574660633484162
SLC25A39,92,0.5584931807372054,0.1358274078862314
ITGAV,122,1.0154788620140207,0.13606981254040076
ITPR2,74,0.8392520866481646,0.13606981254040076
PPM1B,141,0.6103463583530436,0.13606981254040076
PGRMC2,92,-0.5642152865568181,0.13615061409179055
FCGRT,108,-0.6983276016801716,0.13623141564318034
GCC2,81,-0.5436050068815288,0.13631221719457012
ANKLE2,217,0.6045965164036632,0.1363930187459599
CDK15,77,0.9029107238704822,0.13663542340012927
R3HDM2,93,-0.4605492671539722,0.13679702650290887
TMEM173,187,-0.6043590379606271,0.13679702650290887
ZFYVE28,117,0.9486754913297749,0.13703943115707823
PTPN18,125,-0.5436050068815313,0.13760504201680673
HIBCH,146,-0.8780240459520888,0.13760504201680673
AVPI1,62,-0.8622874422652382,0.13849385908209438
APPBP2,61,0.9654086406063288,0.13849385908209438
OXR1,113,0.3346065127204283,0.13849385908209438
TBPL1,140,0.5986170657709343,0.13857466063348417
NGLY1,67,-0.5996390417958559,0.13865546218487396
MEF2D,79,0.7630563313525219,0.13881706528765353
TNS1,89,0.5037007078968261,0.1390594699418229
CUX1,62,-0.6338028158531076,0.13922107304460246
GOSR1,118,-0.5916992950825736,0.1401098901098901
UBR2,84,0.5475428811766645,0.1401098901098901
SIRT2,83,0.5277796263552347,0.1401906916612799
HPS1,62,0.7589577631389012,0.14027149321266968
IL1RAP,68,1.1367770589183082,0.14067550096961862
MTMR3,56,0.5938985168684049,0.1408371040723982
LUZP1,163,1.0316095172880648,0.14107950872656755
ABL2,148,0.8768869224894219,0.14107950872656755
FBXL15,103,0.4972672745339968,0.14124111182934712
ERLEC1,172,0.5408453149177793,0.1413219133807369
RAB22A,77,0.5559306666693862,0.14156431803490627
BAD,159,0.48286720447966136,0.14277634130575306
HK1,96,0.765723051226199,0.14334195216548157
TAF9,203,-0.5246841449843015,0.14342275371687135
ZMPSTE24,63,0.7847208592039823,0.1437459599224305
GPS2,88,-0.8123081628020171,0.14382676147382029
CDCA4,62,0.9911717366714099,0.14406916612798965
UAP1,170,-0.7077243866426379,0.14423076923076922
GLCE,64,-0.4534071979099525,0.14471557853910796
TMEM101,55,-0.6115090713833343,0.14471557853910796
SSRP1,63,0.7847208592039823,0.14479638009049775
CFAP97,190,0.38283838614838683,0.14495798319327732
WHSC1,67,0.883405134063389,0.14520038784744668
G6PD,72,0.612189665725894,0.14528118939883647
BBS4,58,-0.882811093200727,0.14600840336134455
SMS,213,-0.47077212687008857,0.14600840336134455
DIDO1,65,0.6294597020913518,0.14617000646412412
USP8,154,0.7547362676882181,0.14657401422107305
TTC39B,131,0.581353263549291,0.14673561732385262
UFSP2,98,-0.7500558843489564,0.14738202973497092
TEX264,147,-0.6205669886964136,0.14778603749191985
GPATCH2L,87,0.7552394748927915,0.14835164835164835
STAM,168,0.574336250489886,0.14843244990303814
EMC8,76,0.7003205760045607,0.14851325145442792
GCSH,161,-0.5436050068815288,0.1485940530058177
WIPF2,182,-0.6162740745797639,0.14875565610859728
NRBP1,137,0.4747735224333235,0.14899806076276664
STAT1,116,1.7393289563899692,0.14940206851971558
ITPRIP,132,0.6912245176931415,0.14972527472527472
PPP2R5C,181,-0.5010131301570616,0.15021008403361344
MTCH2,143,0.821391809897718,0.15029088558500323
MRPL48,55,0.8003493943358325,0.150371687136393
MAPKAP1,55,1.0702123565118122,0.15053329023917258
MMADHC,169,-0.8036678461840324,0.1510989010989011
TIMM44,98,0.946720619701552,0.15126050420168066
C17orf89,204,0.7525776751692752,0.15142210730446024
KLHL21,149,1.0956005386236123,0.15190691661279895
SMARCC2,80,-0.7500558843489564,0.1523917259211377
SLC16A7,58,-0.5108150717638621,0.15328054298642535
CLIP2,64,1.0413574938396266,0.15344214608920492
PRKAR1B,75,0.5125380711560035,0.15433096315449257
HSD17B12,186,0.9740475588801984,0.15489657401422108
TRNAU1AP,61,-0.6651669867624436,0.15497737556561086
PYCR2,56,0.8292042570080183,0.15505817711700065
CCDC174,109,0.5908803253054892,0.15521978021978022
DHX29,124,0.49034232504180886,0.1553813833225598
PACSIN2,199,0.5205253305381867,0.15562378797672916
SLC38A11,144,0.6449727014626747,0.15586619263089851
MRPS15,134,0.6186664220173475,0.1560277957336781
CUL5,114,0.5538608025540855,0.15675500969618616
KCMF1,185,0.5921130029760308,0.1570782159017453
TOP2A,94,2.201353378038207,0.15723981900452488
GDE1,55,0.8003493943358325,0.15748222365869424
DCUN1D5,83,0.5277796263552347,0.1578054298642534
PSMB9,140,1.233200851816468,0.1583710407239819
MFF,128,0.3608173331362388,0.1589366515837104
CBR1,176,-0.8828110932007296,0.15901745313510018
RALGDS,158,0.4723365369874926,0.15942146089204912
EVA1B,84,-0.6546363192702749,0.15982546864899805
MRPS12,194,0.47809006421778916,0.1601486748545572
RPP30,101,-0.6907587006651824,0.1601486748545572
FGD5-AS1,119,-0.5754890679013155,0.1603102779573368
KLHL42,71,0.5892892636158145,0.16136069812540402
C21orf59,157,-0.4944872403168393,0.1615223012281836
MED31,172,-0.6847327440164083,0.16216871363930188
KMT2C,106,0.7898187268436613,0.16241111829347124
PRPF38A,209,-0.5067290046464984,0.16249191984486103
ZNF330,144,-0.609193348509106,0.16249191984486103
RABGGTB,214,-0.4248352166192377,0.16273432449903039
RP1-43E13.2,106,-0.8674426917775241,0.1644311570782159
FUOM,91,1.1676739436210266,0.1649967679379444
FLVCR1,88,-0.8907036775038003,0.1650775694893342
GNPTG,73,-0.6457854016880101,0.16515837104072398
RNF10,172,0.6131990728273404,0.1655623787976729
PPP1R35,104,-0.4881098942898275,0.1656431803490627
FUBP3,68,-0.8862066700336416,0.16580478345184227
RP11-295G20.2,185,1.1387542566342062,0.16580478345184227
PLCL1,84,-0.4748922567975141,0.16637039431157077
PRPF4,66,-0.5147501442093431,0.16637039431157077
PPP1R11,69,-0.43149464055999176,0.16653199741435035
ADIPOR1,109,0.2735309359686606,0.16661279896574013
NKIRAS2,108,-0.7646840962739453,0.16669360051712992
CDC42SE1,186,0.6699904662177588,0.1668552036199095
RPPH1,142,-0.7889374109818642,0.16693600517129928
RIN3,159,0.5589099037444057,0.16709760827407885
U2SURP,187,-0.39658532095073584,0.16725921137685842
FOXN2,63,-0.7186917134396203,0.1673400129282482
TAF12,131,-0.6297616506312441,0.16766321913380736
MGMT,203,-0.7793007041248162,0.1682288299935359
DDX26B,95,-0.661441497175389,0.16863283775048482
RNF125,72,-0.6725027400637884,0.1687136393018746
TESK2,123,1.0284762025428933,0.1687136393018746
QDPR,66,-0.5147501442093431,0.1687944408532644
AP2A2,77,0.5559306666693862,0.1687944408532644
ATF6,61,0.7327262215657202,0.16968325791855204
TMEM218,79,-0.4951064891903412,0.16984486102133162
KDM2A,180,-0.37948562712042466,0.1700064641241112
TARDBP,93,0.8628193620926051,0.17016806722689076
DCAF11,57,-0.9180005216630257,0.17016806722689076
UGCG,206,-0.5342972646553016,0.17024886877828055
MSH6,95,-0.42074825909599717,0.17081447963800905
TGFB1I1,156,-0.4055027302527423,0.17097608274078863
PUM3,72,0.612189665725894,0.1710568842921784
ULK3,59,-0.6070303870231657,0.1711376858435682
PHAX,114,0.5538608025540855,0.17138009049773756
ATF7IP,77,0.5559306666693862,0.17154169360051713
KIAA2026,76,-0.760416395954677,0.17162249515190692
NAB2,88,-0.38808742926024103,0.1717840982546865
APLP2,201,0.5988392581386736,0.17210730446024564
ECI1,99,-0.5818243291120199,0.17218810601163542
RB1CC1,144,0.39353496927989545,0.17251131221719457
TCEA2,72,-0.4634346581975453,0.1728345184227537
CRTC3,106,0.4329360202944799,0.1729961215255333
MED13L,77,-0.4432031099236905,0.1729961215255333
TBC1D20,65,1.3308641110346109,0.1729961215255333
TBK1,64,0.6041486135621632,0.17307692307692307
C16orf87,77,0.7215370619142564,0.17323852617970265
CRTC2,63,0.7847208592039823,0.17331932773109243
SDHAF2,102,-0.8793957551506376,0.173480930833872
UBAP1,76,0.7003205760045607,0.17364253393665158
RFXANK,55,-0.7429138151049367,0.17380413703943115
RC3H1,137,0.6550388116823092,0.17396574014221072
RNF38,56,0.3838824933341028,0.1741273432449903
NFKB2,137,0.5628459347491135,0.17420814479638008
TMEM159,93,-0.5436050068815313,0.17461215255332901
ARFGEF1,68,0.3494797892019585,0.17550096961861666
CTB-50L17.10,59,-0.7300181311124112,0.1760665804783452
NUP98,103,0.7432761409066314,0.1760665804783452
TOX,65,-0.6579376823605245,0.17630898513251456
JMJD1C,160,0.7306885163669464,0.17647058823529413
CHAMP1,64,-0.6879949162167032,0.17679379444085327
SPSB3,184,-0.3387000122739224,0.17703619909502263
FAM192A,73,0.8173926526844248,0.1771978021978022
PIGX,60,0.7060088831899419,0.17735940530058178
RGCC,99,1.2996694894310181,0.17744020685197157
C5orf15,61,0.5254366375481228,0.1777634130575307
COL1A1,131,1.1284431106033375,0.1784906270200388
SLC4A1AP,59,-0.7300181311124112,0.17865223012281836
CS,58,0.8852382919223454,0.17889463477698772
PCNA,168,0.8100319477331683,0.17937944408532644
GLUD1,185,0.33775049661984907,0.179541047188106
SLC4A7,76,0.3812935378777503,0.17978345184227537
GINM1,91,0.5404592579069437,0.1807530704589528
ZNF322,60,-0.9286299370939336,0.1808338720103426
RALBP1,200,0.3543230838586022,0.18115707821590174
ZNF667-AS1,111,-0.4386354472799882,0.18123787976729153
ADAM12,104,1.3764266884150556,0.18172268907563024
MED21,134,-0.47145522112569554,0.18172268907563024
HPCAL1,113,0.6500761178133891,0.1819650937297996
ATG101,181,0.4242828079647169,0.18220749838396896
STARD7,86,0.5862752756653806,0.18228829993535875
PSMA6,74,0.49034232504180886,0.18236910148674854
STRN3,73,0.6347322343769833,0.18269230769230768
CERS4,74,-0.7179351874438433,0.18350032320620555
CMTM3,146,0.4167112916459875,0.18366192630898515
MRPL43,203,-0.2868883248042138,0.18382352941176472
PHF3,138,0.3216846842602158,0.18406593406593408
NFKBID,153,1.0309783480596266,0.1851163542340013
GRSF1,82,-0.520335227558683,0.18543956043956045
NDUFAF2,136,0.3780666324335117,0.18552036199095023
TMEM259,140,0.3460345456759652,0.1856819650937298
SMARCE1,136,-0.6129787099221928,0.1863283775048481
FDFT1,156,0.4510417586242642,0.1863283775048481
GYPC,116,0.6929315967751869,0.18673238526179703
U2AF1L4,65,-0.6579376823605245,0.18681318681318682
RP9,79,0.7630563313525219,0.1868939883645766
PPP6R1,68,0.70283288842157,0.1869747899159664
LAMTOR3,78,-0.519151963156991,0.18705559146735617
MRFAP1L1,75,-0.492530822287259,0.18737879767291532
BCL3,128,0.7437846693013535,0.1874595992243051
ELK4,105,0.7744707625102266,0.18883322559793148
NPRL2,83,-0.6779060985931207,0.18899482870071105
TWF2,102,0.7274221897057954,0.18899482870071105
AP1S1,74,0.656927980491178,0.18907563025210083
CLPTM1L,117,0.5967162815158833,0.18915643180349062
PPP4R3A,180,0.5467414952147239,0.1898028442146089
ZNF677,62,-0.3866356605431319,0.1904492566257272
KIAA0040,120,-0.6220316538383479,0.19061085972850678
MRPS33,118,-0.5916992950825736,0.19117647058823528
RBM4,61,-0.5436050068815313,0.19125727213962507
PDIA4,130,0.9930619367988445,0.19206528765352296
LAIR1,127,-0.7469331665910572,0.19230769230769232
XPA,76,-0.8522362791554352,0.19230769230769232
FMR1,61,0.5254366375481228,0.19279250161603104
CLK4,85,-0.3586872909637466,0.1929541047188106
STXBP2,189,-0.5838221069579319,0.1929541047188106
UFD1L,213,0.35289041736460824,0.19319650937297997
CTDNEP1,194,0.6041486135621607,0.19327731092436976
TMEM115,55,0.8003493943358325,0.19335811247575954
APOD,58,-0.9981708703470091,0.19376212023270847
EPRS,93,0.4474618683484619,0.19384292178409826
APH1A,177,-0.5000486408947896,0.19392372333548805
MRPL37,58,-0.7635706908234374,0.19392372333548805
ST8SIA1,92,0.6965986905713794,0.19392372333548805
RPIA,66,-0.6284939044680415,0.19400452488687783
COA4,151,-0.6185670645627526,0.1942469295410472
NFKBIB,89,0.37393283292649626,0.19448933419521655
EPC1,143,-0.35003542071083715,0.19529734970911442
IPO11,74,0.656927980491178,0.1953781512605042
RDH11,72,0.7951969065702303,0.19570135746606335
PUM1,156,0.306571197732666,0.19626696832579185
STX7,124,0.49034232504180886,0.19667097608274078
TMA16,137,0.6550388116823092,0.19683257918552036
MIS18BP1,131,-0.39396892798039457,0.19739819004524886
CPNE8,95,-0.661441497175389,0.19739819004524886
CEP170,114,0.5538608025540855,0.19820620555914673
DKC1,172,0.9334421546727383,0.19820620555914673
ASCC1,62,0.7589577631389012,0.19820620555914673
QARS,56,0.5938985168684049,0.19844861021331608
SDSL,90,0.8100319477331709,0.19852941176470587
COA1,57,-0.5436050068815313,0.19909502262443438
ATP5EP2,55,-0.8691808787840353,0.19982223658694248
RASA2,88,0.6239949416145383,0.19998383968972205
PCYT1A,78,0.5771471525790819,0.20054945054945056
CNPPD1,62,-0.3866356605431319,0.20079185520361992
TTN,74,-0.9061750862662377,0.20103425985778928
SLC9A3R1,135,0.4502164181893449,0.20127666451195864
ACBD6,124,-0.4970624209444989,0.2014382676147382
FAM105A,159,0.638001799608418,0.20159987071751778
NECAP1,56,-0.5771575665925576,0.20176147382029735
SLC39A3,62,0.7589577631389012,0.20224628312863607
ARPC1A,83,-0.7642931220057302,0.20224628312863607
RGS16,86,-0.777493067055809,0.20248868778280543
LRRC58,69,-0.43149464055999176,0.20281189398836458
TROVE2,168,0.29833014688621773,0.20297349709114415
VRK1,56,-0.7077243866426379,0.20297349709114415
BIRC5,74,1.0413574938396266,0.20313510019392372
CD300A,117,0.39320116663127636,0.20313510019392372
C5orf30,168,0.29833014688621773,0.2032159017453135
TNFAIP8,65,-0.5436050068815288,0.20337750484809308
METTL7A,68,-0.7846131063853254,0.20337750484809308
ERO1A,103,0.6163908773170519,0.20378151260504201
FXYD1,191,0.6447399336272392,0.20410471881060116
LYRM4,55,-0.6115090713833343,0.20426632191338073
RAB1B,108,-0.5611990668962665,0.20531674208144796
CRYL1,88,-0.5651381684311716,0.20555914673561732
FAM96A,98,-0.5241088312557324,0.20555914673561732
COA3,151,-0.5688055610066718,0.20604395604395603
UBR4,135,0.4502164181893449,0.20636716224951518
PLEKHA2,65,0.834906616372199,0.20636716224951518
PLEC,147,0.4281613123895264,0.20660956690368454
KAT6B,67,-0.48646109977792096,0.20669036845507432
ZNRD1,220,-0.37315106133030645,0.20693277310924368
FAM199X,77,0.40315297184149007,0.20709437621202328
LMF2,89,0.642491285231927,0.20733678086619264
HDAC1,87,-0.40930391516993686,0.20733678086619264
MAP2K2,206,-0.4587161092950185,0.20774078862314158
C1orf27,65,0.6294597020913518,0.2081447963800905
KIDINS220,173,0.3480831820833175,0.20862960568842923
VTI1B,144,0.47388241984731133,0.20887201034259859
PAPD7,64,0.8100319477331709,0.20887201034259859
OTUD4,70,0.7497539358090615,0.20895281189398837
G2E3,65,0.6294597020913518,0.2093568196509373
DEF6,59,-0.8484595884099502,0.2093568196509373
NAPRT,99,0.5511732178705712,0.20959922430510666
UBE2W,71,0.5892892636158145,0.2099224305106658
CTD-2336O2.1,146,-0.7825077502424252,0.2100032320620556
RUNX2,63,0.578385517497082,0.21081124757595346
TMEM55B,61,-0.41669289439931056,0.21105365223012282
CREBZF,114,-0.3171770723099265,0.21137685843568196
RPN2,213,0.6942588232173577,0.21145765998707175
SEC63,200,0.2992940320337392,0.21153846153846154
PRPF18,77,-0.6406294612763926,0.2117808661926309
RFX1,128,0.8526552853666836,0.21202327084680025
RTCA,98,-0.3630327612397097,0.2123464770523594
WSB2,72,0.7951969065702303,0.21250808015513897
STK32C,163,-0.3743926234042568,0.21266968325791855
MRPL19,71,-0.48966619977072623,0.21275048480930833
PLXNC1,58,1.469691815731926,0.21283128636069812
SEMA4A,99,0.96293084688281,0.2129120879120879
DPF2,72,-0.5698365484547097,0.21315449256625726
SPARC,155,0.9511596848680478,0.21315449256625726
HTATSF1,125,-0.3541272080178191,0.21315449256625726
SAMD8,58,0.8852382919223454,0.2134776987718164
CCDC12,200,-0.355591377670779,0.21380090497737556
MYO6,70,0.5660194842929687,0.21444731738849385
RNPC3,55,1.0702123565118122,0.2146897220426632
CCNK,83,0.5277796263552347,0.21509372979961217
CFAP20,84,-0.4748922567975141,0.21533613445378152
PMM1,76,0.5343975051197433,0.21533613445378152
SEC24D,107,0.5603459571573787,0.21582094376212024
TRIP11,78,0.5771471525790819,0.21590174531351003
GLYR1,81,0.6389864063969427,0.21646735617323853
NCOA7,111,0.7385968096902223,0.21703296703296704
KANK2,65,-0.5436050068815288,0.21767937944408533
UBE2E1,87,0.3357135106960077,0.2179217840982547
C6orf48,182,-0.31359940143520626,0.21856819650937298
DENND1B,210,0.43655018172159865,0.21864899806076277
SKA2,94,0.3443683753843576,0.21913380736910149
CALCOCO2,181,0.3006373236027492,0.21929541047188106
NFATC2IP,105,0.6479264507501575,0.21945701357466063
FUCA2,189,0.37393283292649626,0.21945701357466063
PVRL2,81,0.6389864063969427,0.21994182288299935
ARL13B,97,-0.38201586460728104,0.22002262443438914
SGPP1,125,-0.6632752375441471,0.22010342598577892
HGS,61,0.7327262215657202,0.22034583063994828
ALDH9A1,89,-0.45680017934425565,0.22066903684550743
BORCS6,74,-0.41236047360327555,0.2213962508080155
EXOC5,111,0.6207818110193511,0.22188106011635422
CBWD1,61,-0.6651669867624436,0.22188106011635422
ARCN1,117,0.39320116663127636,0.2220426632191338
KRIT1,92,-0.39496092552639495,0.2220426632191338
TM2D2,94,-0.6037259993191015,0.2226082740788623
CEBPZOS,76,-0.4676561536482309,0.2227698771816419
FBL,196,-0.309416158081236,0.22317388493859083
HECA,170,0.7475001645389323,0.2239819004524887
JADE1,97,-0.46398783881816213,0.22422430510665806
UBL4A,68,-0.5713499973644337,0.2245475113122172
ZNF664,68,0.70283288842157,0.224628312863607
H1F0,85,-0.882129612299588,0.22478991596638656
PRELID3B,163,0.5999858467473205,0.22478991596638656
LSM12,118,0.610723139509763,0.22487071751777635
PTGER3,198,-0.4948606730301128,0.22527472527472528
MIR4458HG,64,0.6041486135621632,0.22527472527472528
STK25,66,0.4689950298981048,0.22535552682611507
C12orf29,63,-0.6031060186301904,0.22551712992889464
ZHX1,82,0.5077418731186895,0.22584033613445378
IMPA1,113,-0.33338729949118456,0.22584033613445378
SMC5,63,0.578385517497082,0.2264059469941823
RLF,153,0.4950162871457774,0.22648674854557208
ZNF721,66,-0.6284939044680415,0.22648674854557208
INPP5D,61,-0.41669289439931056,0.22648674854557208
KLHL20,56,-0.7077243866426379,0.22672915319974143
APOL6,60,1.206416740110123,0.2269715578539108
RNASEH2B,119,-0.3785457606110325,0.22721396250808015
DHPS,109,-0.5436050068815288,0.22729476405946994
CFDP1,175,-0.3862684691334389,0.22761797026502908
ETNK1,167,0.42162957495779424,0.22794117647058823
SPTLC2,124,0.39668874699420315,0.22802197802197802
RAB3GAP1,76,0.5343975051197433,0.22834518422753716
IL1RN,88,0.48496414531523985,0.22850678733031674
FAM168B,66,0.6543343707303799,0.22899159663865545
CCT7,188,-0.3866356605431319,0.22915319974143503
ZDHHC3,57,0.41332627122658583,0.22979961215255332
GBAS,132,-0.440511513917427,0.2306076276664512
CNOT8,73,0.46779975639071947,0.23101163542340014
BRE,64,-0.4534071979099525,0.23117323852617971
RBM42,201,-0.3463433008687633,0.23141564318034907
ASNSD1,120,-0.6220316538383479,0.23165804783451843
SAR1B,218,0.612189665725894,0.23214285714285715
DCAF7,174,0.4903423250418063,0.23230446024563672
PPP1R7,134,-0.5293207808752827,0.23287007110536523
MRPS7,105,-0.6153064722357189,0.2330316742081448
TAF15,121,-0.6060015440193971,0.23448610213316096
EMP1,204,0.5020668515037502,0.23448610213316096
GLIPR2,148,0.5195050369731106,0.23505171299288946
SMIM3,153,-0.6898257477325735,0.23553652230122818
AGFG1,59,0.9124597606573696,0.23610213316095668
ACOT13,137,-0.42983613192395537,0.23642533936651583
ETV3,65,0.6294597020913518,0.23682934712346476
SAFB2,92,0.4294279455182001,0.23682934712346476
USE1,106,0.4329360202944799,0.23739495798319327
GM2A,110,0.49466501004618557,0.23739495798319327
RIOK1,69,-0.43149464055999176,0.23787976729153198
ARHGEF1,82,-0.6123177569655434,0.23876858435681966
ARID2,71,0.42162957495779424,0.23876858435681966
MAD2L1BP,218,-0.31485242076564035,0.23925339366515838
WDR43,106,1.0715721068866342,0.23933419521654817
ELOF1,61,-0.5436050068815313,0.24006140917905625
CD2AP,91,-0.4152809099059901,0.24014221073044603
RGS19,156,-0.6042313658330297,0.2403038138332256
CHD1,212,0.34491970625602847,0.2403038138332256
AMFR,59,0.4704701783301936,0.2403846153846154
LENG1,87,-0.6719291038570699,0.2403846153846154
BCOR,57,0.6227533795405905,0.2403846153846154
ARHGAP21,72,0.44489935428064004,0.24046541693600518
MYO10,61,0.5254366375481228,0.24054621848739496
SNRPA,119,-0.5113646698813199,0.24062702003878475
ASXL1,88,0.6239949416145383,0.2408694246929541
SERPINB9,80,-0.26916583777548647,0.2409502262443439
PRPSAP1,65,-0.30004797554704105,0.2415158371040724
WIPI1,55,0.8003493943358325,0.2415966386554622
CNOT7,152,0.40748539263752503,0.24175824175824176
TP53I3,106,0.663439450121483,0.2421622495151907
SLC1A5,118,0.610723139509763,0.24232385261797026
ABHD5,66,0.4689950298981048,0.24256625727213962
ZMYM2,194,0.5401168190159716,0.24280866192630898
TRPM7,56,0.3838824933341028,0.24280866192630898
TMED7,165,0.6200934201958952,0.24297026502908856
AFTPH,99,0.5511732178705712,0.24297026502908856
NGDN,171,-0.28592383554194173,0.24305106658047834
DYNC1LI1,188,-0.20834658158168648,0.24305106658047834
NF1,55,0.8003493943358325,0.24305106658047834
MKLN1,100,0.6951818527055865,0.24321266968325791
MAPRE2,97,0.6454288175084868,0.24361667744020685
CD302,110,-0.5262229286532939,0.24361667744020685
LILRB3,63,-0.8302262330329399,0.24418228829993535
KAT5,58,-0.5108150717638621,0.24426308985132514
NFYB,118,-0.3942273828433023,0.24466709760827407
TMEM183A,140,0.5108427771408458,0.24539431157078215
GCA,78,-0.6157547926373645,0.24555591467356172
PROCR,56,-0.833111624076513,0.24579831932773108
ZDHHC20,65,0.44368394136891626,0.24660633484162897
C1orf162,116,0.47809006421778916,0.2470911441499677
GLT8D1,95,-0.42074825909599717,0.24717194570135748
FAM127A,71,-0.596553886830488,0.24741435035552684
KRAS,189,0.4966588633321973,0.2475759534583064
GPATCH11,73,-0.6457854016880101,0.2476567550096962
USP34,143,0.38180567669778603,0.24789915966386555
C6orf25,103,-0.5803635568916489,0.2487879767291532
SPINK4,81,0.8034140689686624,0.248868778280543
SYNE2,105,0.6479264507501575,0.24894957983193278
VAV3,63,0.578385517497082,0.24951519069166128
HAGH,124,-0.3690004844993493,0.24975759534583064
PHTF2,195,0.5486535009704568,0.24983839689722043
MYNN,62,-0.5129082096586142,0.25
ADAM10,99,0.5511732178705712,0.2504848093083387
AGAP1,212,0.8151433615507692,0.2506464124111183
TRAK2,130,0.4757603179854027,0.2507272139625081
TUG1,76,-0.5684796755205594,0.25096961861667744
SCNM1,72,0.612189665725894,0.2512120232708468
RRP15,118,0.610723139509763,0.25145442792501616
KLHL28,67,-0.5996390417958559,0.2517776341305753
CNST,133,0.5137281681844215,0.2519392372333549
MGAT2,75,0.6787874144549177,0.252262443438914
SLC25A4,65,-0.5436050068815288,0.2540400775694893
MIF4GD,85,-0.3586872909637466,0.2541208791208791
MED4,116,0.2840309462247419,0.2542824822236587
CD2BP2,163,-0.47234632371171026,0.25444408532643825
DPM2,88,0.6239949416145383,0.25444408532643825
CBLL1,74,0.49034232504180886,0.25452488687782804
UXS1,56,-0.440511513917427,0.2546056884292178
RIPK2,88,-0.4780166652539515,0.2547672915319974
SETD2,122,0.36933825884924704,0.25517129928894633
RBM26,161,0.4305858067688646,0.2564641241111829
TIMM17A,217,0.49144194021767246,0.2565449256625727
CCNG1,120,-0.49551071868048396,0.2565449256625727
POP4,82,-0.520335227558683,0.257191338073691
NFYC,94,-0.3551599174684199,0.2576761473820297
SNX29,104,-0.4123604736032781,0.2579993535875889
TMEM263,175,0.6416742414378178,0.25832255979314805
WDR46,142,0.217710448700424,0.2586457659987072
FAM89B,159,-0.2655484104300834,0.25888817065287656
IL32,62,0.9911717366714099,0.2592921784098255
KCNAB2,55,-0.4740640736284532,0.2593729799612153
TGFBR2,70,-0.40477730218421343,0.25945378151260506
C6orf62,194,0.6703505773062787,0.2599385908209438
IFFO2,82,0.8231773237900922,0.2604234001292825
PRKACB,180,-0.4242162776911991,0.2610698125404008
ELOVL1,82,0.8231773237900922,0.26131221719457015
FEZ2,116,-0.426111443863089,0.2629282482223659
PROS1,130,0.9930619367988445,0.26300904977375567
GMPPA,55,-0.8691808787840353,0.26365546218487396
BABAM1,120,-0.5594589580823647,0.26373626373626374
FRYL,120,-0.49551071868048396,0.26535229476405947
EPB41L1,88,0.3549497295589249,0.26535229476405947
MAPK8,61,0.5254366375481228,0.26535229476405947
ZNF280D,98,0.4143309335519261,0.26543309631544926
CYP20A1,142,0.45051842678180065,0.2656755009696186
CDK19,60,-0.9286299370939336,0.26599870717517776
CLC,129,5.8882407800838665,0.2662411118293471
TMC8,55,-0.4740640736284532,0.2663219133807369
YTHDF1,89,0.642491285231927,0.2668875242404654
LINC00685,86,-0.5214092607673342,0.2669683257918552
TOR1AIP1,64,0.24729939439547968,0.26712992889463477
GMPR2,77,-0.3389872872730573,0.2675339366515837
TPGS2,62,0.3649719653548758,0.2675339366515837
ST7,56,0.5938985168684049,0.2676147382029735
PPP3CB,77,-0.5436050068815313,0.2676955397543633
FZD7,62,-0.9710262306162079,0.26842275371687135
EPM2AIP1,108,-0.2653038443944266,0.26898836457659986
CYB5B,198,-0.2479395968077695,0.2693923723335488
KIAA1109,62,0.7589577631389012,0.2694731738849386
NUPL2,73,-0.43767156213246416,0.26963477698771815
CASC4,70,0.5660194842929687,0.26971557853910794
MCMBP,73,-0.5436050068815288,0.26971557853910794
RAD1,87,0.3357135106960077,0.270442792501616
TP53TG1,176,0.5093880807323536,0.2710084033613445
NDUFA9,132,-0.440511513917427,0.2711700064641241
FBXO33,82,-0.4252850396927704,0.2718164188752424
EIF2AK4,68,0.70283288842157,0.27213962508080153
GEM,162,0.6686985968313351,0.2722204266321913
CCNH,151,0.5527994770715347,0.2723012281835811
SEL1L,140,0.42676982400919206,0.2723820297349709
UCHL5,87,-0.40930391516993686,0.2727860374919198
NUDT14,177,0.3866860213070651,0.2729476405946994
SIL1,80,0.6186664220173475,0.27310924369747897
SPN,142,0.9115896188692942,0.27327084680025854
GUCD1,60,0.7060088831899419,0.27327084680025854
CAPRIN1,180,0.47977792055642077,0.27327084680025854
OS9,183,-0.3035105838116211,0.2733516483516483
LYSMD3,70,-0.40477730218421343,0.2733516483516483
NAA20,170,-0.393429266487487,0.2738364576599871
UNC50,89,-0.5436050068815288,0.27399806076276667
MRPL28,62,-0.8622874422652382,0.27407886231415646
RARRES1,136,0.4625472201000636,0.2743212669683258
SNRNP200,101,-0.3885356103886986,0.2750484809308339
KPNA1,116,0.6929315967751869,0.2755332902391726
TPD52L2,76,0.5343975051197433,0.2756948933419522
EMC2,93,-0.6243362789943883,0.27577569489334197
FASTK,64,0.4179208453038351,0.27593729799612154
OTUB1,105,0.417082069093644,0.27593729799612154
TACSTD2,161,0.7408483825871683,0.2760989010989011
PBXIP1,74,-0.30259690737773465,0.2767453135100194
YLPM1,60,0.49821516881309863,0.2773917259211377
ZBTB20,107,0.4486176425267497,0.2775533290239173
STK24,116,0.37877409599599643,0.27771493212669685
SAE1,76,0.5343975051197433,0.27779573367808663
MLX,100,-0.32579985504073466,0.27836134453781514
CTR9,173,-0.40772157879975524,0.2784421460892049
C11orf49,85,-0.4526965106833195,0.2784421460892049
ZNF644,131,0.3147803876995356,0.2786845507433743
LCMT1,86,-0.5214092607673342,0.27876535229476407
RUVBL2,82,-0.6123177569655434,0.27892695539754364
UPF3B,94,-0.2669509917586063,0.2797349709114415
LAMP2,96,0.37977371151555706,0.2797349709114415
NOSIP,216,-0.29328165279729224,0.28030058177117
ATXN2L,125,0.5037007078968286,0.2809469941822883
RGS17,147,0.6787874144549177,0.2809469941822883
CMTM7,132,-0.37982474566012536,0.2810277957336781
WDFY2,161,-0.3468485125319322,0.2811085972850679
MRPL13,159,-0.42074825909599717,0.28118939883645766
PMF1,77,-0.5436050068815313,0.28127020038784745
ZNF32,106,-0.5255710840512695,0.28183581124757595
NDRG1,127,0.4367661863695393,0.2822398190045249
SRD5A3,106,0.5448329577860532,0.2828054298642534
ZNF521,64,-0.4534071979099525,0.28304783451842275
FCGR2A,106,0.7898187268436613,0.28361344537815125
KLF2,113,-0.47529899349061894,0.2838558500323206
GTPBP4,87,0.46598104194766843,0.2838558500323206
NUMA1,112,-0.42185973452916026,0.2851486748545572
EMG1,62,-0.5129082096586142,0.28531027795733677
FAM110A,132,0.41257876082598055,0.28531027795733677
CYSLTR1,108,0.4641306418980751,0.28539107950872655
GSK3A,86,0.5862752756653806,0.28547188106011634
SRRD,65,-0.5436050068815288,0.2855526826115061
RNF216,78,0.5771471525790819,0.2856334841628959
ZCCHC7,79,-0.3955063678923951,0.2857950872656755
TTC33,56,0.5938985168684049,0.28652230122818356
TFB2M,90,0.5221970515142148,0.28660310277957335
ARFIP1,61,-0.5436050068815313,0.2869263089851325
ID3,159,-0.42074825909599717,0.2875727213962508
PRIM2,90,-0.522388520971833,0.2881383322559793
STX8,169,-0.35643505900528455,0.28829993535875886
RHOT1,65,-0.4245523352377668,0.28846153846153844
TMEM214,68,0.9070564021280347,0.2885423400129282
FADS3,204,-0.3992150975463568,0.288623141564318
DPP7,215,0.4216295749577917,0.28926955397543636
PLAC9,135,-0.7880237345479777,0.2896735617323853
LRMP,131,0.488527614059281,0.2897543632837751
TTLL7,169,0.7378821619773351,0.28991596638655465
RAP2B,103,-0.43039439643353994,0.28991596638655465
DENR,122,-0.3992150975463568,0.29048157724628315
ATG14,55,0.5644547389759219,0.2908047834518423
LGALS9,96,0.5002492827078961,0.2919360051712993
NME4,150,-0.37290581972657394,0.2925824175824176
KPNA3,84,0.5475428811766645,0.2926632191338074
STX4,167,-0.2284660776568088,0.29282482223658696
CYTH4,82,0.6590241596334879,0.2933096315449257
IFT27,60,-0.4473896916222277,0.2936328377504848
IRF2,139,0.4147472957599798,0.2941984486102133
SPATS2,57,-0.4077215787997578,0.29460245636716226
FLJ21408,130,-0.5873263843108492,0.29460245636716226
CORO1B,79,-0.2920662398855659,0.2949256625727214
MEPCE,77,0.40315297184149007,0.29516806722689076
PHF20L1,115,-0.3011469624909757,0.29524886877828055
ICAM1,189,0.315218930157776,0.2954104718810601
HMBOX1,80,0.6186664220173475,0.29581447963800905
ERBB2IP,119,0.5205253305381867,0.2960568842921784
KMT5A,78,0.5771471525790819,0.29638009049773756
PRKAG2,119,0.7345506859769271,0.29654169360051713
RNF103,142,-0.24552365394853345,0.2967032967032967
PDXDC1,136,0.4625472201000636,0.29767291531997414
ETHE1,83,-0.3045978716941859,0.2977537168713639
FAM200B,110,-0.45560852588370104,0.29815772462831286
PIK3AP1,162,0.7509372002107535,0.29831932773109243
L3MBTL3,90,0.39266939550808255,0.2989657401422107
TRIM26,72,-0.35278266454595136,0.29945054945054944
GID8,154,0.35576263001197883,0.29945054945054944
PSMA3-AS1,129,0.37393283292649626,0.29953135100193923
MAP3K3,64,-0.5730487847740118,0.29993535875888816
ABHD14B,77,-0.5436050068815313,0.29993535875888816
C1orf228,133,1.0294343264638062,0.30066257272139624
ZMIZ1,66,0.4689950298981048,0.300743374272786
POP7,139,-0.3442961986581234,0.3009857789269554
YRDC,94,-0.6037259993191015,0.3015513897866839
ELP6,80,0.4668116090638076,0.3016321913380737
SSH2,57,-0.4077215787997578,0.30187459599224303
SAP30BP,138,-0.35765458151314317,0.30235940530058175
SLC4A2,66,0.4689950298981048,0.3033290239172592
STAU1,184,0.26956021316607653,0.3037330316742081
RNF213,138,0.486897081515813,0.3038946347769877
KLHDC2,92,-0.5642152865568181,0.30413703943115705
FOPNL,66,-0.6284939044680415,0.30421784098254684
PIK3R6,60,-0.4473896916222277,0.30518745959922433
AAMDC,173,-0.5436050068815288,0.3053490627020039
RCC2,137,0.4747735224333235,0.3055106658047835
SIRT7,87,-0.4995498268035944,0.30696509372979963
SULT1A1,81,-0.5436050068815288,0.30696509372979963
IFI27L2,154,0.5058636693827715,0.3070458952811894
MMGT1,73,0.6347322343769833,0.30736910148674856
AASDHPPT,72,-0.4634346581975453,0.30753070458952814
JPX,61,-0.6651669867624436,0.30753070458952814
GMNN,75,-0.492530822287259,0.3078539107950873
AP1B1,115,0.3642012949087253,0.30793471234647707
RIOK2,90,-0.43589118958127687,0.30874272786037493
DDX49,55,-0.6115090713833343,0.30922753716871365
TMUB2,63,-0.4828509758024355,0.309469941822883
ATXN10,166,-0.38972949910370863,0.30987394957983194
NUDT5,133,0.3404289750701474,0.31108597285067874
GORASP2,129,0.46287902668866926,0.31221719457013575
C5orf24,116,0.2840309462247419,0.31229799612152553
SS18L1,61,0.5254366375481228,0.3124595992243051
TXNRD1,135,0.7279051810196097,0.31270200387847447
TIMM10,190,0.32417979772939903,0.3131060116354234
PANK3,60,0.7060088831899419,0.31351001939237233
MTX1,93,0.5763044568536672,0.31391402714932126
DHRS1,93,-0.5436050068815313,0.3141564318034906
IL4R,185,0.22146592496503176,0.3143180349062702
ACTR6,107,-0.4346706353283662,0.31447963800904977
PPP1R15B,176,0.4421811338987689,0.3149644473173885
VPS4B,120,0.3414592262738108,0.3156108597285068
C2orf69,69,-0.43149464055999176,0.3164996767937944
RPA2,104,-0.7728058176394469,0.3165804783451842
MITD1,144,-0.393756798140155,0.3171460892049127
HIPK3,71,0.42162957495779424,0.3171460892049127
RASSF1,203,-0.2450815163291119,0.3173076923076923
GGPS1,86,0.31621733507020877,0.31763089851325144
TLK1,60,-0.31359940143520626,0.3185197155785391
EIF2AK3,122,0.665429031599898,0.318923723335488
GALNT3,171,0.531162761520441,0.3191661279896574
RNF24,68,0.70283288842157,0.31932773109243695
NOL3,56,-0.440511513917427,0.32005494505494503
APIP,62,-0.5129082096586142,0.3202973497091144
ELK3,62,0.5521539759239011,0.3210245636716225
MOGS,58,-0.3756603695674594,0.3210245636716225
TMEM33,57,0.6227533795405905,0.32142857142857145
SRPRB,117,0.49237429022403784,0.3216709760827408
APOPT1,216,-0.36990684233716287,0.32207498383968974
SLF2,75,0.5125380711560035,0.32255979314802846
ZNF638,76,0.5343975051197433,0.32255979314802846
ERGIC3,171,0.2649984613733337,0.32255979314802846
MAPKAPK2,133,0.3404289750701474,0.32272139625080803
RP11-1094M14.11,55,-0.6115090713833343,0.3228021978021978
NUP160,65,0.44368394136891626,0.3228829993535876
MAPK1IP1L,114,0.3494797892019585,0.3230446024563672
ARL3,134,-0.35194571308468914,0.3233678086619263
RP11-352M15.2,64,-0.3283370199784632,0.3240142210730446
FOXO3,163,0.31274931647500687,0.32449903038138334
SNX1,84,0.27641632701223373,0.3247414350355527
PALLD,111,0.2088735866560026,0.32498383968972205
TSFM,60,-0.697228195994742,0.32506464124111184
IFIT3,58,0.8852382919223454,0.3252262443438914
DDRGK1,85,0.1733228340481294,0.3257918552036199
SLC39A8,56,0.5938985168684049,0.3257918552036199
GABPB1,200,0.24566946055071628,0.3258726567550097
EDEM3,101,0.46466260910206986,0.3258726567550097
BTBD6,66,-0.39626329080634465,0.3264382676147382
FAM207A,80,-0.47145522112569554,0.326519069166128
NCOA3,100,0.5677561020661741,0.3265998707175178
ZCCHC17,138,-0.41622570040530327,0.3275694893341952
KLRG1,191,-0.31395676954228435,0.327650290885585
LMBRD1,103,-0.3522394811657079,0.32853910795087266
C3orf58,103,-0.2716924497012823,0.32870071105365223
TUSC2,130,0.4757603179854027,0.3288623141564318
SUN2,79,0.44590261930082875,0.3288623141564318
TMEM245,70,0.5660194842929687,0.3295087265675501
USP11,99,0.31811561829262247,0.32967032967032966
PCGF3,65,-0.30004797554704105,0.32967032967032966
ZDHHC2,75,0.35909779176355566,0.32975113122171945
TSSC4,148,-0.28674917597686106,0.3313671622495152
SERTAD2,129,0.2886675473804056,0.332579185520362
LYAR,212,0.452447808601809,0.33282159017453133
DAXX,130,0.6662421611358037,0.33403361344537813
ABI2,72,0.612189665725894,0.3341144149967679
GTF2I,200,0.2992940320337392,0.33516483516483514
CUL3,192,-0.4317910035521783,0.3354880413703943
RPF2,116,0.37877409599599643,0.3367808661926309
SMIM15,70,-0.5163835381465046,0.3369424692954105
TOPORS-AS1,115,-0.37267218490163034,0.3374272786037492
ALKBH5,136,0.4625472201000636,0.3375888817065288
SMARCA4,60,-0.4473896916222277,0.33775048480930836
ZFYVE21,68,-0.45871610929501594,0.3381544925662573
SLC35D1,55,-0.4740640736284532,0.3382352941176471
OBFC1,55,-0.32948020152868346,0.3385585003232062
ABI1,168,0.2347310217045371,0.3388009049773756
C17orf58,66,0.4689950298981048,0.3388009049773756
CSK,133,-0.4263673315971578,0.33888170652876537
FAM46C,74,-0.5178419108164476,0.3393665158371041
NIN,60,0.49821516881309863,0.3394473173884939
NOP16,120,0.6383353707176235,0.3399321266968326
NSMAF,84,0.27641632701223373,0.3400129282482224
TMEM123,213,0.35289041736460824,0.3400129282482224
KCNK6,84,-0.3805467249274863,0.3404977375565611
KLF4,163,0.4512699609406005,0.34074014221073046
ALS2,92,0.5584931807372054,0.3409825468648998
TFAM,110,-0.3086491240811689,0.3412249515190692
TMEM11,80,0.32560838558311656,0.3417905623787977
GTF2F1,89,-0.3671784394972622,0.34203296703296704
ABCF1,195,0.6126350794499912,0.34243697478991597
RHBDD2,160,-0.40901896651388775,0.34267937944408533
SAFB,178,0.3332467623456064,0.3429217840982547
ZMAT2,155,0.2956416375744086,0.3430025856496445
TPMT,56,-0.29669026641101426,0.3430025856496445
RABIF,110,0.28904393533998607,0.3440530058177117
SLCO3A1,74,0.3365552231124663,0.3441338073691015
RALGAPA1,123,0.4768590956781866,0.34421460892049127
LASP1,167,0.3538252594779216,0.34429541047188106
FHL2,65,0.44368394136891626,0.34429541047188106
SEPT8,105,0.417082069093644,0.3445378151260504
CUL2,74,-0.41236047360327555,0.3446186166774402
KIF1BP,93,0.5763044568536672,0.34494182288299935
TJP2,193,-0.5829984451816183,0.34542663219133807
SRP68,150,0.38520394526151863,0.34550743374272785
HHEX,101,-0.3075376486480058,0.34558823529411764
CCDC71L,125,0.5037007078968286,0.34558823529411764
OXSR1,75,-0.492530822287259,0.34615384615384615
VPS35,149,0.22826620223287614,0.3463962508080155
TRPV2,107,0.5603459571573787,0.34671945701357465
CCND3,190,0.38283838614838683,0.3468810601163542
BOLA3,150,0.46197602538176946,0.3470426632191338
HAUS1,62,0.5521539759239011,0.34728506787330315
TRIP12,88,0.3549497295589249,0.3474466709760827
FAF1,70,0.39797830689314856,0.3476082740788623
NABP1,169,0.4415979911903878,0.34785067873303166
NECAP2,132,-0.3177235994652009,0.34793148028442145
ATXN7L3B,70,-0.40477730218421343,0.3483354880413704
TMEM167B,74,0.3365552231124663,0.3488202973497091
ZCCHC10,203,0.4938696985371304,0.34922430510665803
PDXK,191,0.2205820560196988,0.34970911441499675
HNRNPH2,183,-0.3035105838116211,0.3500323206205559
RNF139,107,-0.4346706353283662,0.3501131221719457
CPSF3L,70,0.39797830689314856,0.35027472527472525
DRAM2,79,-0.4951064891903412,0.3506787330316742
N4BP2L1,63,0.3916893037306542,0.3511635423400129
CCDC124,138,0.486897081515813,0.35140594699418226
ATP13A3,167,0.42162957495779424,0.3522139625080802
WIPI2,81,-0.3493361864594699,0.35237556561085975
FMN1,106,0.4329360202944799,0.35294117647058826
SNW1,214,0.2095254067156822,0.3539915966386555
NEK6,89,-0.45680017934425565,0.3556076276664512
LIMA1,61,0.5254366375481228,0.3563348416289593
RAD51C,103,-0.43039439643353994,0.3574660633484163
LENG8,97,0.39715578974379184,0.3581124757595346
DCTD,164,0.257254203883303,0.35843568196509373
ZNF618,81,0.4874218887390943,0.3587588881706529
BDP1,110,0.38928079725993353,0.35900129282482224
SRSF6,181,0.48902599735843644,0.35900129282482224
PPM1H,57,0.41332627122658583,0.35948610213316096
ARHGAP25,130,0.6662421611358037,0.35956690368455074
ZNF440,55,-0.32948020152868346,0.35964770523594053
WRNIP1,63,0.3916893037306542,0.3604557207498384
MAPKAPK5-AS1,84,-0.3805467249274863,0.3605365223012282
TNFRSF4,103,0.6163908773170519,0.36142533936651583
STX2,55,0.5644547389759219,0.3616677440206852
PAPSS1,123,0.383078315475551,0.3621525533290239
HMGXB4,67,-0.3685183003234397,0.36255656108597284
TSPAN32,65,-0.4245523352377668,0.36296056884292177
CLASP2,80,-0.47145522112569554,0.36312217194570134
PHF12,60,0.31000550613694666,0.36320297349709113
PRDM2,85,0.29645408024877895,0.3632837750484809
PPIH,141,-0.3761482610299671,0.36417259211376857
CAT,133,-0.30385142488364436,0.36433419521654814
FAM104B,118,-0.2540983896865446,0.3645765998707175
COL18A1,112,-0.42185973452916026,0.365142210730446
RCHY1,177,0.5883066686240488,0.36538461538461536
NXF1,107,0.34273821132290366,0.36546541693600515
WDSUB1,55,-0.32948020152868346,0.3657078215901745
COPB1,199,0.2370819647139925,0.366273432449903
ELP2,70,-0.40477730218421343,0.3668390433096315
DPH3,136,-0.1999062893229489,0.3670006464124111
ZFHX3,108,-0.2653038443944266,0.36748545572074987
METAP1,73,0.46779975639071947,0.36764705882352944
CCL1,138,2.0034608860810983,0.3678894634776988
COL4A3BP,188,0.24903418497383503,0.3679702650290886
OAT,110,0.28904393533998607,0.3679702650290886
BORCS7,136,0.29691677911127323,0.36805106658047837
RNF167,84,-0.3805467249274863,0.36829347123464773
COMMD8,94,0.3443683753843576,0.36829347123464773
MINPP1,59,0.9124597606573696,0.368939883645766
PBDC1,209,0.2688676752107201,0.3695862960568843
MRPS5,123,0.20736744527855686,0.3708791208791209
YIPF4,77,-0.5436050068815313,0.37120232708468004
HOOK3,205,0.5102176926246149,0.3724951519069166
TRIM38,56,-0.5771575665925576,0.3725759534583064
PQLC3,78,-0.519151963156991,0.3730607627666451
KLC1,83,0.38744763940097726,0.3733031674208145
CHIC2,123,0.383078315475551,0.3733031674208145
GSR,77,0.7215370619142564,0.37411118293471235
FKBP8,218,-0.2763583497608227,0.37411118293471235
SYVN1,55,0.35382525947792415,0.3742727860374919
KARS,61,0.5254366375481228,0.3745151906916613
RP11-307C12.13,60,-0.4473896916222277,0.37532320620555915
BRD9,139,0.49891960976502525,0.3755656108597285
EXT1,103,0.27824948487119,0.3757272139625081
SBSN,140,0.690516707037027,0.37588881706528765
RANBP9,64,0.4179208453038351,0.37661603102779573
CTDSP2,65,0.44368394136891626,0.3779896574014221
PCYOX1,57,-0.5436050068815313,0.3780704589528119
THRA,76,-0.36303276123970707,0.3784744667097608
DDX1,125,0.41017197635782543,0.3792016806722689
IFT20,79,0.44590261930082875,0.3797672915319974
NELFCD,64,0.4179208453038351,0.3803329023917259
TRIB2,149,0.22826620223287614,0.3808177117000646
INO80C,148,-0.28674917597686106,0.3809793148028442
RB1,63,0.578385517497082,0.38114091790562377
SLC10A3,64,0.4179208453038351,0.3813833225597931
MTFR1L,99,-0.5818243291120199,0.38178733031674206
CWC25,96,-0.3164275229797038,0.3820297349709114
PRKAR2A,84,-0.3805467249274863,0.3825953458306399
SELENBP1,69,-0.43149464055999176,0.3826761473820297
MAGED2,167,-0.2284660776568088,0.3831609566903685
DDB1,202,0.31621733507020877,0.3834841628959276
PIKFYVE,110,0.28904393533998607,0.383726567550097
ZNF511,168,-0.21761869541981466,0.3838073691014868
TRIM27,95,0.248153060125054,0.38388817065287656
ABCC4,64,0.6041486135621632,0.3841305753070459
APPL2,59,-0.4787538625315637,0.38461538461538464
RICTOR,67,0.6787874144549203,0.38461538461538464
MRPL24,112,-0.42185973452916026,0.38501939237233357
DSTYK,86,0.31621733507020877,0.38501939237233357
DPY19L1,83,0.38744763940097726,0.38566580478345186
OGDH,64,0.4179208453038351,0.38574660633484165
PRPF31,125,-0.3541272080178191,0.38623141564318036
PLPP1,92,1.3823944116746927,0.38687782805429866
CA2,86,0.4467448230847512,0.38744343891402716
FAM126A,77,0.40315297184149007,0.38760504201680673
LAP3,139,0.4147472957599798,0.3878474466709761
KLF3,85,0.4272486474589523,0.3878474466709761
DEDD2,151,-0.36057501781585516,0.38817065287653524
FAM195A,69,0.3739328329264988,0.388251454427925
NUSAP1,70,0.39797830689314856,0.3883322559793148
GLRX3,184,0.4518510679735202,0.3889786683904331
HCFC1R1,200,0.3543230838586022,0.3889786683904331
TMEM87A,140,-0.44646384847099885,0.3890594699418229
CFLAR,183,0.20279000020460716,0.3895442792501616
TSR2,134,-0.29011136825734035,0.3897058823529412
MGME1,124,-0.30259690737773465,0.3897058823529412
TBC1D5,64,-0.3283370199784632,0.3897058823529412
PDHB,137,-0.3711378108767655,0.38978668390433097
XXbac-BPG13B8.10,56,1.4157530086211236,0.3901906916612799
XPO1,162,-0.17784841037390656,0.3913219133807369
B3GNT5,109,0.2735309359686606,0.392049127343245
MRPL17,116,0.37877409599599643,0.39229153199741434
RP11-347P5.1,68,0.9070564021280347,0.39293794440853264
PRKCE,82,0.36712765502138206,0.39342275371687135
LNPEP,134,0.27171622498613274,0.39342275371687135
DTYMK,74,0.3365552231124663,0.3937459599224305
NMRAL1,60,-0.4473896916222277,0.3938267614738203
CDC123,156,0.306571197732666,0.39406916612798965
XPC,64,0.4179208453038351,0.39455397543632836
TIMM8A,96,0.26596433624151566,0.3947963800904977
TMEM205,108,-0.4172885571001314,0.395442792501616
PAFAH1B3,186,0.40748539263752503,0.395442792501616
ITSN2,147,0.27684557278775557,0.395442792501616
CNOT1,127,0.3475815059795448,0.39576599870717516
COX11,84,0.5475428811766645,0.396574014221073
PANK2,77,0.2609993041600381,0.3968164188752424
UQCRC2,181,-0.3691806187286863,0.39705882352941174
STT3A,74,0.49034232504180886,0.3972204266321913
RBM14,119,-0.3095935022782484,0.3973012281835811
COL13A1,113,-0.40527685033355726,0.3973012281835811
ZBTB21,60,-0.4473896916222277,0.3974628312863607
WBP5,56,-0.5771575665925576,0.39827084680025854
BCCIP,66,0.4689950298981048,0.39899806076276667
MFSD1,98,-0.2787078570305461,0.3994828700711054
SCAMP1,63,-0.3571918826506489,0.40085649644473176
C2orf49,90,0.27083933996239196,0.4018261150614092
C1orf52,208,-0.3630327612397097,0.40214932126696834
UCHL3,152,-0.2937898900797108,0.4024725274725275
TDRD3,194,-0.5337234953675672,0.40279573367808663
SRSF1,160,0.3494797892019585,0.4035229476405947
EDARADD,91,0.28957590254397825,0.4040077569489334
TOB2,200,-0.2723029850641361,0.40441176470588236
GSTZ1,68,0.5183227422616733,0.4048157724628313
ATP2B4,56,-0.440511513917427,0.4054621848739496
HARS,63,-0.3571918826506489,0.40578539107950873
GCLM,80,1.9588953336476518,0.40578539107950873
FGFR1,63,0.578385517497082,0.40627020038784745
TINF2,70,-0.5163835381465046,0.40740142210730446
P2RX4,62,-0.5129082096586142,0.40756302521008403
KIF22,155,-0.41752525850195454,0.40804783451842275
SFXN3,59,0.6787874144549177,0.40925985778926954
SSBP4,100,-0.4070319540060873,0.40934065934065933
EEF1E1,94,0.3443683753843576,0.4107950872656755
YTHDF3,115,-0.4423216710443471,0.41095669036845506
WDR47,69,-0.43149464055999176,0.41103749191984484
SUMF2,92,-0.3062104222058351,0.411360698125404
SLC50A1,68,0.3494797892019585,0.41168390433096314
TPP2,62,0.5521539759239011,0.4118455074337427
E2F4,60,-0.4473896916222277,0.4119263089851325
TM9SF2,201,0.41924199470100504,0.4120071105365223
TSEN15,66,-0.39626329080634465,0.41265352294764057
APC,56,0.3838824933341028,0.41273432449903036
PSTPIP2,75,0.35909779176355566,0.41281512605042014
RNF126,62,-0.3866356605431319,0.4129767291531997
SPIRE1,66,-0.2723029850641361,0.41346153846153844
ARFGAP2,101,-0.4671529464436575,0.4135423400129282
OSBPL1A,72,-0.4634346581975453,0.41402714932126694
ECHDC1,80,-0.5672562749461744,0.41418875242404657
UBXN10-AS1,163,0.24679984624613588,0.4145119586296057
FAM134A,60,-0.4473896916222277,0.4147543632837751
THAP11,82,-0.520335227558683,0.4158855850032321
EIF2S3,192,-0.3043387669806871,0.41596638655462187
KRCC1,124,-0.3690004844993493,0.41612798965740144
HOTAIRM1,68,0.3494797892019585,0.41661279896574016
GLTP,68,0.3494797892019585,0.41677440206851973
FNDC3A,130,0.30178304717066307,0.4168552036199095
DCK,58,-0.3756603695674594,0.4169360051712993
IDNK,108,-0.2653038443944266,0.4170168067226891
BZW2,70,-0.28834795163945626,0.417420814479638
RNF4,113,0.3346065127204283,0.4181480284421461
SLC25A29,61,0.3377504966198517,0.4183096315449257
ZNF830,65,-0.30004797554704105,0.41839043309631546
CH17-340M24.3,61,0.5254366375481228,0.41855203619909503
C19orf66,78,-0.519151963156991,0.41855203619909503
MAT2B,107,0.34273821132290366,0.4194408532643827
PDGFA,96,-0.22873166952811774,0.41968325791855204
PSMC2,180,-0.2876900129479084,0.4200064641241112
ARMC10,106,-0.21954116765017556,0.42032967032967034
MRPS31,96,-0.4834840144439611,0.42073367808661927
COX19,83,0.25609634263263853,0.4209760827407886
PHF10,166,-0.23939563781506615,0.421218487394958
MED19,90,0.27083933996239196,0.42138009049773756
ZRANB2,144,-0.2201010570686287,0.4218648998060763
ARRDC3,93,0.3263344525540958,0.422349709114415
CDK13,78,0.424686133391133,0.422349709114415
POR,96,0.37977371151555706,0.4229153199741435
MAP3K7,71,0.42162957495779424,0.4241273432449903
KDM3B,60,0.49821516881309863,0.42436974789915966
COPA,217,-0.24566155253790556,0.42453135100193923
KIF20B,70,0.5660194842929687,0.42501616031027795
AKIRIN2,174,0.29464392312185883,0.42550096961861666
ZDHHC17,55,-0.4740640736284532,0.42566257272139624
STAMBP,84,-0.3805467249274863,0.42606658047834517
IGFBP2,55,0.8003493943358325,0.42622818358112474
MATK,66,-0.39626329080634465,0.42630898513251453
USP9X,98,0.30094047448448824,0.4263897866839043
HMOX1,158,-1.1081034050429714,0.42687459599224303
MED17,85,0.4272486474589523,0.4269553975436328
DENND5A,55,0.5644547389759219,0.4270361990950226
SNAP29,100,-0.4070319540060873,0.4271170006464124
CYFIP1,81,0.34651737534609534,0.4271978021978022
HCLS1,111,0.2088735866560026,0.4276018099547511
UTP6,71,-0.3785457606110325,0.42849062702003876
PPP2R3C,147,-0.2416612864483233,0.42865223012281833
NDUFS1,77,-0.3389872872730573,0.4287330316742081
LINC00998,78,-0.519151963156991,0.4288946347769877
SCARB2,56,-0.440511513917427,0.4289754363283775
LYZ,123,0.6787874144549177,0.42962184873949577
UFL1,117,-0.4100813340441382,0.42994505494505497
SCYL1,71,0.2667337736148954,0.43018745959922433
ZNF12,61,0.5254366375481228,0.4309954751131222
PSMG3,75,-0.38748580496424745,0.43115707821590177
HERC1,146,0.19336058728467462,0.43115707821590177
FBXW5,176,0.37713171459381495,0.43123787976729155
DDX27,165,0.3334334706467428,0.4314802844214609
CYC1,169,0.3084189645098029,0.43236910148674856
TRIM44,123,0.4768590956781866,0.43236910148674856
LINC00969,87,0.46598104194766843,0.43317711700064643
UPF3A,188,-0.16173437153788683,0.4340659340659341
CYB561A3,63,0.7847208592039823,0.43430833872010344
GNB4,56,0.3838824933341028,0.43479314802844216
NCBP2,160,0.281156191779689,0.43487394957983194
SUCLG1,196,0.3768067283806075,0.4350355526826115
BTN2A1,66,0.4689950298981048,0.43826761473820297
MBNL2,135,0.36562952919528785,0.43842921784098254
SDCCAG8,65,-0.4245523352377668,0.4387524240465417
TFDP2,137,-0.24965932452004613,0.43891402714932126
RBM5,106,0.4329360202944799,0.43891402714932126
GJA1,76,-0.760416395954677,0.43899482870071105
DCAF12,91,0.28957590254397825,0.43907563025210083
RBCK1,112,-0.42185973452916026,0.43939883645766
POLG2,87,-0.4995498268035944,0.43947963800904977
RP11-452F19.3,74,-0.41236047360327555,0.43956043956043955
ARHGEF2,155,0.2269131469957034,0.4398028442146089
RNF115,161,-0.18903214886658007,0.44028765352294763
AMHR2,99,-0.42576851658767356,0.440530058177117
VAV1,68,0.3494797892019585,0.4410148674854557
JOSD2,126,0.334223123124525,0.44125727213962507
LRCH1,93,0.3263344525540958,0.4421460892049127
CSRNP2,81,-0.3493361864594699,0.4427117000646412
UTP23,92,-0.2142973816285721,0.442792501616031
PDCD2,128,0.2754317202237116,0.4428733031674208
WBP4,95,0.36217965150081927,0.4428733031674208
LINC00116,199,0.402417372059647,0.4428733031674208
TATDN1,134,-0.29011136825734035,0.44368131868131866
EFCAB14,151,0.3963876837541922,0.44432773109243695
UBA2,164,0.257254203883303,0.44481254040077567
ZNF277,134,-0.5293207808752827,0.44481254040077567
RNF8,69,-0.3145794932126372,0.44505494505494503
USP36,71,0.2667337736148954,0.4451357466063348
MAML1,107,-0.28227692299813945,0.445458952811894
GALK1,100,0.44807972490646686,0.4456205559146736
BFAR,128,-0.24459130394216808,0.4461053652230123
VEZT,79,0.30439189967342073,0.4461053652230123
MTHFD1,72,0.44489935428064004,0.44642857142857145
DCTPP1,154,0.2846286448519909,0.44699418228829996
MEA1,175,-0.2436440320493774,0.44707498383968974
SMNDC1,139,0.3339109865934757,0.4474789915966387
TMEM98,160,-0.30677107315659863,0.44772139625080803
ZBTB8OS,166,0.3436653932576996,0.44869101486748547
SREBF1,57,0.41332627122658583,0.44949903038138334
AUP1,174,-0.30259690737773465,0.4496606334841629
SREBF2,84,0.5475428811766645,0.4509534583063995
WHAMM,67,0.32460512056293034,0.4510342598577893
HOPX,77,-0.5436050068815313,0.45176147382029735
PSMD11,178,0.3332467623456064,0.45248868778280543
NAE1,84,-0.4748922567975141,0.45248868778280543
GPAA1,111,-0.2920662398855659,0.45248868778280543
PHKG2,65,-0.30004797554704105,0.4531351001939237
PFDN4,115,0.3642012949087253,0.45361990950226244
ZFAND3,74,0.3365552231124663,0.4538623141564318
RP11-138A9.1,78,0.424686133391133,0.45523594053005817
GTF2H1,77,-0.4432031099236905,0.45523594053005817
GPR108,78,0.2828587381237778,0.45523594053005817
UCKL1,66,-0.2723029850641361,0.4555591467356173
DDX41,63,0.22058205601970135,0.4556399482870071
AP3D1,74,-0.41236047360327555,0.45596315449256625
KCNQ1,100,-0.4858895090252438,0.4561247575953458
FMNL1,94,0.5938985168684049,0.4562863606981254
INPP1,172,0.47104176908287076,0.45709437621202326
CLEC11A,69,-1.9221166301352617,0.4581447963800905
FAM104A,93,0.21185693090206334,0.4581447963800905
ADAMTS1,69,0.3739328329264988,0.458710407239819
SLC35B1,87,-0.31593764350440784,0.45887201034259856
LARP1,165,0.20381494492184435,0.45943762120232706
CRNDE,106,0.9252993643760492,0.4604880413703943
PHF11,57,-0.4077215787997578,0.46064964447317386
HSPG2,97,0.39715578974379184,0.4612152553329024
KIF2A,62,-0.2540983896865446,0.4612152553329024
NRIP1,75,0.35909779176355566,0.4614576599870718
LYRM2,86,-0.33715412941410366,0.4620232708468003
SPAG16,68,0.3494797892019585,0.46275048480930836
COG3,64,0.4179208453038351,0.46291208791208793
EXOSC1,76,-0.36303276123970707,0.4631544925662573
DDX52,82,0.36712765502138206,0.4635585003232062
ORAI2,57,0.41332627122658583,0.4638009049773756
VPS53,82,0.5077418731186895,0.46404330963154494
ERICH1,106,-0.3769551374720787,0.46412411118293473
SHARPIN,82,0.36712765502138206,0.4644473173884939
MKRN1,172,-0.12334979833166518,0.4644473173884939
DYRK2,130,0.4757603179854027,0.46468972204266323
EEA1,126,0.2485901080050695,0.4648513251454428
CNN2,83,-0.4027424710416809,0.4648513251454428
IKBIP,129,0.2886675473804056,0.46517453135100195
MRPL35,75,0.35909779176355566,0.4653361344537815
CREBBP,86,0.31621733507020877,0.46590174531351003
KIFAP3,55,0.35382525947792415,0.46630575307045896
ADCY7,128,0.44988168615979673,0.4665481577246283
KIF13B,127,0.2620733373686918,0.4671945701357466
LSM10,183,0.31931324836317376,0.4673561732385262
UBFD1,59,0.4704701783301936,0.4677601809954751
GMPS,100,0.2279178093210462,0.4684873949579832
SSBP2,85,-0.2612052761808032,0.46872979961215255
TMEM9B,160,-0.30677107315659863,0.46881060116354234
ETFA,126,-0.20543627098695807,0.46969941822883
SERPINF1,56,-0.440511513917427,0.47107304460245636
ASB8,63,-0.3571918826506489,0.47115384615384615
RNF11,127,0.17987735792105486,0.4720426632191338
RAP2C,61,-0.41669289439931056,0.4720426632191338
REV3L,121,0.2655103730405104,0.47220426632191337
MSL3,102,0.36844729384276625,0.47236586942469294
HUWE1,131,0.3998114647521023,0.47285067873303166
UBE2J2,89,0.2518562365948206,0.47357789269553974
SPRY2,154,-0.32420262815089357,0.4737394957983193
APOA1BP,119,0.3273150439535416,0.4749515190691661
PEF1,114,-0.24343146463468818,0.47519392372333547
ZSCAN16-AS1,128,0.2754317202237116,0.4755979314802844
SLC25A11,128,-0.3104058305885012,0.47584033613445376
HMGCS1,93,0.3263344525540958,0.47592113768584354
PMVK,116,-0.35664207508267953,0.4761635423400129
CYR61,57,-0.2646290571787159,0.47640594699418226
UBA1,100,0.3350886968963353,0.47648674854557205
HCFC1,64,-0.3283370199784632,0.4765675500969619
MYO1D,63,-0.3571918826506489,0.4776179702650291
GOLGA3,98,0.30094047448448824,0.4776987718164189
NUMB,118,-0.2540983896865446,0.47850678733031676
COPS4,143,-0.2920662398855659,0.4788299935358759
CACUL1,101,0.24489088792475905,0.47923400129282484
C12orf10,157,-0.23465476599237928,0.47988041370394313
PAF1,62,-0.2540983896865446,0.48036522301228185
RBL2,62,-0.2540983896865446,0.4806076276664512
TNF,157,0.6997724395842536,0.4807692307692308
CTDSP1,120,-0.29424553794481373,0.48214285714285715
HK2,77,0.40315297184149007,0.48222365869424694
GRAP2,186,0.5343975051197433,0.48287007110536523
IER5L,84,-0.3805467249274863,0.484082094376212
RRM1,58,-0.3756603695674594,0.48464770523594053
IRF7,70,0.24268829964824565,0.4855365223012282
TBC1D23,87,-0.21907980050812859,0.4861021331609567
POP5,120,-0.29424553794481373,0.48618293471234647
NELFB,67,0.32460512056293034,0.48642533936651583
FRAT2,63,0.22058205601970135,0.48820297349709113
ZMAT3,156,-0.2462894664757806,0.48820297349709113
GSS,68,0.3494797892019585,0.48860698125404006
VTA1,56,0.3838824933341028,0.48933419521654814
TARSL2,82,-0.3267936178083805,0.4896574014221073
DCP2,71,-0.2625848555743751,0.48973820297349707
RPF1,109,0.17767896505240743,0.48981900452488686
SH3GLB2,86,-0.33715412941410366,0.4902230122818358
TP53RK,117,-0.19638289183025703,0.49038461538461536
ERG,66,-0.39626329080634465,0.49038461538461536
VAMP3,138,0.16859268213573206,0.49054621848739494
SGMS1,67,-0.3685183003234397,0.49159663865546216
MT1F,88,0.48496414531523985,0.49167744020685195
NDUFV3,73,-0.32747157601676274,0.4928894634776988
ORMDL2,83,0.5277796263552347,0.4934550743374273
CXCL2,95,-0.5032472692653909,0.4936166774402069
NAPA,163,0.18282991979250843,0.4941014867485456
ADD3,130,0.219954797296391,0.4953943115707822
DENND4C,106,0.4329360202944799,0.49547511312217196
RNASEH2A,93,0.4474618683484619,0.49555591467356175
AARD,176,0.6510424239720127,0.4958791208791209
DBNL,124,-0.3690004844993493,0.49612152553329025
NUP62,68,0.3494797892019585,0.4965255332902392
FLI1,125,-0.3541272080178191,0.4975759534583064
CTNND1,61,0.3377504966198517,0.49781835811247577
HLA-DPA1,96,0.37977371151555706,0.49797996121525534
BCL2L11,100,0.6951818527055865,0.4982223658694247
MRPL55,138,0.3216846842602158,0.49862637362637363
SORT1,83,-0.4027424710416809,0.49919198448610214
CCBL2,71,0.2667337736148954,0.4993535875888817
EP300,136,0.21878318416458195,0.5006464124111183
NIP7,69,0.5423682162283231,0.5008080155138979
RNF6,100,0.2279178093210462,0.5008888170652877
EBNA1BP2,175,0.2431136224817744,0.5016160310277957
MED11,75,-0.2781438636531943,0.5018584356819651
SKI,113,0.2394079548041131,0.5020200387847447
RRP1B,155,-0.2025680890464627,0.5025048480930834
NT5C3A,106,-0.1369797474188854,0.502666451195863
ALDH2,88,-0.5651381684311716,0.5028280542986425
HAAO,89,-0.3671784394972622,0.5032320620555915
BIN2,129,0.37393283292649626,0.5034744667097608
AKAP5,92,0.5584931807372054,0.5048480930833872
CTSZ,192,-0.21575207803706165,0.5050096961861668
RAB5B,61,-0.41669289439931056,0.5052521008403361
CCDC25,141,-0.3179448717111719,0.5054137039431157
EGLN2,81,0.34651737534609534,0.5054945054945055
ALG3,55,0.35382525947792415,0.5059793148028442
LIX1L,117,-0.26961138905786997,0.5065449256625727
NFE2L1,77,-0.2304471216218989,0.5067065287653523
PI4KB,57,-0.4077215787997578,0.5073529411764706
YIPF5,94,0.2301191372947922,0.5076761473820297
SETX,75,0.5125380711560035,0.5084841628959276
ETS1,64,0.4179208453038351,0.5089689722042663
ERI3,66,-0.2723029850641361,0.5091305753070459
CDC42EP4,64,-0.19695448258293674,0.5091305753070459
MCTP1,217,0.18543367151304663,0.5091305753070459
ZMYND11,90,-0.25409838968654713,0.5102617970265029
SRP54,167,0.16266379006175746,0.5102617970265029
ARRB2,217,0.2825442884623598,0.510585003232062
PIN1,209,0.2688676752107201,0.5112314156431803
HNRNPUL1,131,0.15436645566881374,0.5113122171945701
IREB2,131,0.23307029708664848,0.5113930187459599
CAV1,97,0.39715578974379184,0.512120232708468
FUT11,58,0.44218113389877145,0.512120232708468
KBTBD2,61,0.3377504966198517,0.5122010342598577
B4GALT1,149,0.37393283292649626,0.5124434389140271
TM6SF1,101,-0.3075376486480058,0.512847446670976
SENP5,104,0.40105195927469317,0.513251454427925
TSPAN3,57,0.22341782114085584,0.5138978668390433
GPATCH8,76,-0.36303276123970707,0.513978668390433
TMEM126A,200,-0.18619432518474152,0.5143018745959922
ADD1,127,-0.2588755299484167,0.5156755009696187
WDR74,94,0.3443683753843576,0.516321913380737
DHRS4L2,102,-0.3702734039959697,0.5164027149321267
KLHDC10,77,0.40315297184149007,0.5165643180349063
POLR2H,209,-0.14994115839525424,0.5176147382029735
PCNX,110,0.19336058728467717,0.5177763413057531
VPS25,79,-0.4951064891903412,0.5183419521654816
ATP6V1B2,98,0.30094047448448824,0.5186651583710408
CUTC,102,-0.3702734039959697,0.5190691661279897
WDR41,124,0.2212396198601134,0.5195539754363284
MFSD14A,86,0.31621733507020877,0.5204427925016161
KIAA1549,120,0.3414592262738108,0.5213316095669037
TSN,98,0.30094047448448824,0.5215740142210731
FLYWCH2,96,-0.22873166952811774,0.5216548157724629
MTRF1L,80,-0.16173437153788428,0.5221396250808016
WIPF1,195,0.3113825616416459,0.5223820297349709
CRKL,69,0.3739328329264988,0.5226244343891403
GPBP1L1,133,0.25894892891225446,0.5228668390433097
EMC10,154,-0.269844194454678,0.5239980607627667
C21orf2,121,0.2655103730405104,0.524240465416936
SUSD6,61,0.3377504966198517,0.5245636716224952
UBALD2,125,0.23497967648641738,0.5248868778280543
NMI,101,-0.3075376486480058,0.5252908855850033
SMARCA2,91,0.28957590254397825,0.5252908855850033
RASGRP4,55,-0.32948020152868346,0.525371687136393
YBEY,93,-0.19480120600277315,0.5260989010989011
JAGN1,80,0.32560838558311656,0.5264221073044603
GANAB,83,0.38744763940097726,0.5265837104072398
C1orf131,57,0.41332627122658583,0.5267453135100194
PIGBOS1,55,-0.32948020152868346,0.5272301228183581
KIN,92,-0.2142973816285721,0.5273109243697479
MRPL23,163,0.24679984624613588,0.5281997414350356
ISOC1,71,-0.2625848555743751,0.5287653522947641
SUDS3,69,-0.19213263638015265,0.5289269553975436
CARHSP1,101,0.24489088792475905,0.53030058177117
ACIN1,142,-0.18466206967361035,0.5306237879767292
PLIN3,181,0.18386913830737991,0.5308661926308985
REXO4,101,0.24489088792475905,0.5315126050420168
CDYL,64,0.24729939439547968,0.5320782159017453
GTPBP8,69,-0.3145794932126372,0.5320782159017453
KIAA1522,151,0.32246818991355475,0.5323206205559147
MFSD10,148,0.1473743820104965,0.5324014221073045
PKN1,87,0.21312384210610444,0.5328054298642534
C1D,143,-0.23275635787465515,0.5332902391725921
PGBD5,58,-0.5108150717638621,0.5333710407239819
RSRC1,107,0.2419953625355549,0.5335326438267615
PDE3A,56,-0.440511513917427,0.5337750484809308
GGH,73,0.46779975639071947,0.5337750484809308
CRYZL1,81,-0.3493361864594699,0.5343406593406593
TOMM70A,57,0.41332627122658583,0.5345022624434389
C8G,62,0.5521539759239011,0.5345830639948287
MGST2,129,0.37393283292649626,0.5357142857142857
PLEKHA3,153,0.20463169961969702,0.5358758888170653
DOCK8,68,0.3494797892019585,0.5369263089851325
PDCL,164,-0.3127675172888238,0.5370071105365223
CDH12,57,-0.4077215787997578,0.5371687136393019
ENDOG,55,0.35382525947792415,0.5379767291531997
TMX2,77,0.2609993041600381,0.5380575307045895
UBE2C,64,0.8100319477331709,0.5383807369101486
GSKIP,60,0.31000550613694666,0.5393503555268261
NOA1,57,0.22341782114085584,0.5395119586296057
TUSC1,66,0.2992940320337418,0.5408047834518422
MRPS14,98,-0.3630327612397097,0.5408047834518422
EI24,71,0.2667337736148954,0.5413703943115707
PNPLA2,119,-0.3785457606110325,0.5414511958629605
REXO2,215,0.16944796734034862,0.5417744020685197
MAML2,158,0.3281850108387301,0.5419360051712993
FAM208B,61,0.3377504966198517,0.5425016160310278
RAP2A,90,0.39266939550808255,0.5425016160310278
CMAS,70,-0.28834795163945626,0.5427440206851971
FAM208A,63,0.578385517497082,0.5427440206851971
ATF1,90,0.27083933996239196,0.5432288299935358
HACD1,132,-0.1888280324201587,0.5439560439560439
CNTRL,57,-0.2646290571787159,0.5439560439560439
PPP2R1A,140,-0.33106037150142936,0.5443600517129928
SNRNP40,106,-0.452264695343104,0.5444408532643826
SCCPDH,168,0.17296879845349583,0.5452488687782805
ZFC3H1,100,0.2279178093210462,0.5454912734324499
DPM1,73,-0.2123990984061584,0.5456528765352294
CFD,199,0.290757350079254,0.5460568842921784
NUB1,112,-0.19934058201606875,0.5462992889463477
TMED3,98,-0.2787078570305461,0.5467032967032966
TGS1,97,-0.29744441961213236,0.5471881060116355
ATP2C1,92,0.3080722461613669,0.5475921137685844
SEMA4D,99,-0.3442961986581234,0.5486425339366516
GYG1,99,-0.2602115134131574,0.5491273432449904
DUSP23,190,0.26712464195673125,0.5494505494505495
POLD2,60,-0.4473896916222277,0.5495313510019393
ORAI3,56,-0.29669026641101426,0.5499353587588882
ETV5,57,-0.2646290571787159,0.5499353587588882
ZNF791,67,-0.2450815163291119,0.5500969618616678
RAD50,64,-0.3283370199784632,0.5503393665158371
TNPO1,102,0.261666600675587,0.5504201680672269
IMMP1L,104,-0.2540983896865446,0.5506625727213963
NR1D2,91,0.28957590254397825,0.5509857789269554
GAPVD1,89,-0.1781495364532467,0.5513089851325146
BRD4,196,0.3200735219056905,0.5513897866839044
CHCHD7,76,0.3812935378777503,0.5515513897866839
SOCS5,59,0.4704701783301936,0.5519553975436329
RORA,63,0.3916893037306542,0.5520361990950227
NCOR2,116,0.2840309462247419,0.5521978021978022
RBMX2,117,-0.19638289183025703,0.554945054945055
AP1M1,65,-0.30004797554704105,0.5552682611506141
DDB2,64,0.4179208453038351,0.5555914673561733
NRP2,82,0.2354860629573518,0.555672268907563
UROD,87,-0.21907980050812859,0.556076276664512
EXTL3,67,0.32460512056293034,0.5565610859728507
CDS2,91,0.28957590254397825,0.5571266968325792
TUBA4A,65,0.44368394136891626,0.5572882999353588
CDC16,64,0.4179208453038351,0.5576115061409179
TRIM24,147,-0.1827878986005721,0.5576115061409179
NSD1,70,0.24268829964824565,0.5580155138978669
NAA15,77,0.40315297184149007,0.5582579185520362
USP1,141,0.2055868896179345,0.5589043309631545
C7orf50,184,-0.24747291287150783,0.5589851325145443
FAM65A,69,-0.19213263638015265,0.5595507433742728
UBE2Q1,70,0.39797830689314856,0.5605203619909502
FNIP1,141,-0.13490903447651312,0.5612475759534583
CCNL2,101,0.24489088792475905,0.5612475759534583
PCSK7,95,-0.335663741842621,0.5623787976729153
C19orf25,124,-0.23443614270950913,0.5624595992243051
NOP14,56,0.3838824933341028,0.5629444085326438
SRRT,71,-0.3785457606110325,0.5631868131868132
AKT3,63,-0.2252435270143589,0.5633484162895928
GOLGA7,150,0.17055070437658862,0.5633484162895928
C9orf142,148,0.2883871946704463,0.5638332255979315
DEF8,100,-0.1552026341061521,0.5639140271493213
MEX3C,73,0.31365482100238684,0.5639140271493213
ASMTL,110,0.19336058728467717,0.5640756302521008
BRAF,79,0.5980561423420607,0.5649644473173885
SGSM3,85,0.1733228340481294,0.5663380736910149
ARF5,108,-0.2653038443944266,0.5665804783451842
BROX,67,0.16804949875548858,0.5670652876535229
FAM35A,61,-0.2835421675790276,0.5673884938590821
MSL2,58,-0.3756603695674594,0.5675500969618616
VGLL4,71,-0.2625848555743751,0.5681157078215902
CCDC82,209,0.37393283292649626,0.5686005171299289
AP3B1,69,0.3739328329264988,0.5687621202327084
UBE2Z,148,0.21672458035018533,0.5707013574660633
GATA1,115,0.17848731080314442,0.5715093729799612
AHCTF1,82,0.2354860629573518,0.5722365869424693
EVI5,68,-0.21836417795333357,0.5729638009049773
FAM98C,57,-0.2646290571787159,0.5732870071105365
NUP50,207,0.3043918996734182,0.5732870071105365
SUPT5H,90,0.27083933996239196,0.5734486102133161
EXOSC6,80,-0.26916583777548647,0.5734486102133161
RPAP3,68,-0.21836417795333357,0.5737718164188752
SCFD1,93,0.3263344525540958,0.573852617970265
PLSCR1,104,0.5132973843529476,0.5746606334841629
SLC2A4RG,71,0.2667337736148954,0.5751454427925016
ELP5,117,0.39320116663127636,0.5766806722689075
VBP1,176,-0.18396574626177803,0.5766806722689075
YEATS4,95,0.248153060125054,0.5768422753716871
CCZ1,82,-0.22442752301020247,0.5771654815772462
SNHG25,101,0.35186440964716326,0.5782967032967034
PRKCSH,78,0.2828587381237778,0.5782967032967034
DLD,73,-0.2123990984061584,0.5784583063994829
SLC33A1,82,-0.3267936178083805,0.5786199095022625
UBTF,109,0.2735309359686606,0.5786199095022625
DDX50,65,-0.30004797554704105,0.5787815126050421
ABHD14A,61,-0.2835421675790276,0.5794279250161604
CCDC92,80,-0.26916583777548647,0.5801551389786684
RAB37,91,-0.32624817544238033,0.5804783451842276
ZMYND8,115,0.5682878731893655,0.5806399482870072
PARP4,107,-0.28227692299813945,0.5808015513897867
FAAP20,154,0.35576263001197883,0.5811247575953459
TIA1,106,0.32688426012206767,0.5812863606981254
MXD4,214,-0.19067300954491015,0.581851971557854
FKBP3,203,0.271129445541671,0.581851971557854
SNX8,74,-0.6195538601148292,0.5820943762120233
ZFAND6,196,0.10720394353496175,0.5833063994828701
PTPRA,172,0.2134681607332493,0.5840336134453782
MRPL27,190,0.32417979772939903,0.5845992243051067
NFKBIE,74,-0.41236047360327555,0.5854880413703943
TBRG1,192,-0.12389102039321453,0.5856496444731739
PPP3R1,141,0.2055868896179345,0.5857304460245637
RAB11FIP1,140,-0.27140228577413944,0.5864576599870718
NFU1,64,0.24729939439547968,0.5864576599870718
SMC1A,73,0.31365482100238684,0.5867000646412411
ITPA,126,-0.13565693238900556,0.5867808661926309
CSF1,196,0.3200735219056905,0.5883968972204267
SMCHD1,160,0.21497440039073873,0.5884776987718164
HACD2,74,0.19336058728467462,0.5884776987718164
PPA2,67,-0.3685183003234397,0.5884776987718164
DDX54,68,0.19336058728467717,0.5890433096315449
ANKRD39,56,-0.29669026641101426,0.5895281189398837
USP4,57,-0.2646290571787159,0.5899321266968326
GCNT4,61,0.3377504966198517,0.5900129282482224
MTF2,93,-0.19480120600277315,0.5902553329023917
EFHC2,67,-0.3685183003234397,0.5906593406593407
ANKRD13D,72,0.29038504167954104,0.5909825468648998
C2orf74,110,0.28904393533998607,0.5915481577246283
KCTD15,57,0.22341782114085584,0.592436974789916
EGLN1,216,0.4837269750896653,0.5928409825468649
AGPS,186,0.1749233390279993,0.5934873949579832
DHX33,55,0.35382525947792415,0.5936489980607628
ZMYM4,60,-0.31359940143520626,0.5938914027149321
AGA,76,0.23880355804584347,0.5939722042663219
LSR,58,-0.23326488626937983,0.5943762120232708
CHTF8,98,-0.2787078570305461,0.5944570135746606
SOCS6,138,-0.2364234973633521,0.59469941822883
RBFA,105,-0.23671631145830974,0.5950226244343891
TFPT,116,-0.28529301129013973,0.5957498383968972
EVI2B,175,-0.2436440320493774,0.5960730446024564
TTC17,77,-0.2304471216218989,0.5961538461538461
USP16,172,0.15369636971116252,0.5965578539107951
PTGR1,68,-0.3412968315884155,0.5966386554621849
DARS,115,-0.22757751343385224,0.5967194570135747
MRPL3,77,0.2609993041600381,0.5968002585649644
MRPS26,152,-0.1226669061630019,0.596961861667744
COPZ2,210,0.17701259319719012,0.5974466709760827
YARS,72,0.29038504167954104,0.5975274725274725
TM2D1,120,-0.29424553794481373,0.5979314802844214
MS4A4A,81,0.34651737534609534,0.5982546864899806
NIT2,158,0.19336058728467462,0.5982546864899806
MIB2,67,0.32460512056293034,0.5991435035552682
UQCC3,96,0.26596433624151566,0.599628312863607
NAA60,94,0.5938985168684049,0.5997091144149967
CTCF,78,0.1499679917712945,0.5999515190691661
DNM2,71,0.2667337736148954,0.6006787330316742
ATXN7,106,0.22596525271660411,0.6006787330316742
NSMCE2,55,-0.17639603269330204,0.6010827407886231
ZNF451,144,0.24165614432545682,0.6014059469941823
COMMD4,181,0.24145487548572198,0.6019715578539108
EEF2K,101,0.35186440964716326,0.6020523594053006
EMC3,180,-0.19247927142287755,0.6023755656108597
IFNAR1,86,0.31621733507020877,0.6025371687136393
TIMP2,147,0.205089879866784,0.6025371687136393
ABI3BP,60,0.49821516881309863,0.6032643826761473
NFATC2,107,-0.2025680890464627,0.6033451842275371
CBFA2T3,67,-0.2450815163291119,0.6042340012928248
RNPEP,83,-0.3045978716941859,0.6047188106011635
TOMM40,82,0.36712765502138206,0.6047996121525533
ZC2HC1A,81,0.21457707319437297,0.6067388493859082
OGFOD3,62,-0.2540983896865446,0.6073044602456367
OSGIN2,91,-0.2340606364500019,0.607546864899806
AAED1,201,0.15092532096427966,0.6088396897220426
TXNDC9,155,0.2269131469957034,0.6095669036845508
PSMF1,134,-0.22674790154159102,0.610617323852618
CYB5R4,62,-0.2540983896865446,0.6106981254040078
SMAP2,75,0.21626098939475405,0.6108597285067874
CDK5RAP3,69,-0.3145794932126372,0.6113445378151261
PIK3C2B,77,-0.3389872872730573,0.6115061409179057
VPS41,72,0.44489935428064004,0.611748545572075
DNAJB12,68,-0.21836417795333357,0.612152553329024
FAM173A,159,0.33887168963597647,0.6123949579831933
MAGOHB,112,0.2242215509894373,0.6154654169360052
OXA1L,92,0.19336058728467462,0.6157886231415644
CRNKL1,71,-0.2625848555743751,0.6168390433096316
PBX1,73,-0.43767156213246416,0.6175662572721397
PGGT1B,73,-0.2123990984061584,0.6179702650290886
UBAC1,85,0.1733228340481294,0.6179702650290886
PHACTR1,115,0.26930944051797506,0.6184550743374273
CCM2,81,0.21457707319437297,0.6195862960568843
GGCX,81,-0.24662326912439705,0.6199903038138332
KANSL1,82,0.11148358023026866,0.620071105365223
CAPN7,74,0.19336058728467462,0.620071105365223
GTPBP6,75,-0.2781438636531943,0.6201519069166128
NDST2,72,-0.23727376704518652,0.6205559146735617
RNF114,161,0.16153514142928005,0.6207983193277311
BLOC1S4,70,-0.1663695403150715,0.6208791208791209
IVD,73,-0.32747157601676274,0.6213639301874596
FSCN1,96,0.37977371151555706,0.6219295410471881
CCDC84,62,0.19336058728467717,0.6228991596638656
BBC3,87,0.21312384210610444,0.6229799612152553
PDCD7,88,-0.19846952083284186,0.6232223658694247
BAZ2B,95,-0.15658188377228457,0.6240303813833226
CMTR2,68,0.19336058728467717,0.6245151906916613
RGL2,90,-0.25409838968654713,0.6247575953458306
RIC8A,78,0.2828587381237778,0.6254040077569489
ZNF524,68,-0.3412968315884155,0.6255656108597285
ACVR1B,135,-0.14837598868286447,0.6259696186166774
SCAMP3,56,-0.29669026641101426,0.6262928248222366
ACAP2,219,0.15436645566881374,0.6266968325791855
YAF2,182,-0.12363521206045651,0.6271816418875242
ARMC8,89,-0.2744183740661423,0.627262443438914
NOV,114,0.4490901924952381,0.6275048480930834
SIGLEC8,65,-0.16920949210003178,0.6275048480930834
SLC25A37,63,-0.2252435270143589,0.6277472527472527
CLIC4,106,0.22596525271660411,0.6278280542986425
SCAF4,82,-0.3267936178083805,0.6279896574014221
DGCR6L,102,0.261666600675587,0.6279896574014221
MRPL32,202,-0.16821658425568586,0.6280704589528119
LSG1,103,0.1767777030890742,0.6291208791208791
OXLD1,72,-0.23727376704518652,0.6298480930833872
TMEM147,150,-0.20498062312185517,0.6300096961861668
YIPF3,104,0.19336058728467717,0.6303329023917259
SETD3,71,0.12239406593053344,0.6307369101486748
OTUD5,59,0.2817164617055245,0.6311409179056238
ZBED6,103,-0.2716924497012823,0.6313025210084033
RREB1,97,0.39715578974379184,0.6317065287653523
MYL6B,86,0.31621733507020877,0.6317873303167421
FAM195B,121,-0.13594703796828458,0.6319489334195216
TLK2,61,0.1656155968017722,0.6322721396250808
ADSL,75,-0.1639005807149683,0.6325953458306399
ITGB3BP,110,0.28904393533998607,0.6329993535875889
NOL11,94,0.2301191372947922,0.634453781512605
CHCHD3,153,0.13786547469297078,0.6345345830639948
ASNA1,87,0.3357135106960077,0.6345345830639948
HLA-DPB1,114,0.3494797892019585,0.6349385908209437
ZFAND2B,74,-0.18794605468161804,0.6355042016806722
NUAK1,119,0.2370819647139925,0.6359082094376212
CD200R1,116,-0.35664207508267953,0.6363122171945701
SP3,149,-0.21710418220434466,0.6369586296056884
SWAP70,83,0.1323925699932475,0.6387362637362637
RNF34,63,0.22058205601970135,0.6387362637362637
NCKAP1L,91,0.17462402470308835,0.639382676147382
TRIQK,55,0.16266379006176004,0.6398674854557207
C11orf96,57,-0.2646290571787159,0.6401906916612798
SDAD1,105,-0.23671631145830974,0.6402714932126696
P4HTM,56,0.19336058728467717,0.6404330963154492
MRPS22,202,-0.2540983896865446,0.6407563025210085
API5,93,-0.19480120600277315,0.6411603102779574
HLTF,87,-0.21907980050812859,0.6414835164835165
TMEM70,156,-0.1343038771518328,0.6414835164835165
NT5DC1,73,-0.2123990984061584,0.642049127343245
PGP,191,0.1664772931337284,0.6423723335488042
CDK11B,137,-0.18667046216625488,0.642453135100194
IL13,99,-0.3442961986581234,0.6425339366515838
MRPS9,86,0.19336058728467462,0.6430187459599225
TMEM30A,117,-0.19638289183025703,0.6433419521654816
RNF5,183,0.2602524709398469,0.6437459599224306
SRM,113,0.3346065127204283,0.6452811893988365
SF3B4,166,-0.23939563781506615,0.6453619909502263
THAP1,66,-0.2723029850641361,0.645846800258565
ARID1B,123,-0.10665273117424663,0.6459276018099548
GRINA,72,0.14643953989718317,0.6462508080155139
SPG20,204,-0.150460113451528,0.6464124111182935
KATNA1,93,0.21185693090206334,0.6464932126696833
FLG,70,0.7497539358090615,0.6465740142210731
TMBIM1,216,0.13045383572448518,0.6468972204266322
POLR2A,152,0.2623471974759845,0.646978021978022
PLEK,96,0.15795525115347775,0.6472204266321914
CLPP,90,0.27083933996239196,0.6473012281835812
ZNF275,88,0.23262001773190338,0.6473820297349709
FAM76B,57,0.22341782114085584,0.648109243697479
ZNF639,81,0.21457707319437297,0.6483516483516484
SYK,64,-0.19695448258293674,0.648513251454428
PRPS1,106,0.12958467685136263,0.648513251454428
SUPT6H,92,-0.2142973816285721,0.6486748545572075
GRWD1,56,0.3838824933341028,0.6487556561085973
DOCK5,62,0.19336058728467717,0.6488364576599871
SH3PXD2A,93,0.4474618683484619,0.6490788623141565
ZNF292,110,0.19336058728467717,0.6490788623141565
CHMP4B,210,0.17701259319719012,0.6494828700711054
TUBGCP2,152,-0.18103492749682235,0.649644473173885
TUBB6,185,0.22146592496503176,0.650775694893342
NMRK1,105,-0.15395282602259827,0.6510989010989011
ZNF224,68,0.19336058728467717,0.6512605042016807
CLIC2,87,0.7552394748927915,0.6521493212669683
TYW3,73,-0.2123990984061584,0.6527149321266968
COQ10B,182,0.19336058728467717,0.653038138332256
FBRSL1,75,-0.2781438636531943,0.6537653522947641
FAM212A,98,-0.2787078570305461,0.6542501616031028
WEE1,100,0.2279178093210462,0.6544117647058824
PITPNA,92,0.19336058728467462,0.6547349709114415
ARFRP1,96,-0.22873166952811774,0.6553813833225598
UTP11L,164,0.19336058728467717,0.6555429864253394
EPN1,64,-0.3283370199784632,0.6556237879767292
C1orf123,136,0.21878318416458195,0.6560277957336781
MRPS23,157,-0.17939176668037057,0.6565934065934066
CCPG1,109,-0.16920949210003178,0.656835811247576
SPRYD3,57,-0.2646290571787159,0.6569166127989657
PGM2,57,0.22341782114085584,0.6569166127989657
ACADM,105,-0.15395282602259827,0.6570782159017453
RHOT2,57,-0.2646290571787159,0.6571590174531351
ECI2,68,-0.21836417795333357,0.6574822236586942
WDR13,152,0.19336058728467462,0.657563025210084
MAGT1,126,0.16626692640240276,0.6576438267614738
ZNF264,92,0.3080722461613669,0.6583710407239819
RP3-477O4.14,59,-0.2025680890464627,0.6586134453781513
SMPDL3A,62,0.5521539759239011,0.658694246929541
EIF1AD,76,-0.14024931265032264,0.6593406593406593
CDC34,107,0.1457949040326207,0.6593406593406593
NSL1,73,-0.2123990984061584,0.6601486748545572
STARD3NL,70,0.24268829964824565,0.6608758888170653
HEBP1,92,-0.2142973816285721,0.6611182934712346
TRAK1,72,0.29038504167954104,0.6619263089851325
TFDP1,116,0.19336058728467462,0.6619263089851325
UBE2L6,89,0.37393283292649626,0.6621687136393019
CPQ,139,-0.22330799757309466,0.6625727213962508
TMEM261,122,-0.19366253582457213,0.6638655462184874
RFC1,157,-0.23465476599237928,0.6640271493212669
RAB4A,169,0.1232157632563986,0.6645119586296057
C19orf24,219,0.15436645566881374,0.6645927601809954
FIP1L1,146,0.12381965403159909,0.6645927601809954
DESI2,84,-0.1810349274968198,0.665158371040724
MZT1,123,0.12464783720066257,0.665885585003232
TCEAL1,90,0.15564092133551696,0.6667744020685197
JMY,55,0.35382525947792415,0.6668552036199095
PRKDC,173,-0.1129706525516676,0.6673400129282482
CREB3,94,-0.2669509917586063,0.6675016160310278
PREB,62,-0.2540983896865446,0.6675824175824175
PIGT,86,0.19336058728467462,0.6688752424046541
ARL8A,158,-0.11149399424374681,0.6692792501616031
ATXN3,67,-0.2450815163291119,0.6693600517129928
TRIM25,115,-0.22757751343385224,0.6702488687782805
UBXN8,67,-0.2450815163291119,0.6704104718810601
TENM1,59,0.4704701783301936,0.6704104718810601
IRF3,122,0.19336058728467717,0.6705720749838396
ACYP1,111,-0.13660482666810483,0.6709760827407886
PRKCD,83,-0.2025680890464627,0.6716224951519069
TMEM233,72,0.14643953989718317,0.6719457013574661
ARID1A,132,0.16748195545907119,0.6720265029088559
DAZAP1,149,0.1590090824938978,0.6730769230769231
TSPAN16,71,-0.3785457606110325,0.6731577246283129
SF3A1,113,0.14827269775613686,0.6733193277310925
MKKS,163,0.18282991979250843,0.6736425339366516
SAMD9,60,-0.17251085519028403,0.6738041370394312
IFI35,57,0.41332627122658583,0.6739657401422108
TMEM106B,83,0.1323925699932475,0.6739657401422108
LSM1,136,-0.13514016152617045,0.6742889463477699
GAPT,202,-0.2540983896865446,0.6743697478991597
MFSD2A,59,0.6787874144549177,0.6744505494505495
PDE12,70,0.24268829964824565,0.6746929541047189
SUPT20H,143,0.22973297694963624,0.6747737556561086
TRERF1,57,0.22341782114085584,0.6755817711700065
CENPC,91,-0.2340606364500019,0.6758241758241759
P2RX1,210,-0.18349371810628043,0.6760665804783452
ARHGAP1,81,0.21457707319437297,0.6764705882352942
FAM53C,94,0.2301191372947922,0.6765513897866839
CNPY2,197,-0.12400922564038404,0.6768745959922431
ANKH,61,-0.14306707729780102,0.6774402068519716
PKN2,100,0.1258537679263992,0.6774402068519716
IMMT,96,0.15795525115347775,0.6778442146089205
EIF4EBP1,134,0.19336058728467717,0.6780058177117001
FAM32A,166,-0.1872434149302936,0.6782482223658695
CDR2,69,-0.19213263638015265,0.6787330316742082
NSFL1C,107,-0.12020403466805747,0.6787330316742082
WAS,87,-0.21907980050812859,0.678813833225598
VPS13C,182,-0.17251085519028403,0.678813833225598
TRIM28,175,0.12557049774271126,0.6789754363283775
TRIP10,87,0.21312384210610444,0.6790562378797673
SAMD1,81,0.21457707319437297,0.6792178409825469
MAP1A,65,-0.16920949210003178,0.6796218487394958
RBM23,79,0.1718274257350343,0.6797834518422754
ABHD17A,150,0.17055070437658862,0.6797834518422754
AC147651.4,130,0.1411306285121197,0.6802682611506141
CNPY3,118,-0.32510650164957383,0.6804298642533937
TRIM56,74,0.49034232504180886,0.6805106658047835
MRPL4,115,-0.15177489876401226,0.6813186813186813
CTBP1,98,0.19336058728467717,0.6813994828700711
ARID3A,89,-0.1781495364532467,0.6814802844214609
IMPACT,76,-0.2540983896865446,0.6816418875242405
MIA3,85,0.1733228340481294,0.6818842921784098
CD4,83,-0.3045978716941859,0.6824499030381384
UTRN,61,0.3377504966198517,0.6830155138978669
SIRT1,114,0.16345910157081264,0.6830963154492566
ZZZ3,59,-0.2025680890464627,0.6835003232062056
ZC3H14,89,0.13640470247259978,0.6843083387201034
ANKRD17,122,-0.12122553226151776,0.6849547511312217
GSDMD,92,0.3080722461613669,0.6852779573367809
SIGIRR,88,0.11690852684680084,0.6855203619909502
CSNK1G2,58,-0.23326488626937983,0.6881868131868132
PMPCA,57,0.22341782114085584,0.6883484162895928
GPATCH4,60,0.13732655237035005,0.6885908209437621
ATM,76,-0.14024931265032264,0.6889140271493213
ORAI1,116,0.19336058728467462,0.6889140271493213
ANXA2R,72,-0.11618378314685478,0.6893180349062702
TAF11,131,-0.2025680890464627,0.6896412411118293
C14orf142,73,0.17009080796182885,0.6897220426632191
THUMPD1,184,-0.2005971938753413,0.6900452488687783
DCTN2,217,-0.12442777724176292,0.6901260504201681
MRPL50,74,0.19336058728467462,0.6902876535229476
PAIP1,117,-0.19638289183025703,0.6911764705882353
PWWP2B,73,0.17009080796182885,0.691661279896574
WDFY1,99,0.1084716896981644,0.6918228829993536
CPSF6,156,0.17141803440399955,0.6921460892049127
SEC22B,122,-0.26403092489780616,0.6922268907563025
FBXL3,159,-0.15658188377228457,0.6926308985132514
RLIM,71,-0.14105845178588292,0.6936813186813187
TPT1-AS1,55,0.16266379006176004,0.6937621202327084
TMEM109,126,0.16626692640240276,0.6940045248868778
PRKACA,62,0.19336058728467717,0.6940045248868778
FERMT3,196,0.15849012743762406,0.6945701357466063
TOX4,175,0.12557049774271126,0.6947317388493859
PIGC,62,0.19336058728467717,0.6957821590174531
SPG7,79,0.1718274257350343,0.6965093729799612
IARS2,111,-0.13660482666810483,0.696590174531351
ATP6AP1,174,0.11562083733510728,0.6970749838396897
SKIV2L2,70,0.09794102220599309,0.6973981900452488
PLRG1,79,-0.2920662398855659,0.697721396250808
PRELID2,110,0.19336058728467717,0.6979638009049773
C17orf62,95,-0.15658188377228457,0.6984486102133161
TOR4A,61,0.1656155968017722,0.6993374272786037
CYTH1,178,0.2721621549922718,0.6993374272786037
UBA7,64,-0.19695448258293674,0.6994182288299935
CHST2,127,0.17987735792105486,0.6994990303813833
CUEDC2,120,-0.2235640215384341,0.6997414350355526
CHST12,116,0.19336058728467462,0.7000646412411118
IL6R,81,0.21457707319437297,0.7004686489980607
FNBP4,141,0.06319329508009813,0.7007110536522301
AIF1,69,0.3739328329264988,0.7007918552036199
SMARCA5,194,0.08933752274144817,0.7009534583063994
ADAM8,149,0.22826620223287614,0.7012766645119586
SLC39A4,83,-0.3045978716941859,0.7018422753716871
TRIM33,120,0.16493217895815931,0.7020846800258564
REV1,66,0.14228640269040743,0.7021654815772462
LYRM5,123,-0.1789410301178053,0.7024078862314156
TCEAL3,211,-0.17490622226955668,0.7041047188106012
PLK3,93,0.21185693090206334,0.7045087265675501
NUTM2A-AS1,178,0.15501427563519427,0.7046703296703297
TMEM18,116,-0.13626189939268682,0.7052359405300582
WAPL,102,-0.11979729797495266,0.7053975436328378
GAN,58,0.2528615990333389,0.7059631544925663
LTN1,86,0.19336058728467462,0.7070135746606335
WBP2,187,0.076806329843914,0.7094376212023271
ATAD1,65,0.11605486111722652,0.7100032320620556
SP100,143,0.15758945626285378,0.7101648351648352
PLPP5,120,0.16493217895815931,0.7112960568842922
MOB2,83,-0.09614602991030699,0.7116192630898514
CSNK2A2,98,-0.10108677118058072,0.7117000646412411
SPTBN1,99,0.21074266551291201,0.7123464770523594
MICU1,92,-0.11885235276947272,0.7133968972204267
FAM136A,91,0.17462402470308835,0.7142857142857143
NXPE3,69,0.2182352559237053,0.7148513251454428
MRPS10,90,-0.15811178321670147,0.7154169360051713
RP11-467L13.7,84,-0.2827384377304461,0.7155785391079509
ZCCHC3,60,-0.31359940143520626,0.7159825468648998
AGTPBP1,55,-0.17639603269330204,0.716305753070459
OSTM1,85,0.1733228340481294,0.717032967032967
BNIP3,122,0.11050365488039338,0.7175985778926955
HTRA2,92,-0.11885235276947272,0.7180833872010343
TTC37,76,0.3812935378777503,0.7187297996121526
SKIL,124,-0.23443614270950913,0.7187297996121526
WDR61,133,-0.1752176009015066,0.7191338073691015
CWF19L2,104,0.19336058728467717,0.7206690368455074
PLAGL1,98,0.19336058728467717,0.7210730446024564
ATP6V1D,174,-0.10266564415992926,0.7213154492566257
PSEN1,103,-0.10241521974671784,0.7216386554621849
IFT57,86,-0.13890945182414516,0.7216386554621849
FAM102A,65,-0.16920949210003178,0.7216386554621849
MRPL40,206,-0.13291953214239421,0.7216386554621849
ZNF800,137,0.15604742881661804,0.721961861667744
POM121,78,0.1499679917712945,0.7224466709760827
MRPS35,85,0.1733228340481294,0.7228506787330317
NUDT22,105,-0.15395282602259827,0.72349709114415
CIC,67,0.16804949875548858,0.72349709114415
FAM58A,90,0.15564092133551696,0.7236586942469295
HM13,197,0.11605486111722908,0.7244667097608274
MBTPS1,66,-0.1419880233650076,0.725355526826115
AZI2,85,-0.159818441587124,0.7256787330316742
RNF2,91,0.28957590254397825,0.7258403361344538
GGCT,123,-0.1789410301178053,0.7264059469941823
NQO2,115,-0.22757751343385224,0.726890756302521
CEBPD,138,0.16859268213573206,0.7271331609566903
STX5,82,-0.1176791914599499,0.7276179702650291
KDSR,126,-0.13565693238900556,0.7279411764705882
EIF2S1,162,0.2362691787539671,0.728021978021978
APMAP,86,-0.13890945182414516,0.7281027795733678
EIF2AK1,103,0.1767777030890742,0.7281835811247576
SIAH1,121,-0.13594703796828458,0.7292340012928248
ACTL6A,73,0.17009080796182885,0.7292340012928248
BRD7,143,0.08775039932407676,0.7297996121525533
ZDHHC12,74,-0.18794605468161804,0.7298804137039431
TMEM107,129,-0.16300100466656053,0.7310116354234001
NOP56,178,0.09872371314659995,0.7319812540400775
URM1,104,0.19336058728467717,0.7323852617970265
GNL2,95,-0.15658188377228457,0.7324660633484162
FNTA,141,0.1332395948471044,0.7330316742081447
CCND2,96,-0.22873166952811774,0.7337588881706528
SLC2A6,126,0.2485901080050695,0.7337588881706528
SPTAN1,118,-0.10572753124457636,0.7337588881706528
SEMA7A,59,0.2817164617055245,0.7338396897220426
SPRYD7,60,-0.17251085519028403,0.7340012928248222
ACOT9,107,0.1457949040326207,0.7349709114414997
MRPL2,85,-0.159818441587124,0.7359405300581772
SLC25A46,59,-0.2025680890464627,0.7365061409179057
TTC14,64,-0.3283370199784632,0.7365061409179057
KLHL36,56,-0.14433482346100365,0.7366677440206852
EIF4E2,204,-0.10647373675206785,0.7370717517776342
HSPA14,70,-0.28834795163945626,0.7375565610859729
FBXO30,75,-0.1639005807149683,0.7377181641887525
KDM1A,55,0.16266379006176004,0.7386069812540401
RRP7A,82,0.2354860629573518,0.7393341952165482
PNO1,167,0.3538252594779216,0.7397382029734971
RMND5A,74,0.19336058728467462,0.7411926308985133
EIF2B1,95,-0.24771477289568913,0.7414350355526826
ESYT1,219,-0.10798663018023497,0.7421622495151907
UBE2V2,137,-0.12202466173591299,0.7426470588235294
RSU1,121,-0.13594703796828458,0.7435358758888171
GUSB,101,-0.2239153841901667,0.7436166774402069
TDG,99,-0.08305284835031891,0.7437782805429864
CHM,70,0.09794102220599309,0.7438590820943762
ANAPC5,197,-0.16920949210003178,0.7438590820943762
CERS2,133,-0.10829511257642559,0.7445862960568843
RP11-758H9.2,117,0.298603747312013,0.7451519069166128
RCOR3,65,0.11605486111722652,0.7453943115707822
LRR1,62,0.19336058728467717,0.7457983193277311
KIAA2013,91,-0.13834852839527165,0.7458791208791209
PELI1,192,0.2295429235913218,0.7460407239819005
ACAT2,110,-0.1528150538493629,0.7460407239819005
SNRNP35,61,-0.14306707729780102,0.7464447317388494
SURF6,99,0.21074266551291201,0.7478183581124758
DALRD3,81,-0.13953862542368967,0.7491111829347123
DST,124,0.3071294622422506,0.7495959922430511
BRWD1,92,-0.11885235276947272,0.75
TIAL1,124,-0.0922256605389667,0.7500808015513898
FBXW2,79,0.1718274257350343,0.7504848093083387
CCDC53,220,-0.09983578905937027,0.7508888170652877
ADNP,116,0.19336058728467462,0.7509696186166774
DCPS,76,-0.14024931265032264,0.7509696186166774
SLC25A44,56,-0.14433482346100365,0.7510504201680672
RIT1,120,0.16493217895815931,0.7512928248222366
NFIC,122,0.11050365488039338,0.7519392372333549
FDPS,192,-0.17025341040961192,0.7520200387847447
SLC30A5,71,0.12239406593053344,0.7521816418875242
GLO1,145,0.1815351518878866,0.752262443438914
NFATC3,189,0.20249159903680258,0.7523432449903038
MAF,160,-0.20030326120160247,0.7529088558500323
SHISA5,83,0.1323925699932475,0.7539592760180995
THOC1,63,0.22058205601970135,0.7541208791208791
MIR222HG,97,0.1757665272699394,0.754524886877828
PCMTD1,130,-0.149128830085004,0.7547672915319974
ISCA2,109,-0.16920949210003178,0.7548480930833872
EXOSC7,96,0.15795525115347775,0.7551712992889463
MRPS18B,112,-0.19934058201606875,0.7554137039431157
ISCA1,141,0.1332395948471044,0.7561409179056238
PAPD4,75,-0.1639005807149683,0.7561409179056238
RFWD2,66,0.14228640269040743,0.7562217194570136
SMIM10L1,97,0.1757665272699394,0.7567065287653523
CDK11A,56,-0.14433482346100365,0.7568681318681318
SMG1,122,0.11050365488039338,0.7570297349709114
ARF3,64,-0.19695448258293674,0.7571105365223012
MBD4,129,-0.16300100466656053,0.7572721396250808
SLC39A1,89,0.13640470247259978,0.7573529411764706
COMMD7,163,-0.1667507014905737,0.7575953458306399
RBMS1,121,-0.20853581230610232,0.7576761473820297
ALDH3B1,62,0.19336058728467717,0.7578377504848093
DUSP12,82,-0.1176791914599499,0.7578377504848093
ZSWIM6,69,-0.19213263638015265,0.7581609566903684
TBL1XR1,126,0.2485901080050695,0.7581609566903684
COBLL1,114,-0.08903914341604834,0.758322559793148
THYN1,167,-0.1231943355038345,0.7585649644473174
TOLLIP,126,0.08693852814852149,0.7585649644473174
HPS4,85,-0.159818441587124,0.7588881706528765
LUC7L2,220,-0.14077656529790417,0.7595345830639948
RAB18,170,-0.14433482346100107,0.7596153846153846
ATP6V1A,114,0.07612291200030367,0.7599385908209437
ZNF24,109,-0.08722671222178563,0.7610698125404007
REPIN1,64,0.24729939439547968,0.7611506140917905
PPIL4,167,-0.06878627927727023,0.7613930187459599
UGDH,78,-0.2071773422990531,0.7616354234001292
PTEN,106,-0.1369797474188854,0.762847446670976
GFPT1,129,0.20671897013969698,0.7633322559793148
C2orf76,116,0.10633752504731124,0.7638170652876535
SMURF2,71,0.12239406593053344,0.763978668390433
MARCH5,88,0.11690852684680084,0.7645442792501616
HSF1,82,0.11148358023026866,0.7647058823529411
PFDN1,169,0.1232157632563986,0.7651098901098901
ATF2,105,0.11319023860069376,0.765513897866839
APH1B,77,0.1277722456570999,0.7655946994182288
VCPIP1,87,0.21312384210610444,0.765917905623788
ZNF581,82,0.11148358023026866,0.7668875242404655
PACS1,63,-0.2252435270143589,0.7671299288946348
BCL10,93,-0.09961613390655552,0.7678571428571429
TAF10,184,-0.10407294568193756,0.7686651583710408
OSGEP,94,-0.08063303053898413,0.7689075630252101
RRP36,88,0.11690852684680084,0.7693115707821591
ST3GAL4,205,-0.09773010368009295,0.7696347769877182
GRASP,108,-0.18579237629563475,0.7701195862960569
SERTAD3,139,-0.09614602991030699,0.7703619909502263
STIM1,63,0.22058205601970135,0.7707659987071752
SKAP2,116,0.10633752504731124,0.7714124111182935
KBTBD3,55,0.16266379006176004,0.7714124111182935
MRPL1,133,0.10474620011110727,0.7716548157724629
DPP8,69,0.2182352559237053,0.7726244343891403
MAPKAPK3,107,0.1457949040326207,0.773513251454428
PIK3C2A,118,0.22265489407871258,0.7736748545572075
ERCC1,133,0.10474620011110727,0.7751292824822237
CTDSPL2,72,-0.11618378314685478,0.7755332902391726
PRPS2,110,0.10173011181910699,0.7767453135100194
ASF1A,86,0.0771075187888258,0.7769877181641888
ANKRD49,95,-0.15658188377228457,0.7777149321266968
GGA2,55,0.16266379006176004,0.7777149321266968
RPA3,150,-0.0863980533587451,0.7779573367808662
DDX42,98,0.09087762968342662,0.7783613445378151
MAD2L2,62,-0.11421221462561536,0.7807045895281189
NSRP1,121,0.09621942887414471,0.7811085972850679
DICER1,101,0.14302891173453341,0.7815934065934066
LPAR5,66,0.14228640269040743,0.7816742081447964
CCNT1,94,-0.08063303053898413,0.782563025210084
KLF5,119,-0.1658485236821466,0.782967032967033
RBM7,105,0.11319023860069376,0.7830478345184227
AFG3L2,73,0.17009080796182885,0.7843406593406593
DNAJC13,76,0.23880355804584347,0.7845830639948287
SNF8,216,0.13045383572448518,0.7846638655462185
NTAN1,90,-0.15811178321670147,0.7846638655462185
EIF3B,124,-0.16436822903053416,0.7849062702003878
PSMG1,126,0.08693852814852149,0.7849870717517776
ZNF134,72,0.14643953989718317,0.7850678733031674
CYB561D2,83,0.1323925699932475,0.7858758888170653
HINT2,152,-0.1226669061630019,0.7862798965740142
PSMD3,76,-0.14024931265032264,0.7869263089851325
C16orf91,71,0.12239406593053344,0.7870071105365223
RBM18,83,0.1323925699932475,0.7871687136393019
AGPAT2,133,0.10474620011110727,0.7873303167420814
ARRDC2,133,-0.10829511257642559,0.788623141564318
ALG5,190,0.15740370950826485,0.7891079508726567
EFR3A,56,-0.14433482346100365,0.7892695539754363
SNRNP48,68,-0.08903914341604834,0.7894311570782159
ZBTB4,57,-0.1129706525516676,0.7898351648351648
BSPRY,104,0.09660735440509077,0.7899159663865546
SMARCC1,91,-0.13834852839527165,0.7904007756948933
SHISA2,209,-0.19213263638015265,0.7909663865546218
WWC3,65,-0.16920949210003178,0.7910471881060116
ABCE1,78,-0.09407913121739743,0.7916127989657401
C12orf65,146,-0.0727142728691702,0.7916127989657401
CRIM1,113,-0.18331047219711796,0.792016806722689
ATP2B1,111,0.11741173405137674,0.7922592113768584
SGF29,74,-0.0676852654556647,0.7937136393018746
IGBP1,188,-0.06572663403245466,0.7941176470588235
LMO2,57,-0.1129706525516676,0.7948448610213316
ASXL2,93,0.10316277831309836,0.7950064641241111
ASL,91,0.17462402470308835,0.7950872656755009
UBE2D1,98,-0.10108677118058072,0.7952488687782805
TXLNG,82,-0.1176791914599499,0.7953296703296703
TMEM55A,93,0.10316277831309836,0.7958952811893988
NUTF2,92,0.08442621573151209,0.7960568842921784
AFF1,124,0.13865469519454224,0.7961376858435681
TSC22D4,67,-0.11527068498922925,0.7971881060116355
TP53BP1,67,0.16804949875548858,0.7971881060116355
SLFN11,121,0.09621942887414471,0.7975921137685844
NIPSNAP3A,78,0.1499679917712945,0.7981577246283129
CSNK2A1,81,0.09026709432057287,0.7981577246283129
SLC30A1,55,-0.17639603269330204,0.7984001292824823
THEM4,55,-0.17639603269330204,0.7984809308338721
CLCN7,58,0.07902791180568136,0.7984809308338721
HERC4,84,-0.1810349274968198,0.7986425339366516
ADAR,95,0.13992132832321594,0.7986425339366516
UCP2,90,0.15564092133551696,0.7989657401422108
ST6GALNAC6,59,0.1084716896981644,0.7991273432449904
HBEGF,57,0.22341782114085584,0.7992081447963801
SGTA,61,0.1656155968017722,0.7994505494505495
RBM38,76,-0.14024931265032264,0.7996121525533291
SH3BP2,78,0.1499679917712945,0.7997737556561086
KATNBL1,77,0.1277722456570999,0.8005817711700065
PGM3,65,0.11605486111722652,0.8006625727213963
ZC3H13,145,-0.08494057520243008,0.801147382029735
TSR3,61,-0.14306707729780102,0.8013089851325146
C1orf35,213,-0.07315438728407987,0.8017129928894635
CAPN1,133,-0.10829511257642559,0.8017129928894635
CDC27,89,-0.07794143453271804,0.8028442146089205
KDM5A,156,-0.0763112704712615,0.8028442146089205
ATP6V1E1,181,0.0730663535669624,0.8030866192630899
VAMP7,59,0.1084716896981644,0.8035714285714286
PDPK1,89,0.13640470247259978,0.803813833225598
BCL2,129,0.2886675473804056,0.8043794440853265
TRAF5,114,0.07612291200030367,0.8047026502908856
MRPL42,182,0.0826843561285596,0.8057530704589528
GABARAPL1,101,-0.13739135798969043,0.8062378797672916
ST3GAL1,78,-0.09407913121739743,0.8067226890756303
TNFRSF14,107,0.1457949040326207,0.8073691014867486
CD33,189,0.14827269775613686,0.8076923076923077
PFKL,116,0.10633752504731124,0.8077731092436975
DNAJA2,203,-0.1152706849892267,0.8084195216548158
SACM1L,56,0.19336058728467717,0.8086619263089851
GALNT1,108,-0.10362115047245449,0.8086619263089851
COPS3,202,-0.07920143028170694,0.8093083387201034
IGFBP7,113,-0.1047207656483181,0.8101163542340013
LLPH,162,-0.06692844181030035,0.8104395604395604
ERO1B,61,-0.14306707729780102,0.811005171299289
NEK7,78,-0.09407913121739743,0.8111667744020685
ARL2BP,143,-0.10970848035137265,0.8114899806076277
CKAP2,100,0.1258537679263992,0.8114899806076277
ARID3B,96,-0.1378453211906983,0.8119747899159664
MICU2,83,-0.09614602991030699,0.8120555914673562
ING4,61,-0.14306707729780102,0.812136393018746
TMEM14A,104,-0.08524007593858365,0.8126212023270847
PTPRS,72,-0.11618378314685478,0.8135100193923723
FADS1,59,0.1084716896981644,0.8135908209437621
SLC25A33,58,-0.08227385532875046,0.8135908209437621
TIMM9,88,-0.09797918776926326,0.8139140271493213
PTPN12,68,0.047755265037776364,0.8141564318034906
FAM49A,65,0.2735309359686606,0.8143180349062702
TBC1D2B,78,-0.09407913121739743,0.8145604395604396
CEP95,58,-0.08227385532875046,0.8153684550743374
SAP30,177,-0.07218503770516534,0.815530058177117
TTYH3,58,0.07902791180568136,0.8158532643826761
TPPP3,62,0.19336058728467717,0.8160956690368455
IDH2,79,-0.1842769401889737,0.8162572721396251
KIAA1033,102,-0.11979729797495266,0.8168228829993536
PLA2G16,77,0.1277722456570999,0.8169036845507434
HCCS,77,0.1277722456570999,0.8169844861021331
TCF12,66,0.14228640269040743,0.8170652876535229
TBC1D14,108,-0.10362115047245449,0.8171460892049127
PRKD3,105,-0.15395282602259827,0.8177117000646412
GALT,71,0.12239406593053344,0.8180349062702004
PRPF8,168,-0.05817817971128822,0.8181157078215902
C6orf1,104,0.09660735440509077,0.8182773109243697
ZNF106,97,0.07306635356696496,0.8184389140271493
PHACTR2,115,0.09130931581497946,0.8186813186813187
PAPD5,73,-0.09173073942231444,0.8188429217840982
ITGAX,71,0.12239406593053344,0.8188429217840982
MLXIP,131,0.07839487316415579,0.8198933419521655
ZC3H7A,81,0.09026709432057287,0.8202973497091144
SLC25A19,57,-0.1129706525516676,0.8202973497091144
CSRP1,162,-0.06692844181030035,0.821186166774402
CDK8,83,0.25609634263263853,0.8212669683257918
TRAPPC2P1,169,-0.10189955714060611,0.8213477698771816
FKBP7,77,0.1277722456570999,0.8215093729799612
ZFR,98,0.09087762968342662,0.8215093729799612
UBXN11,62,-0.11421221462561536,0.8222365869424693
UBN2,117,0.12121080152884144,0.8224789915966386
SNAPC2,79,-0.07153656256630801,0.8234486102133161
LTBP3,88,0.11690852684680084,0.823852617970265
SDHAF3,89,-0.07794143453271804,0.8241758241758241
FIBP,197,0.11605486111722908,0.8242566257272139
KMT5B,74,-0.0676852654556647,0.8243374272786037
BTN2A2,81,0.09026709432057287,0.8243374272786037
SLAIN2,116,0.10633752504731124,0.8244990303813833
PGD,88,-0.09797918776926326,0.8247414350355526
PEX16,57,-0.1129706525516676,0.8251454427925016
ZNF704,84,0.15300284966853422,0.8255494505494505
TXN2,179,-0.10338894460669097,0.8256302521008403
IDH3B,122,0.11050365488039338,0.826115061409179
MAN2A1,98,0.09087762968342662,0.8266806722689075
LRRC41,64,0.08933752274144817,0.8269230769230769
C3AR1,95,-0.15658188377228457,0.8270038784744667
CIAO1,80,0.06873393277092997,0.8270038784744667
CSNK1D,187,0.076806329843914,0.8274078862314156
RP11-437B10.1,70,-0.1663695403150715,0.8274886877828054
TRIM47,108,-0.10362115047245449,0.8278118939883645
TMEM150C,106,0.12958467685136263,0.8281351001939238
NAT9,58,-0.08227385532875046,0.8287007110536523
SLFN5,123,-0.1789410301178053,0.8287815126050421
CHCHD5,153,0.07306635356696496,0.8289431157078216
CLCN3,113,-0.1047207656483181,0.8293471234647706
C4orf33,72,-0.11618378314685478,0.8294279250161604
RASSF3,79,0.1718274257350343,0.8305591467356174
UTP18,113,-0.1047207656483181,0.8307207498383969
SMIM14,109,-0.08722671222178563,0.8308015513897867
ATP5S,59,0.1084716896981644,0.8311247575953459
VPS36,162,-0.06692844181030035,0.8316095669036846
CETN2,66,-0.1419880233650076,0.8322559793148029
GMPPB,67,0.16804949875548858,0.8324983839689722
LRRC75A,122,-0.3992150975463568,0.832579185520362
SENP6,110,-0.07101648504052756,0.8327407886231416
SELM,196,0.4952142420089981,0.8332255979314803
TIAM1,129,0.1277722456570999,0.8338720103425986
POLK,141,0.06319329508009813,0.8341952165481578
DYNC1LI2,129,-0.09363371749330016,0.8356496444731739
ANAPC10,77,0.1277722456570999,0.8358920491273433
USF2,146,0.056401374064074666,0.8369424692954105
RNF111,59,0.1084716896981644,0.837508080155139
NUBP2,87,-0.11829917214885843,0.8376696832579186
SMC3,179,-0.05221662147257181,0.8377504848093084
CISD3,95,0.13992132832321594,0.8380736910148675
ERP44,169,0.06481646666361544,0.8385585003232062
KIAA0907,97,-0.11934897757330959,0.8388817065287654
TOR1AIP2,135,0.13062483193671326,0.8391241111829347
TP53INP1,56,-0.14433482346100365,0.8392049127343245
INTS10,103,-0.10241521974671784,0.8392857142857143
PTPN7,118,0.13593230723560826,0.8407401422107305
USP22,116,-0.05817817971128822,0.8408209437621202
TP53I13,95,-0.06189646795739786,0.84090174531351
ATN1,75,0.08232927489593107,0.8409825468648998
EPS15,84,-0.0749295440006112,0.8410633484162896
TPGS1,124,0.059059495573085284,0.8410633484162896
OLA1,160,-0.0890391434160509,0.8410633484162896
C18orf32,69,0.07306635356696496,0.8410633484162896
MRPS28,110,0.10173011181910699,0.8417905623787977
NFIA,115,-0.07352614404472291,0.842032967032967
PTGER2,175,0.06907825139807484,0.8430833872010343
SPAG7,174,0.059059495573085284,0.8432449903038138
MRPL47,154,0.08442621573151209,0.8434873949579832
BBIP1,92,0.08442621573151209,0.843568196509373
TXNDC15,179,0.053635823618062184,0.8442146089204913
SOCS4,74,-0.0676852654556647,0.8445378151260504
FBXO9,66,0.14228640269040743,0.8451034259857789
ODC1,161,0.09923840992012563,0.8452650290885585
TMEM131,56,-0.14433482346100365,0.8459922430510666
SRFBP1,59,0.1084716896981644,0.8465578539107951
TMEM134,151,-0.07457261796195709,0.8466386554621849
KDM5B,98,-0.10108677118058072,0.8468002585649644
MFNG,87,-0.11829917214885843,0.8474466709760827
NTPCR,68,-0.08903914341604834,0.8475274725274725
SLU7,116,-0.05817817971128822,0.8480122818358112
PIP4K2A,198,0.12485180935438792,0.848093083387201
GRN,157,-0.06495140830671436,0.8482546864899806
CAMK2N1,125,-0.07794143453271804,0.8483354880413704
CD48,105,0.11319023860069376,0.8487394957983193
IL5RA,89,0.13640470247259978,0.8490627020038785
MAT2A,200,0.09237277969984763,0.849224305106658
NAA16,61,-0.14306707729780102,0.8493859082094376
SLC20A1,186,-0.08477238972300205,0.8501131221719457
INIP,73,-0.09173073942231444,0.8524563671622495
EMC1,59,0.1084716896981644,0.8525371687136393
EMC9,79,0.04687449880719019,0.8526179702650291
EXOSC9,75,0.08232927489593107,0.8531835811247576
TMEM246,127,0.10067858477482548,0.8534259857789269
SNX4,123,0.04491531325281609,0.8535067873303167
KXD1,119,-0.09069932201224458,0.8538299935358759
OSBPL9,142,0.07552409699081689,0.8539107950872656
PGM2L1,69,0.07306635356696496,0.8539915966386554
POLR3K,181,-0.08355777268512292,0.8542340012928248
TPRG1L,59,0.1084716896981644,0.8542340012928248
FAM49B,98,0.09087762968342662,0.8543956043956044
BAIAP2,102,0.06285856305054997,0.8546380090497737
CCS,163,0.06025180559209838,0.8547996121525533
GNG2,169,-0.047647512219119476,0.8550420168067226
LEAP2,88,0.11690852684680084,0.8556076276664512
CINP,78,-0.09407913121739743,0.8563348416289592
PDLIM1,87,-0.11829917214885843,0.8566580478345184
HIGD1A,126,0.08693852814852149,0.8569004524886877
SNN,81,0.09026709432057287,0.8573044602456367
KANSL1-AS1,59,-0.2025680890464627,0.8577892695539754
DCAF13,214,0.1142890162934776,0.8580316742081447
RFC2,133,-0.039441617129701956,0.8583548804137039
MVB12A,57,-0.1129706525516676,0.8585164835164835
ADIPOR2,85,0.056787534409230615,0.8589204912734324
TSG101,106,-0.05149128458404285,0.8595669036845508
FAM13B,84,-0.0749295440006112,0.8596477052359406
ELOVL5,196,0.05707572758655599,0.8598901098901099
BRD1,79,-0.07153656256630801,0.8604557207498384
ECD,58,-0.08227385532875046,0.8612637362637363
SMU1,113,-0.1047207656483181,0.8615869424692955
ECHS1,209,-0.06327604735096719,0.8618293471234648
PHF1,105,-0.0682669973348708,0.8626373626373627
PUF60,147,-0.0605907137866807,0.8627181641887525
MLF1,80,0.06873393277092997,0.8633645765998708
RANGRF,63,0.062116054006424004,0.8633645765998708
ZNF92,58,0.07902791180568136,0.8634453781512605
TOB1,163,0.06025180559209838,0.8635261797026503
DIP2A,76,0.10522967700601049,0.864414996767938
ARID4A,191,0.062116054006424004,0.8644957983193278
RNF168,103,0.07983164165426283,0.8648190045248869
LARS,115,0.09130931581497946,0.8648998060762767
MOCS2,63,-0.0859231701941932,0.8649806076276665
EVI2A,96,0.05503243073670315,0.8653038138332256
PNKP,59,0.1084716896981644,0.865546218487395
TRABD,69,-0.06327604735096719,0.8663542340012929
SUPT16H,113,0.06077494766686899,0.8669198448610214
MED28,131,-0.06628322934834406,0.8672430510665805
RP11-446N19.1,105,-0.0682669973348708,0.8674854557207499
WBP11,124,0.059059495573085284,0.8674854557207499
SMIM12,163,0.06025180559209838,0.867808661926309
ETV6,87,0.09714527202537102,0.8684550743374273
DUSP5,161,-0.07794143453271804,0.8687782805429864
ENOPH1,125,-0.07794143453271804,0.8691014867485456
GABARAP,119,0.06721955715159365,0.8692630898513252
CCAR1,110,0.10173011181910699,0.8695054945054945
C6orf226,64,0.08933752274144817,0.8699095022624435
LRPPRC,79,-0.07153656256630801,0.8701519069166128
RP11-138A9.2,128,-0.1075058920748567,0.8707983193277311
LLNLR-245B6.1,85,0.056787534409230615,0.8725759534583064
CDC40,73,-0.09173073942231444,0.872737556561086
EXOSC5,68,-0.08903914341604834,0.8735455720749838
MPHOSPH10,131,-0.06628322934834406,0.8737879767291532
HES4,90,0.15564092133551696,0.8744343891402715
ANKRD44,128,-0.1075058920748567,0.8749191984486102
CDK9,76,-0.14024931265032264,0.8750808015513898
CCDC91,111,-0.05498637522157677,0.8755656108597285
FNBP1,194,0.08933752274144817,0.8756464124111183
DAP3,101,-0.047647512219119476,0.8758888170652877
TMEM64,58,-0.08227385532875046,0.8764544279250162
PRKRA,131,0.07839487316415579,0.8767776341305753
HIRIP3,70,0.09794102220599309,0.8771008403361344
JAZF1,81,0.09026709432057287,0.877262443438914
ATP2A3,82,0.11148358023026866,0.8773432449903038
DERA,95,-0.06189646795739786,0.8773432449903038
MRPL12,92,0.08442621573151209,0.8788784744667097
ARAP1,62,-0.11421221462561536,0.8794440853264383
SGK223,82,-0.1176791914599499,0.8794440853264383
KPNA5,69,0.07306635356696496,0.8800904977375565
FPR3,62,0.19336058728467717,0.8817065287653523
TSPAN14,69,-0.06327604735096719,0.8817065287653523
EMC6,157,0.055350765919123565,0.8817873303167421
ARHGAP15,190,-0.04692903857832975,0.8818681318681318
SNAPC1,80,-0.04934081645211342,0.8820297349709114
CKB,104,-0.08524007593858365,0.882191338073691
NAV1,86,0.0771075187888258,0.8825145442792501
TAL1,118,0.05249805144482681,0.8825145442792501
RP11-501J20.5,206,-0.044330970434656364,0.8837265675500969
ITPKB,83,-0.09614602991030699,0.8842113768584356
CWC22,73,-0.09173073942231444,0.884453781512605
MARCH2,120,-0.07582604553071438,0.8846153846153846
CLK3,85,0.056787534409230615,0.8846961861667744
BLOC1S2,151,0.05007471094073527,0.8846961861667744
HEXA,85,-0.05402055423763238,0.8848577892695539
RTCB,102,0.06285856305054997,0.8855042016806722
RBM12,64,0.08933752274144817,0.8856658047834518
MLLT10,68,0.047755265037776364,0.885989010989011
RP11-109G23.3,86,0.0771075187888258,0.8866354234001292
KIAA1551,69,-0.06327604735096719,0.8867970265029088
DOK2,121,0.09621942887414471,0.8870394311570782
NDUFA10,163,-0.05599888165204296,0.8876858435681965
GNL1,63,0.062116054006424004,0.8879282482223658
BMI1,58,0.07902791180568136,0.8879282482223658
CHN2,79,0.04687449880719019,0.8880898513251454
DGKZ,90,-0.05817817971128822,0.8884130575307045
TMEM106C,93,0.10316277831309836,0.8886554621848739
MZT2A,112,0.04526194829554356,0.8891402714932126
COL17A1,82,0.2354860629573518,0.8898674854557207
COQ4,86,-0.033410274562345646,0.8900290885585003
BORCS8,57,0.04897067794950272,0.890513897866839
SENP7,85,-0.05402055423763238,0.890917905623788
TRNT1,80,0.06873393277092997,0.8910795087265676
MDM4,200,0.09237277969984763,0.8921299288946348
MGAT4B,84,-0.0749295440006112,0.8922915319974144
DNAJC4,185,-0.04469495034766847,0.8925339366515838
REPS1,57,0.04897067794950272,0.8937459599224306
ZNF326,140,0.05075619184187431,0.8939075630252101
GPS1,69,0.07306635356696496,0.8943923723335488
MPHOSPH6,57,0.04897067794950272,0.8944731738849386
YIPF2,74,-0.0676852654556647,0.8945539754363284
RCN2,97,0.07306635356696496,0.8953619909502263
NDUFA8,194,-0.05817817971128822,0.8954427925016161
CAND1,138,-0.04270677094884831,0.8956043956043956
TRIM13,83,-0.09614602991030699,0.8956851971557854
VPS4A,105,-0.0682669973348708,0.8959276018099548
SQRDL,57,0.04897067794950272,0.8960892049127344
IMPDH2,137,-0.055588062245581785,0.8961700064641241
ELF2,118,-0.027963566664280664,0.8963316095669037
RBM22,128,-0.03591821963701264,0.8965740142210731
USP7,79,0.04687449880719019,0.8980284421460892
VPS51,91,-0.03868200408548928,0.898109243697479
CCND1,142,-0.05817817971128822,0.8981900452488688
TP53I11,114,-0.08903914341604834,0.8984324499030382
RP11-488L18.10,81,0.09026709432057287,0.8985940530058177
HSD17B10,162,-0.06692844181030035,0.8986748545572075
HMGXB3,62,0.03437106352351903,0.8987556561085973
SNRPC,189,-0.056297221112524685,0.8988364576599871
C15orf48,71,0.12239406593053344,0.899240465416936
TSPAN31,68,0.047755265037776364,0.899644473173885
OPA1,59,-0.05221662147257181,0.8997252747252747
CARS2,59,-0.05221662147257181,0.8998868778280543
PSMG4,96,0.05503243073670315,0.900371687136393
TTC19,184,-0.05431295290926566,0.90150290885585
SEPHS1,74,-0.0676852654556647,0.9015837104072398
FBXO25,63,0.062116054006424004,0.9020685197155786
ITGA5,64,-0.05817817971128822,0.9026341305753071
COPZ1,146,0.056401374064074666,0.9031997414350356
USO1,129,0.05155326094551368,0.9032805429864253
XRN1,69,-0.06327604735096719,0.9034421460892049
PDZD11,84,-0.0749295440006112,0.9037653522947641
HSD17B4,150,0.038440010457333966,0.9042501616031028
AP1G1,75,0.08232927489593107,0.9043309631544926
MRPS16,187,0.076806329843914,0.9044925662572721
CCDC90B,171,-0.026814008801954746,0.9052197802197802
NOB1,75,-0.04403399739101903,0.9057853910795087
LYPLAL1,64,0.08933752274144817,0.906431803490627
NBN,85,0.056787534409230615,0.9067550096961862
PIAS2,80,-0.04934081645211342,0.907563025210084
ADSS,69,-0.06327604735096719,0.907967032967033
RCOR1,80,0.06873393277092997,0.9088558500323206
ELMO1,213,-0.02962565790904828,0.90909825468649
VAMP5,134,0.04462520767353705,0.9091790562378798
SECISBP2L,63,0.062116054006424004,0.9091790562378798
MRPS30,105,0.020658501171790338,0.9091790562378798
BAG5,102,-0.030265433990884653,0.9092598577892695
PROSC,79,0.04687449880719019,0.9095022624434389
PYM1,80,-0.04934081645211342,0.9100678733031674
SRPK1,80,-0.04934081645211342,0.9101486748545572
RAB6A,146,0.056401374064074666,0.9103102779573368
LPIN2,69,-0.06327604735096719,0.9111990950226244
CTSS,80,0.06873393277092997,0.9125727213962508
SBNO1,219,-0.06628322934834406,0.9141079508726567
GALNT11,96,-0.04340012434000915,0.9145927601809954
FAM111A,80,0.06873393277092997,0.9152391725921137
RUFY1,79,0.04687449880719019,0.9154007756948933
ZBTB10,89,0.026710717875224572,0.9157239819004525
CMIP,69,0.07306635356696496,0.9159663865546218
C8orf33,155,0.032895915091427655,0.9167744020685197
DR1,128,0.03794282942686157,0.9167744020685197
UBXN10,59,0.1084716896981644,0.9176632191338073
NRDC,85,0.056787534409230615,0.9184712346477052
AAK1,144,0.03225528673237292,0.9191176470588235
CLPTM1,64,-0.05817817971128822,0.9192792501616031
EML4,69,-0.06327604735096719,0.9196024563671622
PITHD1,205,0.03921858308329119,0.9198448610213316
AAMP,118,0.05249805144482681,0.9204912734324499
TMEM222,59,-0.05221662147257181,0.9208952811893988
ACYP2,79,0.04687449880719019,0.9213800904977375
ARHGEF6,186,-0.035140643634418336,0.922349709114415
SREK1,218,-0.03193172455756724,0.9225921137685844
CSNK1E,100,0.028301341014180966,0.9229153199741436
JAG1,68,0.047755265037776364,0.9235617323852618
B3GAT3,80,-0.04934081645211342,0.9244505494505495
EIF2AK2,91,-0.03868200408548928,0.9248545572074984
PQLC1,133,0.03150970788327961,0.9251777634130576
ANKRD37,159,0.13992132832321594,0.9253393665158371
TMEM39A,80,0.06873393277092997,0.9254201680672269
TRAPPC2L,122,-0.04653173873667642,0.9255009696186167
SND1,117,0.037624774963296616,0.9257433742727861
NSMCE4A,75,-0.04403399739101903,0.926147382029735
RXRA,162,0.04948537472302841,0.9271170006464124
SUCLA2,84,0.036177254733943884,0.9277634130575307
PLEKHJ1,62,0.03437106352351903,0.9285714285714286
H2AFY,177,0.03394002227714105,0.9285714285714286
RNF166,59,-0.05221662147257181,0.9286522301228184
INO80,62,0.03437106352351903,0.9291370394311571
ACAT1,63,0.062116054006424004,0.929945054945055
BRMS1,107,0.053635823618062184,0.9314802844214609
ARHGAP30,65,-0.030956710976264047,0.9318842921784098
CYHR1,62,0.03437106352351903,0.9319650937297996
PDAP1,167,0.04398296324645072,0.9322882999353588
NREP,74,0.059059495573085284,0.9324499030381384
PPP2R4,57,0.04897067794950272,0.9327731092436975
TDP2,62,0.03437106352351903,0.9329347123464771
ELMSAN1,60,-0.022772843580088787,0.9335811247575954
MCM7,101,-0.047647512219119476,0.9343891402714932
BACH1,97,-0.02513791794728028,0.9346315449256626
PWP1,112,-0.03913242402074082,0.9347931480284422
MBD1,57,0.04897067794950272,0.9351971557853911
AKAP8L,111,0.0295803260632738,0.9352779573367809
PDHA1,91,-0.03868200408548928,0.9353587588881707
C1orf56,125,-0.07794143453271804,0.9362475759534583
RFNG,69,0.07306635356696496,0.9366515837104072
NUDT21,84,0.036177254733943884,0.9368939883645766
PLD3,102,-0.030265433990884653,0.9373787976729153
SDHC,117,-0.04299177589661245,0.9375404007756949
LSM14A,133,-0.039441617129701956,0.9377020038784745
L1CAM,96,-0.04340012434000915,0.9384292178409825
TM7SF3,62,0.03437106352351903,0.9385100193923723
RCSD1,59,-0.05221662147257181,0.9385908209437621
HDHD3,75,-0.04403399739101903,0.9387524240465417
AKR7A2,70,-0.03796495882177859,0.9388332255979315
DCD,82,0.11148358023026866,0.938994828700711
MARCH8,139,0.0382109385227603,0.9395604395604396
MAPK14,70,-0.03796495882177859,0.9398836457659987
MYO5A,59,-0.05221662147257181,0.9399644473173885
FBXO7,144,0.03225528673237292,0.9400452488687783
PSME4,78,0.02467875269299559,0.9400452488687783
LUC7L,177,0.03394002227714105,0.9401260504201681
MAP2K1,96,-0.04340012434000915,0.941661279896574
BLVRB,220,0.027437516399859814,0.9418228829993536
ZSWIM8,179,-0.05221662147257181,0.9424692954104719
POLR2J3,63,0.062116054006424004,0.9429541047188106
KANSL1L,59,-0.05221662147257181,0.9431157078215902
ISY1,86,-0.033410274562345646,0.9437621202327084
SNRNP27,129,-0.022178163010708647,0.9438429217840982
RP11-108M9.4,81,-0.027481382488373635,0.9440853264382676
CNOT2,192,0.02089339127990881,0.9440853264382676
RAB30-AS1,90,0.046206893501023506,0.9448125404007757
GMCL1,65,-0.030956710976264047,0.9448125404007757
ZNF652,65,-0.030956710976264047,0.9452973497091144
PURA,203,0.021992168972695212,0.9463477698771816
CCDC6,102,-0.030265433990884653,0.9465093729799612
TRPS1,73,0.035408227508439624,0.9465093729799612
MARCH7,127,0.02420277280055758,0.9467517776341305
PFDN6,97,-0.02513791794728028,0.947317388493859
SHPRH,79,0.04687449880719019,0.9482870071105365
FNIP2,149,0.026710717875224572,0.9483678086619263
CTNNBIP1,100,0.028301341014180966,0.9484486102133161
CISD1,65,-0.030956710976264047,0.9494182288299935
CERK,60,-0.022772843580088787,0.949983839689722
OGFR,67,0.021992168972695212,0.9506302521008403
BECN1,86,-0.033410274562345646,0.9507918552036199
TIMMDC1,118,-0.027963566664280664,0.9529734970911441
TRPC4AP,60,-0.022772843580088787,0.9530542986425339
BCL7B,97,-0.02513791794728028,0.9538623141564319
APOE,180,-0.04233510995860773,0.954185520361991
RBPJ,194,-0.010053036343296802,0.954185520361991
PRRC2B,76,-0.020764218068173246,0.954185520361991
SUCLG2,97,-0.02513791794728028,0.9543471234647706
TTC9C,108,-0.018513962137771,0.9545087265675501
MGEA5,145,-0.021183972229085767,0.9551551389786684
MDM2,78,0.02467875269299559,0.9554783451842276
GPR34,160,0.027708432327776904,0.9558015513897867
PPP6R3,89,0.026710717875224572,0.9558823529411765
PMAIP1,107,-0.03490840038843987,0.9558823529411765
USP33,76,-0.020764218068173246,0.9559631544925663
GAR1,96,-0.04340012434000915,0.956447963800905
DNAJB14,155,-0.028216982270216698,0.9566095669036846
SLC45A3,133,-0.039441617129701956,0.9567711700064642
PPP4R3B,86,-0.033410274562345646,0.9571751777634131
SHMT2,94,0.01827388072658557,0.9574983839689722
UNC45A,73,0.035408227508439624,0.9584680025856497
DERL2,186,0.015573468069394124,0.9588720103425986
CUL1,76,-0.020764218068173246,0.9594376212023271
CTSW,100,0.028301341014180966,0.9595184227537169
HTATIP2,167,0.04398296324645072,0.9595184227537169
ACADS,76,-0.020764218068173246,0.9601648351648352
BTBD10,134,-0.026205789973007914,0.9608112475759535
PSMD6,214,-0.021334284277658606,0.9610536522301228
RALY,164,0.01215751739105358,0.9612960568842922
COPS8,81,-0.027481382488373635,0.9617000646412411
ACAA1,89,0.026710717875224572,0.962508080155139
PTPRN2,76,-0.020764218068173246,0.9627504848093084
TTC3,160,0.027708432327776904,0.9633968972204267
UBE3A,116,0.022596565730964833,0.963639301874596
UQCRC1,124,-0.01782044209514782,0.9637201034259858
KIF9,65,-0.030956710976264047,0.9638817065287654
PNMA1,67,0.021992168972695212,0.9639625080801552
WDR45,103,-0.013090290182750467,0.9643665158371041
PPT1,149,0.026710717875224572,0.9644473173884939
TMEM170A,103,-0.013090290182750467,0.9646089204912734
PRMT9,118,0.05249805144482681,0.9648513251454428
DOCK11,92,-0.019445785222572086,0.9650937297996122
AGO3,176,0.023990361869537086,0.9654169360051713
MAF1,159,0.01669543960535921,0.9659825468648998
APPL1,103,-0.013090290182750467,0.9659825468648998
NDUFV1,121,0.016204016611287494,0.9659825468648998
TCN1,71,5.031303829175703,0.9667097608274079
ZC3H8,65,-0.030956710976264047,0.967032967032967
DHRS9,84,0.15300284966853422,0.9676793794440853
MICA,56,0.01827388072658557,0.9676793794440853
LONP2,62,0.03437106352351903,0.9680833872010343
SSSCA1,135,-0.013090290182750467,0.9687297996121526
PHF14,76,-0.020764218068173246,0.9690530058177117
HECTD1,121,0.016204016611287494,0.9693762120232708
CHD3,137,0.012788341642855533,0.9699418228829993
KDM3A,71,-0.013090290182750467,0.9704266321913381
ATIC,71,-0.013090290182750467,0.9705882352941176
PI4K2A,87,-0.013090290182750467,0.9705882352941176
SNX14,60,-0.022772843580088787,0.9711538461538461
CBX1,76,-0.020764218068173246,0.9718002585649644
SERPINE1,71,-0.013090290182750467,0.9728506787330317
TIMM10B,60,-0.022772843580088787,0.9728506787330317
SLC25A24,119,-0.013090290182750467,0.9729314802844214
GPI,71,-0.013090290182750467,0.973093083387201
METRN,56,0.01827388072658557,0.9739010989010989
FEM1B,97,-0.02513791794728028,0.9744667097608274
ZNF217,56,0.01827388072658557,0.974628312863607
UBAC2,83,0.01526826497096506,0.9749515190691661
RAB8A,130,-0.008567731492056536,0.9749515190691661
ERGIC2,158,0.005597730722026342,0.9756787330316742
RARS,60,-0.022772843580088787,0.9763251454427925
MIEN1,121,0.016204016611287494,0.9767291531997414
TFB1M,72,0.01136275354178988,0.9767291531997414
DNAJB2,72,0.01136275354178988,0.9777795733678086
FEM1C,94,0.01827388072658557,0.9783451842275371
SUN1,83,0.01526826497096506,0.9784259857789269
TERF1,98,-0.007103995117018468,0.9794764059469941
MVP,83,0.01526826497096506,0.9797188106011635
FBXO34,78,0.2828587381237778,0.9799612152553329
RNF44,55,-0.013090290182750467,0.9806076276664512
SURF1,162,-0.009456295715010523,0.9806884292178409
SEC24B,55,-0.013090290182750467,0.9816580478345184
NELFE,153,0.010086032183341646,0.9831124757595345
UBAP2L,72,0.01136275354178988,0.9833548804137039
ANTXR2,142,0.007698182488394286,0.9837588881706528
NR1H2,88,0.006947463053794755,0.9837588881706528
BRD3,55,-0.013090290182750467,0.9840012928248222
UHRF2,72,0.01136275354178988,0.9841628959276018
DTD1,146,-0.00906041314659626,0.9844053005817712
SNHG12,135,-0.013090290182750467,0.9848093083387202
FUBP1,114,-0.007937802417145631,0.9852133160956691
IRAK4,83,0.01526826497096506,0.9852941176470589
ARRDC4,99,0.010707280999443188,0.9855365223012282
PGM1,61,0.006082019092096861,0.9857789269553976
CDKN1B,130,-0.008567731492056536,0.9859405300581772
ZNF148,99,0.010707280999443188,0.9866677440206852
PAK1IP1,88,0.006947463053794755,0.9869101486748546
AP000769.1,107,-0.03490840038843987,0.9872333548804137
SFSWAP,66,-0.004239372600485707,0.9877181641887525
PKIB,110,0.013726374862437853,0.9877989657401423
C12orf45,88,0.006947463053794755,0.9879605688429218
CLN8,82,-0.005948220938730733,0.9889301874595993
MRPS11,88,0.006947463053794755,0.9890917905623788
CEP57,115,0.0074101619162890596,0.9890917905623788
CLSTN1,82,-0.005948220938730733,0.9890917905623788
CDK1,55,-0.013090290182750467,0.989414996767938
ARHGEF3,61,0.006082019092096861,0.9896574014221073
SNUPN,82,-0.005948220938730733,0.9901422107304461
SESN3,66,-0.004239372600485707,0.9907078215901746
EXOC7,66,-0.004239372600485707,0.9909502262443439
UBQLN1,147,0.002962115102615981,0.9912734324499031
COMMD10,82,-0.005948220938730733,0.9913542340012929
PKP1,82,-0.005948220938730733,0.992808661926309
PSPC1,66,-0.004239372600485707,0.9935358758888171
ATP6AP2,206,0.0012507328842698486,0.9937782805429864
NUP54,77,0.0021361840419061766,0.9961215255332903
HNRNPL,190,0.0024561430232334963,0.99620232708468
SNAPIN,77,0.0021361840419061766,0.9962831286360698
STOM,120,0.0016312155240163703,0.9970911441499677
CDC5L,120,0.0016312155240163703,0.9975759534583064
SLC39A6,77,0.0021361840419061766,0.9980607627666451
NRBF2,82,-0.005948220938730733,0.9983839689722043
HACD3,93,-0.00046268185500069784,0.9989495798319328
SLC22A18,93,-0.00046268185500069784,0.9994343891402715
SPRED1,93,-0.00046268185500069784,0.9995151906916613
EDEM2,93,-0.00046268185500069784,0.9995151906916613
LARP4,93,-0.00046268185500069784,0.9995959922430511
BOD1L1,136,-9.294965387793978e-05,0.9997575953458306
